subject_id,phase,lag_s,correlation
S01,Pre,-10.000000,-0.457357
S01,Pre,-9.500000,-0.247520
S01,Pre,-9.000000,0.000000
S01,Pre,-8.500000,0.247520
S01,Pre,-8.000000,0.457357
S01,Pre,-7.500000,0.597565
S01,Pre,-7.000000,0.646800
S01,Pre,-6.500000,0.597565
S01,Pre,-6.000000,0.457357
S01,Pre,-5.500000,0.247520
S01,Pre,-5.000000,-0.000000
S01,Pre,-4.500000,-0.247520
S01,Pre,-4.000000,-0.457357
S01,Pre,-3.500000,-0.597565
S01,Pre,-3.000000,-0.646800
S01,Pre,-2.500000,-0.597565
S01,Pre,-2.000000,-0.457357
S01,Pre,-1.500000,-0.247520
S01,Pre,-1.000000,0.000000
S01,Pre,-0.500000,0.247520
S01,Pre,0.000000,0.457357
S01,Pre,0.500000,0.597565
S01,Pre,1.000000,0.646800
S01,Pre,1.500000,0.597565
S01,Pre,2.000000,0.457357
S01,Pre,2.500000,0.247520
S01,Pre,3.000000,0.000000
S01,Pre,3.500000,-0.247520
S01,Pre,4.000000,-0.457357
S01,Pre,4.500000,-0.597565
S01,Pre,5.000000,-0.646800
S01,Pre,5.500000,-0.597565
S01,Pre,6.000000,-0.457357
S01,Pre,6.500000,-0.247520
S01,Pre,7.000000,-0.000000
S01,Pre,7.500000,0.247520
S01,Pre,8.000000,0.457357
S01,Pre,8.500000,0.597565
S01,Pre,9.000000,0.646800
S01,Pre,9.500000,0.597565
S01,Pre,10.000000,0.457357
S02,Pre,-10.000000,-0.457357
S02,Pre,-9.500000,-0.247520
S02,Pre,-9.000000,0.000000
S02,Pre,-8.500000,0.247520
S02,Pre,-8.000000,0.457357
S02,Pre,-7.500000,0.597565
S02,Pre,-7.000000,0.646800
S02,Pre,-6.500000,0.597565
S02,Pre,-6.000000,0.457357
S02,Pre,-5.500000,0.247520
S02,Pre,-5.000000,-0.000000
S02,Pre,-4.500000,-0.247520
S02,Pre,-4.000000,-0.457357
S02,Pre,-3.500000,-0.597565
S02,Pre,-3.000000,-0.646800
S02,Pre,-2.500000,-0.597565
S02,Pre,-2.000000,-0.457357
S02,Pre,-1.500000,-0.247520
S02,Pre,-1.000000,0.000000
S02,Pre,-0.500000,0.247520
S02,Pre,0.000000,0.457357
S02,Pre,0.500000,0.597565
S02,Pre,1.000000,0.646800
S02,Pre,1.500000,0.597565
S02,Pre,2.000000,0.457357
S02,Pre,2.500000,0.247520
S02,Pre,3.000000,0.000000
S02,Pre,3.500000,-0.247520
S02,Pre,4.000000,-0.457357
S02,Pre,4.500000,-0.597565
S02,Pre,5.000000,-0.646800
S02,Pre,5.500000,-0.597565
S02,Pre,6.000000,-0.457357
S02,Pre,6.500000,-0.247520
S02,Pre,7.000000,-0.000000
S02,Pre,7.500000,0.247520
S02,Pre,8.000000,0.457357
S02,Pre,8.500000,0.597565
S02,Pre,9.000000,0.646800
S02,Pre,9.500000,0.597565
S02,Pre,10.000000,0.457357
S03,Pre,-10.000000,-0.457357
S03,Pre,-9.500000,-0.247520
S03,Pre,-9.000000,0.000000
S03,Pre,-8.500000,0.247520
S03,Pre,-8.000000,0.457357
S03,Pre,-7.500000,0.597565
S03,Pre,-7.000000,0.646800
S03,Pre,-6.500000,0.597565
S03,Pre,-6.000000,0.457357
S03,Pre,-5.500000,0.247520
S03,Pre,-5.000000,-0.000000
S03,Pre,-4.500000,-0.247520
S03,Pre,-4.000000,-0.457357
S03,Pre,-3.500000,-0.597565
S03,Pre,-3.000000,-0.646800
S03,Pre,-2.500000,-0.597565
S03,Pre,-2.000000,-0.457357
S03,Pre,-1.500000,-0.247520
S03,Pre,-1.000000,0.000000
S03,Pre,-0.500000,0.247520
S03,Pre,0.000000,0.457357
S03,Pre,0.500000,0.597565
S03,Pre,1.000000,0.646800
S03,Pre,1.500000,0.597565
S03,Pre,2.000000,0.457357
S03,Pre,2.500000,0.247520
S03,Pre,3.000000,0.000000
S03,Pre,3.500000,-0.247520
S03,Pre,4.000000,-0.457357
S03,Pre,4.500000,-0.597565
S03,Pre,5.000000,-0.646800
S03,Pre,5.500000,-0.597565
S03,Pre,6.000000,-0.457357
S03,Pre,6.500000,-0.247520
S03,Pre,7.000000,-0.000000
S03,Pre,7.500000,0.247520
S03,Pre,8.000000,0.457357
S03,Pre,8.500000,0.597565
S03,Pre,9.000000,0.646800
S03,Pre,9.500000,0.597565
S03,Pre,10.000000,0.457357
S04,Pre,-10.000000,-0.457357
S04,Pre,-9.500000,-0.247520
S04,Pre,-9.000000,0.000000
S04,Pre,-8.500000,0.247520
S04,Pre,-8.000000,0.457357
S04,Pre,-7.500000,0.597565
S04,Pre,-7.000000,0.646800
S04,Pre,-6.500000,0.597565
S04,Pre,-6.000000,0.457357
S04,Pre,-5.500000,0.247520
S04,Pre,-5.000000,-0.000000
S04,Pre,-4.500000,-0.247520
S04,Pre,-4.000000,-0.457357
S04,Pre,-3.500000,-0.597565
S04,Pre,-3.000000,-0.646800
S04,Pre,-2.500000,-0.597565
S04,Pre,-2.000000,-0.457357
S04,Pre,-1.500000,-0.247520
S04,Pre,-1.000000,0.000000
S04,Pre,-0.500000,0.247520
S04,Pre,0.000000,0.457357
S04,Pre,0.500000,0.597565
S04,Pre,1.000000,0.646800
S04,Pre,1.500000,0.597565
S04,Pre,2.000000,0.457357
S04,Pre,2.500000,0.247520
S04,Pre,3.000000,0.000000
S04,Pre,3.500000,-0.247520
S04,Pre,4.000000,-0.457357
S04,Pre,4.500000,-0.597565
S04,Pre,5.000000,-0.646800
S04,Pre,5.500000,-0.597565
S04,Pre,6.000000,-0.457357
S04,Pre,6.500000,-0.247520
S04,Pre,7.000000,-0.000000
S04,Pre,7.500000,0.247520
S04,Pre,8.000000,0.457357
S04,Pre,8.500000,0.597565
S04,Pre,9.000000,0.646800
S04,Pre,9.500000,0.597565
S04,Pre,10.000000,0.457357
S05,Pre,-10.000000,-0.457357
S05,Pre,-9.500000,-0.247520
S05,Pre,-9.000000,0.000000
S05,Pre,-8.500000,0.247520
S05,Pre,-8.000000,0.457357
S05,Pre,-7.500000,0.597565
S05,Pre,-7.000000,0.646800
S05,Pre,-6.500000,0.597565
S05,Pre,-6.000000,0.457357
S05,Pre,-5.500000,0.247520
S05,Pre,-5.000000,-0.000000
S05,Pre,-4.500000,-0.247520
S05,Pre,-4.000000,-0.457357
S05,Pre,-3.500000,-0.597565
S05,Pre,-3.000000,-0.646800
S05,Pre,-2.500000,-0.597565
S05,Pre,-2.000000,-0.457357
S05,Pre,-1.500000,-0.247520
S05,Pre,-1.000000,0.000000
S05,Pre,-0.500000,0.247520
S05,Pre,0.000000,0.457357
S05,Pre,0.500000,0.597565
S05,Pre,1.000000,0.646800
S05,Pre,1.500000,0.597565
S05,Pre,2.000000,0.457357
S05,Pre,2.500000,0.247520
S05,Pre,3.000000,0.000000
S05,Pre,3.500000,-0.247520
S05,Pre,4.000000,-0.457357
S05,Pre,4.500000,-0.597565
S05,Pre,5.000000,-0.646800
S05,Pre,5.500000,-0.597565
S05,Pre,6.000000,-0.457357
S05,Pre,6.500000,-0.247520
S05,Pre,7.000000,-0.000000
S05,Pre,7.500000,0.247520
S05,Pre,8.000000,0.457357
S05,Pre,8.500000,0.597565
S05,Pre,9.000000,0.646800
S05,Pre,9.500000,0.597565
S05,Pre,10.000000,0.457357
S06,Pre,-10.000000,-0.457357
S06,Pre,-9.500000,-0.247520
S06,Pre,-9.000000,0.000000
S06,Pre,-8.500000,0.247520
S06,Pre,-8.000000,0.457357
S06,Pre,-7.500000,0.597565
S06,Pre,-7.000000,0.646800
S06,Pre,-6.500000,0.597565
S06,Pre,-6.000000,0.457357
S06,Pre,-5.500000,0.247520
S06,Pre,-5.000000,-0.000000
S06,Pre,-4.500000,-0.247520
S06,Pre,-4.000000,-0.457357
S06,Pre,-3.500000,-0.597565
S06,Pre,-3.000000,-0.646800
S06,Pre,-2.500000,-0.597565
S06,Pre,-2.000000,-0.457357
S06,Pre,-1.500000,-0.247520
S06,Pre,-1.000000,0.000000
S06,Pre,-0.500000,0.247520
S06,Pre,0.000000,0.457357
S06,Pre,0.500000,0.597565
S06,Pre,1.000000,0.646800
S06,Pre,1.500000,0.597565
S06,Pre,2.000000,0.457357
S06,Pre,2.500000,0.247520
S06,Pre,3.000000,0.000000
S06,Pre,3.500000,-0.247520
S06,Pre,4.000000,-0.457357
S06,Pre,4.500000,-0.597565
S06,Pre,5.000000,-0.646800
S06,Pre,5.500000,-0.597565
S06,Pre,6.000000,-0.457357
S06,Pre,6.500000,-0.247520
S06,Pre,7.000000,-0.000000
S06,Pre,7.500000,0.247520
S06,Pre,8.000000,0.457357
S06,Pre,8.500000,0.597565
S06,Pre,9.000000,0.646800
S06,Pre,9.500000,0.597565
S06,Pre,10.000000,0.457357
S07,Pre,-10.000000,-0.457357
S07,Pre,-9.500000,-0.247520
S07,Pre,-9.000000,0.000000
S07,Pre,-8.500000,0.247520
S07,Pre,-8.000000,0.457357
S07,Pre,-7.500000,0.597565
S07,Pre,-7.000000,0.646800
S07,Pre,-6.500000,0.597565
S07,Pre,-6.000000,0.457357
S07,Pre,-5.500000,0.247520
S07,Pre,-5.000000,-0.000000
S07,Pre,-4.500000,-0.247520
S07,Pre,-4.000000,-0.457357
S07,Pre,-3.500000,-0.597565
S07,Pre,-3.000000,-0.646800
S07,Pre,-2.500000,-0.597565
S07,Pre,-2.000000,-0.457357
S07,Pre,-1.500000,-0.247520
S07,Pre,-1.000000,0.000000
S07,Pre,-0.500000,0.247520
S07,Pre,0.000000,0.457357
S07,Pre,0.500000,0.597565
S07,Pre,1.000000,0.646800
S07,Pre,1.500000,0.597565
S07,Pre,2.000000,0.457357
S07,Pre,2.500000,0.247520
S07,Pre,3.000000,0.000000
S07,Pre,3.500000,-0.247520
S07,Pre,4.000000,-0.457357
S07,Pre,4.500000,-0.597565
S07,Pre,5.000000,-0.646800
S07,Pre,5.500000,-0.597565
S07,Pre,6.000000,-0.457357
S07,Pre,6.500000,-0.247520
S07,Pre,7.000000,-0.000000
S07,Pre,7.500000,0.247520
S07,Pre,8.000000,0.457357
S07,Pre,8.500000,0.597565
S07,Pre,9.000000,0.646800
S07,Pre,9.500000,0.597565
S07,Pre,10.000000,0.457357
S08,Pre,-10.000000,-0.457357
S08,Pre,-9.500000,-0.247520
S08,Pre,-9.000000,0.000000
S08,Pre,-8.500000,0.247520
S08,Pre,-8.000000,0.457357
S08,Pre,-7.500000,0.597565
S08,Pre,-7.000000,0.646800
S08,Pre,-6.500000,0.597565
S08,Pre,-6.000000,0.457357
S08,Pre,-5.500000,0.247520
S08,Pre,-5.000000,-0.000000
S08,Pre,-4.500000,-0.247520
S08,Pre,-4.000000,-0.457357
S08,Pre,-3.500000,-0.597565
S08,Pre,-3.000000,-0.646800
S08,Pre,-2.500000,-0.597565
S08,Pre,-2.000000,-0.457357
S08,Pre,-1.500000,-0.247520
S08,Pre,-1.000000,0.000000
S08,Pre,-0.500000,0.247520
S08,Pre,0.000000,0.457357
S08,Pre,0.500000,0.597565
S08,Pre,1.000000,0.646800
S08,Pre,1.500000,0.597565
S08,Pre,2.000000,0.457357
S08,Pre,2.500000,0.247520
S08,Pre,3.000000,0.000000
S08,Pre,3.500000,-0.247520
S08,Pre,4.000000,-0.457357
S08,Pre,4.500000,-0.597565
S08,Pre,5.000000,-0.646800
S08,Pre,5.500000,-0.597565
S08,Pre,6.000000,-0.457357
S08,Pre,6.500000,-0.247520
S08,Pre,7.000000,-0.000000
S08,Pre,7.500000,0.247520
S08,Pre,8.000000,0.457357
S08,Pre,8.500000,0.597565
S08,Pre,9.000000,0.646800
S08,Pre,9.500000,0.597565
S08,Pre,10.000000,0.457357
S09,Pre,-10.000000,-0.457357
S09,Pre,-9.500000,-0.247520
S09,Pre,-9.000000,0.000000
S09,Pre,-8.500000,0.247520
S09,Pre,-8.000000,0.457357
S09,Pre,-7.500000,0.597565
S09,Pre,-7.000000,0.646800
S09,Pre,-6.500000,0.597565
S09,Pre,-6.000000,0.457357
S09,Pre,-5.500000,0.247520
S09,Pre,-5.000000,-0.000000
S09,Pre,-4.500000,-0.247520
S09,Pre,-4.000000,-0.457357
S09,Pre,-3.500000,-0.597565
S09,Pre,-3.000000,-0.646800
S09,Pre,-2.500000,-0.597565
S09,Pre,-2.000000,-0.457357
S09,Pre,-1.500000,-0.247520
S09,Pre,-1.000000,0.000000
S09,Pre,-0.500000,0.247520
S09,Pre,0.000000,0.457357
S09,Pre,0.500000,0.597565
S09,Pre,1.000000,0.646800
S09,Pre,1.500000,0.597565
S09,Pre,2.000000,0.457357
S09,Pre,2.500000,0.247520
S09,Pre,3.000000,0.000000
S09,Pre,3.500000,-0.247520
S09,Pre,4.000000,-0.457357
S09,Pre,4.500000,-0.597565
S09,Pre,5.000000,-0.646800
S09,Pre,5.500000,-0.597565
S09,Pre,6.000000,-0.457357
S09,Pre,6.500000,-0.247520
S09,Pre,7.000000,-0.000000
S09,Pre,7.500000,0.247520
S09,Pre,8.000000,0.457357
S09,Pre,8.500000,0.597565
S09,Pre,9.000000,0.646800
S09,Pre,9.500000,0.597565
S09,Pre,10.000000,0.457357
S10,Pre,-10.000000,-0.457357
S10,Pre,-9.500000,-0.247520
S10,Pre,-9.000000,0.000000
S10,Pre,-8.500000,0.247520
S10,Pre,-8.000000,0.457357
S10,Pre,-7.500000,0.597565
S10,Pre,-7.000000,0.646800
S10,Pre,-6.500000,0.597565
S10,Pre,-6.000000,0.457357
S10,Pre,-5.500000,0.247520
S10,Pre,-5.000000,-0.000000
S10,Pre,-4.500000,-0.247520
S10,Pre,-4.000000,-0.457357
S10,Pre,-3.500000,-0.597565
S10,Pre,-3.000000,-0.646800
S10,Pre,-2.500000,-0.597565
S10,Pre,-2.000000,-0.457357
S10,Pre,-1.500000,-0.247520
S10,Pre,-1.000000,0.000000
S10,Pre,-0.500000,0.247520
S10,Pre,0.000000,0.457357
S10,Pre,0.500000,0.597565
S10,Pre,1.000000,0.646800
S10,Pre,1.500000,0.597565
S10,Pre,2.000000,0.457357
S10,Pre,2.500000,0.247520
S10,Pre,3.000000,0.000000
S10,Pre,3.500000,-0.247520
S10,Pre,4.000000,-0.457357
S10,Pre,4.500000,-0.597565
S10,Pre,5.000000,-0.646800
S10,Pre,5.500000,-0.597565
S10,Pre,6.000000,-0.457357
S10,Pre,6.500000,-0.247520
S10,Pre,7.000000,-0.000000
S10,Pre,7.500000,0.247520
S10,Pre,8.000000,0.457357
S10,Pre,8.500000,0.597565
S10,Pre,9.000000,0.646800
S10,Pre,9.500000,0.597565
S10,Pre,10.000000,0.457357
S11,Pre,-10.000000,-0.457357
S11,Pre,-9.500000,-0.247520
S11,Pre,-9.000000,0.000000
S11,Pre,-8.500000,0.247520
S11,Pre,-8.000000,0.457357
S11,Pre,-7.500000,0.597565
S11,Pre,-7.000000,0.646800
S11,Pre,-6.500000,0.597565
S11,Pre,-6.000000,0.457357
S11,Pre,-5.500000,0.247520
S11,Pre,-5.000000,-0.000000
S11,Pre,-4.500000,-0.247520
S11,Pre,-4.000000,-0.457357
S11,Pre,-3.500000,-0.597565
S11,Pre,-3.000000,-0.646800
S11,Pre,-2.500000,-0.597565
S11,Pre,-2.000000,-0.457357
S11,Pre,-1.500000,-0.247520
S11,Pre,-1.000000,0.000000
S11,Pre,-0.500000,0.247520
S11,Pre,0.000000,0.457357
S11,Pre,0.500000,0.597565
S11,Pre,1.000000,0.646800
S11,Pre,1.500000,0.597565
S11,Pre,2.000000,0.457357
S11,Pre,2.500000,0.247520
S11,Pre,3.000000,0.000000
S11,Pre,3.500000,-0.247520
S11,Pre,4.000000,-0.457357
S11,Pre,4.500000,-0.597565
S11,Pre,5.000000,-0.646800
S11,Pre,5.500000,-0.597565
S11,Pre,6.000000,-0.457357
S11,Pre,6.500000,-0.247520
S11,Pre,7.000000,-0.000000
S11,Pre,7.500000,0.247520
S11,Pre,8.000000,0.457357
S11,Pre,8.500000,0.597565
S11,Pre,9.000000,0.646800
S11,Pre,9.500000,0.597565
S11,Pre,10.000000,0.457357
S12,Pre,-10.000000,-0.457357
S12,Pre,-9.500000,-0.247520
S12,Pre,-9.000000,0.000000
S12,Pre,-8.500000,0.247520
S12,Pre,-8.000000,0.457357
S12,Pre,-7.500000,0.597565
S12,Pre,-7.000000,0.646800
S12,Pre,-6.500000,0.597565
S12,Pre,-6.000000,0.457357
S12,Pre,-5.500000,0.247520
S12,Pre,-5.000000,-0.000000
S12,Pre,-4.500000,-0.247520
S12,Pre,-4.000000,-0.457357
S12,Pre,-3.500000,-0.597565
S12,Pre,-3.000000,-0.646800
S12,Pre,-2.500000,-0.597565
S12,Pre,-2.000000,-0.457357
S12,Pre,-1.500000,-0.247520
S12,Pre,-1.000000,0.000000
S12,Pre,-0.500000,0.247520
S12,Pre,0.000000,0.457357
S12,Pre,0.500000,0.597565
S12,Pre,1.000000,0.646800
S12,Pre,1.500000,0.597565
S12,Pre,2.000000,0.457357
S12,Pre,2.500000,0.247520
S12,Pre,3.000000,0.000000
S12,Pre,3.500000,-0.247520
S12,Pre,4.000000,-0.457357
S12,Pre,4.500000,-0.597565
S12,Pre,5.000000,-0.646800
S12,Pre,5.500000,-0.597565
S12,Pre,6.000000,-0.457357
S12,Pre,6.500000,-0.247520
S12,Pre,7.000000,-0.000000
S12,Pre,7.500000,0.247520
S12,Pre,8.000000,0.457357
S12,Pre,8.500000,0.597565
S12,Pre,9.000000,0.646800
S12,Pre,9.500000,0.597565
S12,Pre,10.000000,0.457357
S13,Pre,-10.000000,-0.457357
S13,Pre,-9.500000,-0.247520
S13,Pre,-9.000000,0.000000
S13,Pre,-8.500000,0.247520
S13,Pre,-8.000000,0.457357
S13,Pre,-7.500000,0.597565
S13,Pre,-7.000000,0.646800
S13,Pre,-6.500000,0.597565
S13,Pre,-6.000000,0.457357
S13,Pre,-5.500000,0.247520
S13,Pre,-5.000000,-0.000000
S13,Pre,-4.500000,-0.247520
S13,Pre,-4.000000,-0.457357
S13,Pre,-3.500000,-0.597565
S13,Pre,-3.000000,-0.646800
S13,Pre,-2.500000,-0.597565
S13,Pre,-2.000000,-0.457357
S13,Pre,-1.500000,-0.247520
S13,Pre,-1.000000,0.000000
S13,Pre,-0.500000,0.247520
S13,Pre,0.000000,0.457357
S13,Pre,0.500000,0.597565
S13,Pre,1.000000,0.646800
S13,Pre,1.500000,0.597565
S13,Pre,2.000000,0.457357
S13,Pre,2.500000,0.247520
S13,Pre,3.000000,0.000000
S13,Pre,3.500000,-0.247520
S13,Pre,4.000000,-0.457357
S13,Pre,4.500000,-0.597565
S13,Pre,5.000000,-0.646800
S13,Pre,5.500000,-0.597565
S13,Pre,6.000000,-0.457357
S13,Pre,6.500000,-0.247520
S13,Pre,7.000000,-0.000000
S13,Pre,7.500000,0.247520
S13,Pre,8.000000,0.457357
S13,Pre,8.500000,0.597565
S13,Pre,9.000000,0.646800
S13,Pre,9.500000,0.597565
S13,Pre,10.000000,0.457357
S14,Pre,-10.000000,-0.457357
S14,Pre,-9.500000,-0.247520
S14,Pre,-9.000000,0.000000
S14,Pre,-8.500000,0.247520
S14,Pre,-8.000000,0.457357
S14,Pre,-7.500000,0.597565
S14,Pre,-7.000000,0.646800
S14,Pre,-6.500000,0.597565
S14,Pre,-6.000000,0.457357
S14,Pre,-5.500000,0.247520
S14,Pre,-5.000000,-0.000000
S14,Pre,-4.500000,-0.247520
S14,Pre,-4.000000,-0.457357
S14,Pre,-3.500000,-0.597565
S14,Pre,-3.000000,-0.646800
S14,Pre,-2.500000,-0.597565
S14,Pre,-2.000000,-0.457357
S14,Pre,-1.500000,-0.247520
S14,Pre,-1.000000,0.000000
S14,Pre,-0.500000,0.247520
S14,Pre,0.000000,0.457357
S14,Pre,0.500000,0.597565
S14,Pre,1.000000,0.646800
S14,Pre,1.500000,0.597565
S14,Pre,2.000000,0.457357
S14,Pre,2.500000,0.247520
S14,Pre,3.000000,0.000000
S14,Pre,3.500000,-0.247520
S14,Pre,4.000000,-0.457357
S14,Pre,4.500000,-0.597565
S14,Pre,5.000000,-0.646800
S14,Pre,5.500000,-0.597565
S14,Pre,6.000000,-0.457357
S14,Pre,6.500000,-0.247520
S14,Pre,7.000000,-0.000000
S14,Pre,7.500000,0.247520
S14,Pre,8.000000,0.457357
S14,Pre,8.500000,0.597565
S14,Pre,9.000000,0.646800
S14,Pre,9.500000,0.597565
S14,Pre,10.000000,0.457357
S15,Pre,-10.000000,-0.457357
S15,Pre,-9.500000,-0.247520
S15,Pre,-9.000000,0.000000
S15,Pre,-8.500000,0.247520
S15,Pre,-8.000000,0.457357
S15,Pre,-7.500000,0.597565
S15,Pre,-7.000000,0.646800
S15,Pre,-6.500000,0.597565
S15,Pre,-6.000000,0.457357
S15,Pre,-5.500000,0.247520
S15,Pre,-5.000000,-0.000000
S15,Pre,-4.500000,-0.247520
S15,Pre,-4.000000,-0.457357
S15,Pre,-3.500000,-0.597565
S15,Pre,-3.000000,-0.646800
S15,Pre,-2.500000,-0.597565
S15,Pre,-2.000000,-0.457357
S15,Pre,-1.500000,-0.247520
S15,Pre,-1.000000,0.000000
S15,Pre,-0.500000,0.247520
S15,Pre,0.000000,0.457357
S15,Pre,0.500000,0.597565
S15,Pre,1.000000,0.646800
S15,Pre,1.500000,0.597565
S15,Pre,2.000000,0.457357
S15,Pre,2.500000,0.247520
S15,Pre,3.000000,0.000000
S15,Pre,3.500000,-0.247520
S15,Pre,4.000000,-0.457357
S15,Pre,4.500000,-0.597565
S15,Pre,5.000000,-0.646800
S15,Pre,5.500000,-0.597565
S15,Pre,6.000000,-0.457357
S15,Pre,6.500000,-0.247520
S15,Pre,7.000000,-0.000000
S15,Pre,7.500000,0.247520
S15,Pre,8.000000,0.457357
S15,Pre,8.500000,0.597565
S15,Pre,9.000000,0.646800
S15,Pre,9.500000,0.597565
S15,Pre,10.000000,0.457357
S16,Pre,-10.000000,-0.457357
S16,Pre,-9.500000,-0.247520
S16,Pre,-9.000000,0.000000
S16,Pre,-8.500000,0.247520
S16,Pre,-8.000000,0.457357
S16,Pre,-7.500000,0.597565
S16,Pre,-7.000000,0.646800
S16,Pre,-6.500000,0.597565
S16,Pre,-6.000000,0.457357
S16,Pre,-5.500000,0.247520
S16,Pre,-5.000000,-0.000000
S16,Pre,-4.500000,-0.247520
S16,Pre,-4.000000,-0.457357
S16,Pre,-3.500000,-0.597565
S16,Pre,-3.000000,-0.646800
S16,Pre,-2.500000,-0.597565
S16,Pre,-2.000000,-0.457357
S16,Pre,-1.500000,-0.247520
S16,Pre,-1.000000,0.000000
S16,Pre,-0.500000,0.247520
S16,Pre,0.000000,0.457357
S16,Pre,0.500000,0.597565
S16,Pre,1.000000,0.646800
S16,Pre,1.500000,0.597565
S16,Pre,2.000000,0.457357
S16,Pre,2.500000,0.247520
S16,Pre,3.000000,0.000000
S16,Pre,3.500000,-0.247520
S16,Pre,4.000000,-0.457357
S16,Pre,4.500000,-0.597565
S16,Pre,5.000000,-0.646800
S16,Pre,5.500000,-0.597565
S16,Pre,6.000000,-0.457357
S16,Pre,6.500000,-0.247520
S16,Pre,7.000000,-0.000000
S16,Pre,7.500000,0.247520
S16,Pre,8.000000,0.457357
S16,Pre,8.500000,0.597565
S16,Pre,9.000000,0.646800
S16,Pre,9.500000,0.597565
S16,Pre,10.000000,0.457357
S17,Pre,-10.000000,-0.457357
S17,Pre,-9.500000,-0.247520
S17,Pre,-9.000000,0.000000
S17,Pre,-8.500000,0.247520
S17,Pre,-8.000000,0.457357
S17,Pre,-7.500000,0.597565
S17,Pre,-7.000000,0.646800
S17,Pre,-6.500000,0.597565
S17,Pre,-6.000000,0.457357
S17,Pre,-5.500000,0.247520
S17,Pre,-5.000000,-0.000000
S17,Pre,-4.500000,-0.247520
S17,Pre,-4.000000,-0.457357
S17,Pre,-3.500000,-0.597565
S17,Pre,-3.000000,-0.646800
S17,Pre,-2.500000,-0.597565
S17,Pre,-2.000000,-0.457357
S17,Pre,-1.500000,-0.247520
S17,Pre,-1.000000,0.000000
S17,Pre,-0.500000,0.247520
S17,Pre,0.000000,0.457357
S17,Pre,0.500000,0.597565
S17,Pre,1.000000,0.646800
S17,Pre,1.500000,0.597565
S17,Pre,2.000000,0.457357
S17,Pre,2.500000,0.247520
S17,Pre,3.000000,0.000000
S17,Pre,3.500000,-0.247520
S17,Pre,4.000000,-0.457357
S17,Pre,4.500000,-0.597565
S17,Pre,5.000000,-0.646800
S17,Pre,5.500000,-0.597565
S17,Pre,6.000000,-0.457357
S17,Pre,6.500000,-0.247520
S17,Pre,7.000000,-0.000000
S17,Pre,7.500000,0.247520
S17,Pre,8.000000,0.457357
S17,Pre,8.500000,0.597565
S17,Pre,9.000000,0.646800
S17,Pre,9.500000,0.597565
S17,Pre,10.000000,0.457357
S18,Pre,-10.000000,-0.457357
S18,Pre,-9.500000,-0.247520
S18,Pre,-9.000000,0.000000
S18,Pre,-8.500000,0.247520
S18,Pre,-8.000000,0.457357
S18,Pre,-7.500000,0.597565
S18,Pre,-7.000000,0.646800
S18,Pre,-6.500000,0.597565
S18,Pre,-6.000000,0.457357
S18,Pre,-5.500000,0.247520
S18,Pre,-5.000000,-0.000000
S18,Pre,-4.500000,-0.247520
S18,Pre,-4.000000,-0.457357
S18,Pre,-3.500000,-0.597565
S18,Pre,-3.000000,-0.646800
S18,Pre,-2.500000,-0.597565
S18,Pre,-2.000000,-0.457357
S18,Pre,-1.500000,-0.247520
S18,Pre,-1.000000,0.000000
S18,Pre,-0.500000,0.247520
S18,Pre,0.000000,0.457357
S18,Pre,0.500000,0.597565
S18,Pre,1.000000,0.646800
S18,Pre,1.500000,0.597565
S18,Pre,2.000000,0.457357
S18,Pre,2.500000,0.247520
S18,Pre,3.000000,0.000000
S18,Pre,3.500000,-0.247520
S18,Pre,4.000000,-0.457357
S18,Pre,4.500000,-0.597565
S18,Pre,5.000000,-0.646800
S18,Pre,5.500000,-0.597565
S18,Pre,6.000000,-0.457357
S18,Pre,6.500000,-0.247520
S18,Pre,7.000000,-0.000000
S18,Pre,7.500000,0.247520
S18,Pre,8.000000,0.457357
S18,Pre,8.500000,0.597565
S18,Pre,9.000000,0.646800
S18,Pre,9.500000,0.597565
S18,Pre,10.000000,0.457357
S01,Stim,-10.000000,-0.504874
S01,Stim,-9.500000,-0.273236
S01,Stim,-9.000000,0.000000
S01,Stim,-8.500000,0.273236
S01,Stim,-8.000000,0.504874
S01,Stim,-7.500000,0.659650
S01,Stim,-7.000000,0.714000
S01,Stim,-6.500000,0.659650
S01,Stim,-6.000000,0.504874
S01,Stim,-5.500000,0.273236
S01,Stim,-5.000000,-0.000000
S01,Stim,-4.500000,-0.273236
S01,Stim,-4.000000,-0.504874
S01,Stim,-3.500000,-0.659650
S01,Stim,-3.000000,-0.714000
S01,Stim,-2.500000,-0.659650
S01,Stim,-2.000000,-0.504874
S01,Stim,-1.500000,-0.273236
S01,Stim,-1.000000,0.000000
S01,Stim,-0.500000,0.273236
S01,Stim,0.000000,0.504874
S01,Stim,0.500000,0.659650
S01,Stim,1.000000,0.714000
S01,Stim,1.500000,0.659650
S01,Stim,2.000000,0.504874
S01,Stim,2.500000,0.273236
S01,Stim,3.000000,0.000000
S01,Stim,3.500000,-0.273236
S01,Stim,4.000000,-0.504874
S01,Stim,4.500000,-0.659650
S01,Stim,5.000000,-0.714000
S01,Stim,5.500000,-0.659650
S01,Stim,6.000000,-0.504874
S01,Stim,6.500000,-0.273236
S01,Stim,7.000000,-0.000000
S01,Stim,7.500000,0.273236
S01,Stim,8.000000,0.504874
S01,Stim,8.500000,0.659650
S01,Stim,9.000000,0.714000
S01,Stim,9.500000,0.659650
S01,Stim,10.000000,0.504874
S02,Stim,-10.000000,-0.504874
S02,Stim,-9.500000,-0.273236
S02,Stim,-9.000000,0.000000
S02,Stim,-8.500000,0.273236
S02,Stim,-8.000000,0.504874
S02,Stim,-7.500000,0.659650
S02,Stim,-7.000000,0.714000
S02,Stim,-6.500000,0.659650
S02,Stim,-6.000000,0.504874
S02,Stim,-5.500000,0.273236
S02,Stim,-5.000000,-0.000000
S02,Stim,-4.500000,-0.273236
S02,Stim,-4.000000,-0.504874
S02,Stim,-3.500000,-0.659650
S02,Stim,-3.000000,-0.714000
S02,Stim,-2.500000,-0.659650
S02,Stim,-2.000000,-0.504874
S02,Stim,-1.500000,-0.273236
S02,Stim,-1.000000,0.000000
S02,Stim,-0.500000,0.273236
S02,Stim,0.000000,0.504874
S02,Stim,0.500000,0.659650
S02,Stim,1.000000,0.714000
S02,Stim,1.500000,0.659650
S02,Stim,2.000000,0.504874
S02,Stim,2.500000,0.273236
S02,Stim,3.000000,0.000000
S02,Stim,3.500000,-0.273236
S02,Stim,4.000000,-0.504874
S02,Stim,4.500000,-0.659650
S02,Stim,5.000000,-0.714000
S02,Stim,5.500000,-0.659650
S02,Stim,6.000000,-0.504874
S02,Stim,6.500000,-0.273236
S02,Stim,7.000000,-0.000000
S02,Stim,7.500000,0.273236
S02,Stim,8.000000,0.504874
S02,Stim,8.500000,0.659650
S02,Stim,9.000000,0.714000
S02,Stim,9.500000,0.659650
S02,Stim,10.000000,0.504874
S03,Stim,-10.000000,-0.504874
S03,Stim,-9.500000,-0.273236
S03,Stim,-9.000000,0.000000
S03,Stim,-8.500000,0.273236
S03,Stim,-8.000000,0.504874
S03,Stim,-7.500000,0.659650
S03,Stim,-7.000000,0.714000
S03,Stim,-6.500000,0.659650
S03,Stim,-6.000000,0.504874
S03,Stim,-5.500000,0.273236
S03,Stim,-5.000000,-0.000000
S03,Stim,-4.500000,-0.273236
S03,Stim,-4.000000,-0.504874
S03,Stim,-3.500000,-0.659650
S03,Stim,-3.000000,-0.714000
S03,Stim,-2.500000,-0.659650
S03,Stim,-2.000000,-0.504874
S03,Stim,-1.500000,-0.273236
S03,Stim,-1.000000,0.000000
S03,Stim,-0.500000,0.273236
S03,Stim,0.000000,0.504874
S03,Stim,0.500000,0.659650
S03,Stim,1.000000,0.714000
S03,Stim,1.500000,0.659650
S03,Stim,2.000000,0.504874
S03,Stim,2.500000,0.273236
S03,Stim,3.000000,0.000000
S03,Stim,3.500000,-0.273236
S03,Stim,4.000000,-0.504874
S03,Stim,4.500000,-0.659650
S03,Stim,5.000000,-0.714000
S03,Stim,5.500000,-0.659650
S03,Stim,6.000000,-0.504874
S03,Stim,6.500000,-0.273236
S03,Stim,7.000000,-0.000000
S03,Stim,7.500000,0.273236
S03,Stim,8.000000,0.504874
S03,Stim,8.500000,0.659650
S03,Stim,9.000000,0.714000
S03,Stim,9.500000,0.659650
S03,Stim,10.000000,0.504874
S04,Stim,-10.000000,-0.504874
S04,Stim,-9.500000,-0.273236
S04,Stim,-9.000000,0.000000
S04,Stim,-8.500000,0.273236
S04,Stim,-8.000000,0.504874
S04,Stim,-7.500000,0.659650
S04,Stim,-7.000000,0.714000
S04,Stim,-6.500000,0.659650
S04,Stim,-6.000000,0.504874
S04,Stim,-5.500000,0.273236
S04,Stim,-5.000000,-0.000000
S04,Stim,-4.500000,-0.273236
S04,Stim,-4.000000,-0.504874
S04,Stim,-3.500000,-0.659650
S04,Stim,-3.000000,-0.714000
S04,Stim,-2.500000,-0.659650
S04,Stim,-2.000000,-0.504874
S04,Stim,-1.500000,-0.273236
S04,Stim,-1.000000,0.000000
S04,Stim,-0.500000,0.273236
S04,Stim,0.000000,0.504874
S04,Stim,0.500000,0.659650
S04,Stim,1.000000,0.714000
S04,Stim,1.500000,0.659650
S04,Stim,2.000000,0.504874
S04,Stim,2.500000,0.273236
S04,Stim,3.000000,0.000000
S04,Stim,3.500000,-0.273236
S04,Stim,4.000000,-0.504874
S04,Stim,4.500000,-0.659650
S04,Stim,5.000000,-0.714000
S04,Stim,5.500000,-0.659650
S04,Stim,6.000000,-0.504874
S04,Stim,6.500000,-0.273236
S04,Stim,7.000000,-0.000000
S04,Stim,7.500000,0.273236
S04,Stim,8.000000,0.504874
S04,Stim,8.500000,0.659650
S04,Stim,9.000000,0.714000
S04,Stim,9.500000,0.659650
S04,Stim,10.000000,0.504874
S05,Stim,-10.000000,-0.504874
S05,Stim,-9.500000,-0.273236
S05,Stim,-9.000000,0.000000
S05,Stim,-8.500000,0.273236
S05,Stim,-8.000000,0.504874
S05,Stim,-7.500000,0.659650
S05,Stim,-7.000000,0.714000
S05,Stim,-6.500000,0.659650
S05,Stim,-6.000000,0.504874
S05,Stim,-5.500000,0.273236
S05,Stim,-5.000000,-0.000000
S05,Stim,-4.500000,-0.273236
S05,Stim,-4.000000,-0.504874
S05,Stim,-3.500000,-0.659650
S05,Stim,-3.000000,-0.714000
S05,Stim,-2.500000,-0.659650
S05,Stim,-2.000000,-0.504874
S05,Stim,-1.500000,-0.273236
S05,Stim,-1.000000,0.000000
S05,Stim,-0.500000,0.273236
S05,Stim,0.000000,0.504874
S05,Stim,0.500000,0.659650
S05,Stim,1.000000,0.714000
S05,Stim,1.500000,0.659650
S05,Stim,2.000000,0.504874
S05,Stim,2.500000,0.273236
S05,Stim,3.000000,0.000000
S05,Stim,3.500000,-0.273236
S05,Stim,4.000000,-0.504874
S05,Stim,4.500000,-0.659650
S05,Stim,5.000000,-0.714000
S05,Stim,5.500000,-0.659650
S05,Stim,6.000000,-0.504874
S05,Stim,6.500000,-0.273236
S05,Stim,7.000000,-0.000000
S05,Stim,7.500000,0.273236
S05,Stim,8.000000,0.504874
S05,Stim,8.500000,0.659650
S05,Stim,9.000000,0.714000
S05,Stim,9.500000,0.659650
S05,Stim,10.000000,0.504874
S06,Stim,-10.000000,-0.504874
S06,Stim,-9.500000,-0.273236
S06,Stim,-9.000000,0.000000
S06,Stim,-8.500000,0.273236
S06,Stim,-8.000000,0.504874
S06,Stim,-7.500000,0.659650
S06,Stim,-7.000000,0.714000
S06,Stim,-6.500000,0.659650
S06,Stim,-6.000000,0.504874
S06,Stim,-5.500000,0.273236
S06,Stim,-5.000000,-0.000000
S06,Stim,-4.500000,-0.273236
S06,Stim,-4.000000,-0.504874
S06,Stim,-3.500000,-0.659650
S06,Stim,-3.000000,-0.714000
S06,Stim,-2.500000,-0.659650
S06,Stim,-2.000000,-0.504874
S06,Stim,-1.500000,-0.273236
S06,Stim,-1.000000,0.000000
S06,Stim,-0.500000,0.273236
S06,Stim,0.000000,0.504874
S06,Stim,0.500000,0.659650
S06,Stim,1.000000,0.714000
S06,Stim,1.500000,0.659650
S06,Stim,2.000000,0.504874
S06,Stim,2.500000,0.273236
S06,Stim,3.000000,0.000000
S06,Stim,3.500000,-0.273236
S06,Stim,4.000000,-0.504874
S06,Stim,4.500000,-0.659650
S06,Stim,5.000000,-0.714000
S06,Stim,5.500000,-0.659650
S06,Stim,6.000000,-0.504874
S06,Stim,6.500000,-0.273236
S06,Stim,7.000000,-0.000000
S06,Stim,7.500000,0.273236
S06,Stim,8.000000,0.504874
S06,Stim,8.500000,0.659650
S06,Stim,9.000000,0.714000
S06,Stim,9.500000,0.659650
S06,Stim,10.000000,0.504874
S07,Stim,-10.000000,-0.504874
S07,Stim,-9.500000,-0.273236
S07,Stim,-9.000000,0.000000
S07,Stim,-8.500000,0.273236
S07,Stim,-8.000000,0.504874
S07,Stim,-7.500000,0.659650
S07,Stim,-7.000000,0.714000
S07,Stim,-6.500000,0.659650
S07,Stim,-6.000000,0.504874
S07,Stim,-5.500000,0.273236
S07,Stim,-5.000000,-0.000000
S07,Stim,-4.500000,-0.273236
S07,Stim,-4.000000,-0.504874
S07,Stim,-3.500000,-0.659650
S07,Stim,-3.000000,-0.714000
S07,Stim,-2.500000,-0.659650
S07,Stim,-2.000000,-0.504874
S07,Stim,-1.500000,-0.273236
S07,Stim,-1.000000,0.000000
S07,Stim,-0.500000,0.273236
S07,Stim,0.000000,0.504874
S07,Stim,0.500000,0.659650
S07,Stim,1.000000,0.714000
S07,Stim,1.500000,0.659650
S07,Stim,2.000000,0.504874
S07,Stim,2.500000,0.273236
S07,Stim,3.000000,0.000000
S07,Stim,3.500000,-0.273236
S07,Stim,4.000000,-0.504874
S07,Stim,4.500000,-0.659650
S07,Stim,5.000000,-0.714000
S07,Stim,5.500000,-0.659650
S07,Stim,6.000000,-0.504874
S07,Stim,6.500000,-0.273236
S07,Stim,7.000000,-0.000000
S07,Stim,7.500000,0.273236
S07,Stim,8.000000,0.504874
S07,Stim,8.500000,0.659650
S07,Stim,9.000000,0.714000
S07,Stim,9.500000,0.659650
S07,Stim,10.000000,0.504874
S08,Stim,-10.000000,-0.504874
S08,Stim,-9.500000,-0.273236
S08,Stim,-9.000000,0.000000
S08,Stim,-8.500000,0.273236
S08,Stim,-8.000000,0.504874
S08,Stim,-7.500000,0.659650
S08,Stim,-7.000000,0.714000
S08,Stim,-6.500000,0.659650
S08,Stim,-6.000000,0.504874
S08,Stim,-5.500000,0.273236
S08,Stim,-5.000000,-0.000000
S08,Stim,-4.500000,-0.273236
S08,Stim,-4.000000,-0.504874
S08,Stim,-3.500000,-0.659650
S08,Stim,-3.000000,-0.714000
S08,Stim,-2.500000,-0.659650
S08,Stim,-2.000000,-0.504874
S08,Stim,-1.500000,-0.273236
S08,Stim,-1.000000,0.000000
S08,Stim,-0.500000,0.273236
S08,Stim,0.000000,0.504874
S08,Stim,0.500000,0.659650
S08,Stim,1.000000,0.714000
S08,Stim,1.500000,0.659650
S08,Stim,2.000000,0.504874
S08,Stim,2.500000,0.273236
S08,Stim,3.000000,0.000000
S08,Stim,3.500000,-0.273236
S08,Stim,4.000000,-0.504874
S08,Stim,4.500000,-0.659650
S08,Stim,5.000000,-0.714000
S08,Stim,5.500000,-0.659650
S08,Stim,6.000000,-0.504874
S08,Stim,6.500000,-0.273236
S08,Stim,7.000000,-0.000000
S08,Stim,7.500000,0.273236
S08,Stim,8.000000,0.504874
S08,Stim,8.500000,0.659650
S08,Stim,9.000000,0.714000
S08,Stim,9.500000,0.659650
S08,Stim,10.000000,0.504874
S09,Stim,-10.000000,-0.504874
S09,Stim,-9.500000,-0.273236
S09,Stim,-9.000000,0.000000
S09,Stim,-8.500000,0.273236
S09,Stim,-8.000000,0.504874
S09,Stim,-7.500000,0.659650
S09,Stim,-7.000000,0.714000
S09,Stim,-6.500000,0.659650
S09,Stim,-6.000000,0.504874
S09,Stim,-5.500000,0.273236
S09,Stim,-5.000000,-0.000000
S09,Stim,-4.500000,-0.273236
S09,Stim,-4.000000,-0.504874
S09,Stim,-3.500000,-0.659650
S09,Stim,-3.000000,-0.714000
S09,Stim,-2.500000,-0.659650
S09,Stim,-2.000000,-0.504874
S09,Stim,-1.500000,-0.273236
S09,Stim,-1.000000,0.000000
S09,Stim,-0.500000,0.273236
S09,Stim,0.000000,0.504874
S09,Stim,0.500000,0.659650
S09,Stim,1.000000,0.714000
S09,Stim,1.500000,0.659650
S09,Stim,2.000000,0.504874
S09,Stim,2.500000,0.273236
S09,Stim,3.000000,0.000000
S09,Stim,3.500000,-0.273236
S09,Stim,4.000000,-0.504874
S09,Stim,4.500000,-0.659650
S09,Stim,5.000000,-0.714000
S09,Stim,5.500000,-0.659650
S09,Stim,6.000000,-0.504874
S09,Stim,6.500000,-0.273236
S09,Stim,7.000000,-0.000000
S09,Stim,7.500000,0.273236
S09,Stim,8.000000,0.504874
S09,Stim,8.500000,0.659650
S09,Stim,9.000000,0.714000
S09,Stim,9.500000,0.659650
S09,Stim,10.000000,0.504874
S10,Stim,-10.000000,-0.504874
S10,Stim,-9.500000,-0.273236
S10,Stim,-9.000000,0.000000
S10,Stim,-8.500000,0.273236
S10,Stim,-8.000000,0.504874
S10,Stim,-7.500000,0.659650
S10,Stim,-7.000000,0.714000
S10,Stim,-6.500000,0.659650
S10,Stim,-6.000000,0.504874
S10,Stim,-5.500000,0.273236
S10,Stim,-5.000000,-0.000000
S10,Stim,-4.500000,-0.273236
S10,Stim,-4.000000,-0.504874
S10,Stim,-3.500000,-0.659650
S10,Stim,-3.000000,-0.714000
S10,Stim,-2.500000,-0.659650
S10,Stim,-2.000000,-0.504874
S10,Stim,-1.500000,-0.273236
S10,Stim,-1.000000,0.000000
S10,Stim,-0.500000,0.273236
S10,Stim,0.000000,0.504874
S10,Stim,0.500000,0.659650
S10,Stim,1.000000,0.714000
S10,Stim,1.500000,0.659650
S10,Stim,2.000000,0.504874
S10,Stim,2.500000,0.273236
S10,Stim,3.000000,0.000000
S10,Stim,3.500000,-0.273236
S10,Stim,4.000000,-0.504874
S10,Stim,4.500000,-0.659650
S10,Stim,5.000000,-0.714000
S10,Stim,5.500000,-0.659650
S10,Stim,6.000000,-0.504874
S10,Stim,6.500000,-0.273236
S10,Stim,7.000000,-0.000000
S10,Stim,7.500000,0.273236
S10,Stim,8.000000,0.504874
S10,Stim,8.500000,0.659650
S10,Stim,9.000000,0.714000
S10,Stim,9.500000,0.659650
S10,Stim,10.000000,0.504874
S11,Stim,-10.000000,-0.504874
S11,Stim,-9.500000,-0.273236
S11,Stim,-9.000000,0.000000
S11,Stim,-8.500000,0.273236
S11,Stim,-8.000000,0.504874
S11,Stim,-7.500000,0.659650
S11,Stim,-7.000000,0.714000
S11,Stim,-6.500000,0.659650
S11,Stim,-6.000000,0.504874
S11,Stim,-5.500000,0.273236
S11,Stim,-5.000000,-0.000000
S11,Stim,-4.500000,-0.273236
S11,Stim,-4.000000,-0.504874
S11,Stim,-3.500000,-0.659650
S11,Stim,-3.000000,-0.714000
S11,Stim,-2.500000,-0.659650
S11,Stim,-2.000000,-0.504874
S11,Stim,-1.500000,-0.273236
S11,Stim,-1.000000,0.000000
S11,Stim,-0.500000,0.273236
S11,Stim,0.000000,0.504874
S11,Stim,0.500000,0.659650
S11,Stim,1.000000,0.714000
S11,Stim,1.500000,0.659650
S11,Stim,2.000000,0.504874
S11,Stim,2.500000,0.273236
S11,Stim,3.000000,0.000000
S11,Stim,3.500000,-0.273236
S11,Stim,4.000000,-0.504874
S11,Stim,4.500000,-0.659650
S11,Stim,5.000000,-0.714000
S11,Stim,5.500000,-0.659650
S11,Stim,6.000000,-0.504874
S11,Stim,6.500000,-0.273236
S11,Stim,7.000000,-0.000000
S11,Stim,7.500000,0.273236
S11,Stim,8.000000,0.504874
S11,Stim,8.500000,0.659650
S11,Stim,9.000000,0.714000
S11,Stim,9.500000,0.659650
S11,Stim,10.000000,0.504874
S12,Stim,-10.000000,-0.504874
S12,Stim,-9.500000,-0.273236
S12,Stim,-9.000000,0.000000
S12,Stim,-8.500000,0.273236
S12,Stim,-8.000000,0.504874
S12,Stim,-7.500000,0.659650
S12,Stim,-7.000000,0.714000
S12,Stim,-6.500000,0.659650
S12,Stim,-6.000000,0.504874
S12,Stim,-5.500000,0.273236
S12,Stim,-5.000000,-0.000000
S12,Stim,-4.500000,-0.273236
S12,Stim,-4.000000,-0.504874
S12,Stim,-3.500000,-0.659650
S12,Stim,-3.000000,-0.714000
S12,Stim,-2.500000,-0.659650
S12,Stim,-2.000000,-0.504874
S12,Stim,-1.500000,-0.273236
S12,Stim,-1.000000,0.000000
S12,Stim,-0.500000,0.273236
S12,Stim,0.000000,0.504874
S12,Stim,0.500000,0.659650
S12,Stim,1.000000,0.714000
S12,Stim,1.500000,0.659650
S12,Stim,2.000000,0.504874
S12,Stim,2.500000,0.273236
S12,Stim,3.000000,0.000000
S12,Stim,3.500000,-0.273236
S12,Stim,4.000000,-0.504874
S12,Stim,4.500000,-0.659650
S12,Stim,5.000000,-0.714000
S12,Stim,5.500000,-0.659650
S12,Stim,6.000000,-0.504874
S12,Stim,6.500000,-0.273236
S12,Stim,7.000000,-0.000000
S12,Stim,7.500000,0.273236
S12,Stim,8.000000,0.504874
S12,Stim,8.500000,0.659650
S12,Stim,9.000000,0.714000
S12,Stim,9.500000,0.659650
S12,Stim,10.000000,0.504874
S13,Stim,-10.000000,-0.504874
S13,Stim,-9.500000,-0.273236
S13,Stim,-9.000000,0.000000
S13,Stim,-8.500000,0.273236
S13,Stim,-8.000000,0.504874
S13,Stim,-7.500000,0.659650
S13,Stim,-7.000000,0.714000
S13,Stim,-6.500000,0.659650
S13,Stim,-6.000000,0.504874
S13,Stim,-5.500000,0.273236
S13,Stim,-5.000000,-0.000000
S13,Stim,-4.500000,-0.273236
S13,Stim,-4.000000,-0.504874
S13,Stim,-3.500000,-0.659650
S13,Stim,-3.000000,-0.714000
S13,Stim,-2.500000,-0.659650
S13,Stim,-2.000000,-0.504874
S13,Stim,-1.500000,-0.273236
S13,Stim,-1.000000,0.000000
S13,Stim,-0.500000,0.273236
S13,Stim,0.000000,0.504874
S13,Stim,0.500000,0.659650
S13,Stim,1.000000,0.714000
S13,Stim,1.500000,0.659650
S13,Stim,2.000000,0.504874
S13,Stim,2.500000,0.273236
S13,Stim,3.000000,0.000000
S13,Stim,3.500000,-0.273236
S13,Stim,4.000000,-0.504874
S13,Stim,4.500000,-0.659650
S13,Stim,5.000000,-0.714000
S13,Stim,5.500000,-0.659650
S13,Stim,6.000000,-0.504874
S13,Stim,6.500000,-0.273236
S13,Stim,7.000000,-0.000000
S13,Stim,7.500000,0.273236
S13,Stim,8.000000,0.504874
S13,Stim,8.500000,0.659650
S13,Stim,9.000000,0.714000
S13,Stim,9.500000,0.659650
S13,Stim,10.000000,0.504874
S14,Stim,-10.000000,-0.504874
S14,Stim,-9.500000,-0.273236
S14,Stim,-9.000000,0.000000
S14,Stim,-8.500000,0.273236
S14,Stim,-8.000000,0.504874
S14,Stim,-7.500000,0.659650
S14,Stim,-7.000000,0.714000
S14,Stim,-6.500000,0.659650
S14,Stim,-6.000000,0.504874
S14,Stim,-5.500000,0.273236
S14,Stim,-5.000000,-0.000000
S14,Stim,-4.500000,-0.273236
S14,Stim,-4.000000,-0.504874
S14,Stim,-3.500000,-0.659650
S14,Stim,-3.000000,-0.714000
S14,Stim,-2.500000,-0.659650
S14,Stim,-2.000000,-0.504874
S14,Stim,-1.500000,-0.273236
S14,Stim,-1.000000,0.000000
S14,Stim,-0.500000,0.273236
S14,Stim,0.000000,0.504874
S14,Stim,0.500000,0.659650
S14,Stim,1.000000,0.714000
S14,Stim,1.500000,0.659650
S14,Stim,2.000000,0.504874
S14,Stim,2.500000,0.273236
S14,Stim,3.000000,0.000000
S14,Stim,3.500000,-0.273236
S14,Stim,4.000000,-0.504874
S14,Stim,4.500000,-0.659650
S14,Stim,5.000000,-0.714000
S14,Stim,5.500000,-0.659650
S14,Stim,6.000000,-0.504874
S14,Stim,6.500000,-0.273236
S14,Stim,7.000000,-0.000000
S14,Stim,7.500000,0.273236
S14,Stim,8.000000,0.504874
S14,Stim,8.500000,0.659650
S14,Stim,9.000000,0.714000
S14,Stim,9.500000,0.659650
S14,Stim,10.000000,0.504874
S15,Stim,-10.000000,-0.504874
S15,Stim,-9.500000,-0.273236
S15,Stim,-9.000000,0.000000
S15,Stim,-8.500000,0.273236
S15,Stim,-8.000000,0.504874
S15,Stim,-7.500000,0.659650
S15,Stim,-7.000000,0.714000
S15,Stim,-6.500000,0.659650
S15,Stim,-6.000000,0.504874
S15,Stim,-5.500000,0.273236
S15,Stim,-5.000000,-0.000000
S15,Stim,-4.500000,-0.273236
S15,Stim,-4.000000,-0.504874
S15,Stim,-3.500000,-0.659650
S15,Stim,-3.000000,-0.714000
S15,Stim,-2.500000,-0.659650
S15,Stim,-2.000000,-0.504874
S15,Stim,-1.500000,-0.273236
S15,Stim,-1.000000,0.000000
S15,Stim,-0.500000,0.273236
S15,Stim,0.000000,0.504874
S15,Stim,0.500000,0.659650
S15,Stim,1.000000,0.714000
S15,Stim,1.500000,0.659650
S15,Stim,2.000000,0.504874
S15,Stim,2.500000,0.273236
S15,Stim,3.000000,0.000000
S15,Stim,3.500000,-0.273236
S15,Stim,4.000000,-0.504874
S15,Stim,4.500000,-0.659650
S15,Stim,5.000000,-0.714000
S15,Stim,5.500000,-0.659650
S15,Stim,6.000000,-0.504874
S15,Stim,6.500000,-0.273236
S15,Stim,7.000000,-0.000000
S15,Stim,7.500000,0.273236
S15,Stim,8.000000,0.504874
S15,Stim,8.500000,0.659650
S15,Stim,9.000000,0.714000
S15,Stim,9.500000,0.659650
S15,Stim,10.000000,0.504874
S16,Stim,-10.000000,-0.504874
S16,Stim,-9.500000,-0.273236
S16,Stim,-9.000000,0.000000
S16,Stim,-8.500000,0.273236
S16,Stim,-8.000000,0.504874
S16,Stim,-7.500000,0.659650
S16,Stim,-7.000000,0.714000
S16,Stim,-6.500000,0.659650
S16,Stim,-6.000000,0.504874
S16,Stim,-5.500000,0.273236
S16,Stim,-5.000000,-0.000000
S16,Stim,-4.500000,-0.273236
S16,Stim,-4.000000,-0.504874
S16,Stim,-3.500000,-0.659650
S16,Stim,-3.000000,-0.714000
S16,Stim,-2.500000,-0.659650
S16,Stim,-2.000000,-0.504874
S16,Stim,-1.500000,-0.273236
S16,Stim,-1.000000,0.000000
S16,Stim,-0.500000,0.273236
S16,Stim,0.000000,0.504874
S16,Stim,0.500000,0.659650
S16,Stim,1.000000,0.714000
S16,Stim,1.500000,0.659650
S16,Stim,2.000000,0.504874
S16,Stim,2.500000,0.273236
S16,Stim,3.000000,0.000000
S16,Stim,3.500000,-0.273236
S16,Stim,4.000000,-0.504874
S16,Stim,4.500000,-0.659650
S16,Stim,5.000000,-0.714000
S16,Stim,5.500000,-0.659650
S16,Stim,6.000000,-0.504874
S16,Stim,6.500000,-0.273236
S16,Stim,7.000000,-0.000000
S16,Stim,7.500000,0.273236
S16,Stim,8.000000,0.504874
S16,Stim,8.500000,0.659650
S16,Stim,9.000000,0.714000
S16,Stim,9.500000,0.659650
S16,Stim,10.000000,0.504874
S17,Stim,-10.000000,-0.504874
S17,Stim,-9.500000,-0.273236
S17,Stim,-9.000000,0.000000
S17,Stim,-8.500000,0.273236
S17,Stim,-8.000000,0.504874
S17,Stim,-7.500000,0.659650
S17,Stim,-7.000000,0.714000
S17,Stim,-6.500000,0.659650
S17,Stim,-6.000000,0.504874
S17,Stim,-5.500000,0.273236
S17,Stim,-5.000000,-0.000000
S17,Stim,-4.500000,-0.273236
S17,Stim,-4.000000,-0.504874
S17,Stim,-3.500000,-0.659650
S17,Stim,-3.000000,-0.714000
S17,Stim,-2.500000,-0.659650
S17,Stim,-2.000000,-0.504874
S17,Stim,-1.500000,-0.273236
S17,Stim,-1.000000,0.000000
S17,Stim,-0.500000,0.273236
S17,Stim,0.000000,0.504874
S17,Stim,0.500000,0.659650
S17,Stim,1.000000,0.714000
S17,Stim,1.500000,0.659650
S17,Stim,2.000000,0.504874
S17,Stim,2.500000,0.273236
S17,Stim,3.000000,0.000000
S17,Stim,3.500000,-0.273236
S17,Stim,4.000000,-0.504874
S17,Stim,4.500000,-0.659650
S17,Stim,5.000000,-0.714000
S17,Stim,5.500000,-0.659650
S17,Stim,6.000000,-0.504874
S17,Stim,6.500000,-0.273236
S17,Stim,7.000000,-0.000000
S17,Stim,7.500000,0.273236
S17,Stim,8.000000,0.504874
S17,Stim,8.500000,0.659650
S17,Stim,9.000000,0.714000
S17,Stim,9.500000,0.659650
S17,Stim,10.000000,0.504874
S18,Stim,-10.000000,-0.504874
S18,Stim,-9.500000,-0.273236
S18,Stim,-9.000000,0.000000
S18,Stim,-8.500000,0.273236
S18,Stim,-8.000000,0.504874
S18,Stim,-7.500000,0.659650
S18,Stim,-7.000000,0.714000
S18,Stim,-6.500000,0.659650
S18,Stim,-6.000000,0.504874
S18,Stim,-5.500000,0.273236
S18,Stim,-5.000000,-0.000000
S18,Stim,-4.500000,-0.273236
S18,Stim,-4.000000,-0.504874
S18,Stim,-3.500000,-0.659650
S18,Stim,-3.000000,-0.714000
S18,Stim,-2.500000,-0.659650
S18,Stim,-2.000000,-0.504874
S18,Stim,-1.500000,-0.273236
S18,Stim,-1.000000,0.000000
S18,Stim,-0.500000,0.273236
S18,Stim,0.000000,0.504874
S18,Stim,0.500000,0.659650
S18,Stim,1.000000,0.714000
S18,Stim,1.500000,0.659650
S18,Stim,2.000000,0.504874
S18,Stim,2.500000,0.273236
S18,Stim,3.000000,0.000000
S18,Stim,3.500000,-0.273236
S18,Stim,4.000000,-0.504874
S18,Stim,4.500000,-0.659650
S18,Stim,5.000000,-0.714000
S18,Stim,5.500000,-0.659650
S18,Stim,6.000000,-0.504874
S18,Stim,6.500000,-0.273236
S18,Stim,7.000000,-0.000000
S18,Stim,7.500000,0.273236
S18,Stim,8.000000,0.504874
S18,Stim,8.500000,0.659650
S18,Stim,9.000000,0.714000
S18,Stim,9.500000,0.659650
S18,Stim,10.000000,0.504874
S01,Post,-10.000000,-0.516754
S01,Post,-9.500000,-0.279665
S01,Post,-9.000000,0.000000
S01,Post,-8.500000,0.279665
S01,Post,-8.000000,0.516754
S01,Post,-7.500000,0.675171
S01,Post,-7.000000,0.730800
S01,Post,-6.500000,0.675171
S01,Post,-6.000000,0.516754
S01,Post,-5.500000,0.279665
S01,Post,-5.000000,-0.000000
S01,Post,-4.500000,-0.279665
S01,Post,-4.000000,-0.516754
S01,Post,-3.500000,-0.675171
S01,Post,-3.000000,-0.730800
S01,Post,-2.500000,-0.675171
S01,Post,-2.000000,-0.516754
S01,Post,-1.500000,-0.279665
S01,Post,-1.000000,0.000000
S01,Post,-0.500000,0.279665
S01,Post,0.000000,0.516754
S01,Post,0.500000,0.675171
S01,Post,1.000000,0.730800
S01,Post,1.500000,0.675171
S01,Post,2.000000,0.516754
S01,Post,2.500000,0.279665
S01,Post,3.000000,0.000000
S01,Post,3.500000,-0.279665
S01,Post,4.000000,-0.516754
S01,Post,4.500000,-0.675171
S01,Post,5.000000,-0.730800
S01,Post,5.500000,-0.675171
S01,Post,6.000000,-0.516754
S01,Post,6.500000,-0.279665
S01,Post,7.000000,-0.000000
S01,Post,7.500000,0.279665
S01,Post,8.000000,0.516754
S01,Post,8.500000,0.675171
S01,Post,9.000000,0.730800
S01,Post,9.500000,0.675171
S01,Post,10.000000,0.516754
S02,Post,-10.000000,-0.516754
S02,Post,-9.500000,-0.279665
S02,Post,-9.000000,0.000000
S02,Post,-8.500000,0.279665
S02,Post,-8.000000,0.516754
S02,Post,-7.500000,0.675171
S02,Post,-7.000000,0.730800
S02,Post,-6.500000,0.675171
S02,Post,-6.000000,0.516754
S02,Post,-5.500000,0.279665
S02,Post,-5.000000,-0.000000
S02,Post,-4.500000,-0.279665
S02,Post,-4.000000,-0.516754
S02,Post,-3.500000,-0.675171
S02,Post,-3.000000,-0.730800
S02,Post,-2.500000,-0.675171
S02,Post,-2.000000,-0.516754
S02,Post,-1.500000,-0.279665
S02,Post,-1.000000,0.000000
S02,Post,-0.500000,0.279665
S02,Post,0.000000,0.516754
S02,Post,0.500000,0.675171
S02,Post,1.000000,0.730800
S02,Post,1.500000,0.675171
S02,Post,2.000000,0.516754
S02,Post,2.500000,0.279665
S02,Post,3.000000,0.000000
S02,Post,3.500000,-0.279665
S02,Post,4.000000,-0.516754
S02,Post,4.500000,-0.675171
S02,Post,5.000000,-0.730800
S02,Post,5.500000,-0.675171
S02,Post,6.000000,-0.516754
S02,Post,6.500000,-0.279665
S02,Post,7.000000,-0.000000
S02,Post,7.500000,0.279665
S02,Post,8.000000,0.516754
S02,Post,8.500000,0.675171
S02,Post,9.000000,0.730800
S02,Post,9.500000,0.675171
S02,Post,10.000000,0.516754
S03,Post,-10.000000,-0.516754
S03,Post,-9.500000,-0.279665
S03,Post,-9.000000,0.000000
S03,Post,-8.500000,0.279665
S03,Post,-8.000000,0.516754
S03,Post,-7.500000,0.675171
S03,Post,-7.000000,0.730800
S03,Post,-6.500000,0.675171
S03,Post,-6.000000,0.516754
S03,Post,-5.500000,0.279665
S03,Post,-5.000000,-0.000000
S03,Post,-4.500000,-0.279665
S03,Post,-4.000000,-0.516754
S03,Post,-3.500000,-0.675171
S03,Post,-3.000000,-0.730800
S03,Post,-2.500000,-0.675171
S03,Post,-2.000000,-0.516754
S03,Post,-1.500000,-0.279665
S03,Post,-1.000000,0.000000
S03,Post,-0.500000,0.279665
S03,Post,0.000000,0.516754
S03,Post,0.500000,0.675171
S03,Post,1.000000,0.730800
S03,Post,1.500000,0.675171
S03,Post,2.000000,0.516754
S03,Post,2.500000,0.279665
S03,Post,3.000000,0.000000
S03,Post,3.500000,-0.279665
S03,Post,4.000000,-0.516754
S03,Post,4.500000,-0.675171
S03,Post,5.000000,-0.730800
S03,Post,5.500000,-0.675171
S03,Post,6.000000,-0.516754
S03,Post,6.500000,-0.279665
S03,Post,7.000000,-0.000000
S03,Post,7.500000,0.279665
S03,Post,8.000000,0.516754
S03,Post,8.500000,0.675171
S03,Post,9.000000,0.730800
S03,Post,9.500000,0.675171
S03,Post,10.000000,0.516754
S04,Post,-10.000000,-0.516754
S04,Post,-9.500000,-0.279665
S04,Post,-9.000000,0.000000
S04,Post,-8.500000,0.279665
S04,Post,-8.000000,0.516754
S04,Post,-7.500000,0.675171
S04,Post,-7.000000,0.730800
S04,Post,-6.500000,0.675171
S04,Post,-6.000000,0.516754
S04,Post,-5.500000,0.279665
S04,Post,-5.000000,-0.000000
S04,Post,-4.500000,-0.279665
S04,Post,-4.000000,-0.516754
S04,Post,-3.500000,-0.675171
S04,Post,-3.000000,-0.730800
S04,Post,-2.500000,-0.675171
S04,Post,-2.000000,-0.516754
S04,Post,-1.500000,-0.279665
S04,Post,-1.000000,0.000000
S04,Post,-0.500000,0.279665
S04,Post,0.000000,0.516754
S04,Post,0.500000,0.675171
S04,Post,1.000000,0.730800
S04,Post,1.500000,0.675171
S04,Post,2.000000,0.516754
S04,Post,2.500000,0.279665
S04,Post,3.000000,0.000000
S04,Post,3.500000,-0.279665
S04,Post,4.000000,-0.516754
S04,Post,4.500000,-0.675171
S04,Post,5.000000,-0.730800
S04,Post,5.500000,-0.675171
S04,Post,6.000000,-0.516754
S04,Post,6.500000,-0.279665
S04,Post,7.000000,-0.000000
S04,Post,7.500000,0.279665
S04,Post,8.000000,0.516754
S04,Post,8.500000,0.675171
S04,Post,9.000000,0.730800
S04,Post,9.500000,0.675171
S04,Post,10.000000,0.516754
S05,Post,-10.000000,-0.516754
S05,Post,-9.500000,-0.279665
S05,Post,-9.000000,0.000000
S05,Post,-8.500000,0.279665
S05,Post,-8.000000,0.516754
S05,Post,-7.500000,0.675171
S05,Post,-7.000000,0.730800
S05,Post,-6.500000,0.675171
S05,Post,-6.000000,0.516754
S05,Post,-5.500000,0.279665
S05,Post,-5.000000,-0.000000
S05,Post,-4.500000,-0.279665
S05,Post,-4.000000,-0.516754
S05,Post,-3.500000,-0.675171
S05,Post,-3.000000,-0.730800
S05,Post,-2.500000,-0.675171
S05,Post,-2.000000,-0.516754
S05,Post,-1.500000,-0.279665
S05,Post,-1.000000,0.000000
S05,Post,-0.500000,0.279665
S05,Post,0.000000,0.516754
S05,Post,0.500000,0.675171
S05,Post,1.000000,0.730800
S05,Post,1.500000,0.675171
S05,Post,2.000000,0.516754
S05,Post,2.500000,0.279665
S05,Post,3.000000,0.000000
S05,Post,3.500000,-0.279665
S05,Post,4.000000,-0.516754
S05,Post,4.500000,-0.675171
S05,Post,5.000000,-0.730800
S05,Post,5.500000,-0.675171
S05,Post,6.000000,-0.516754
S05,Post,6.500000,-0.279665
S05,Post,7.000000,-0.000000
S05,Post,7.500000,0.279665
S05,Post,8.000000,0.516754
S05,Post,8.500000,0.675171
S05,Post,9.000000,0.730800
S05,Post,9.500000,0.675171
S05,Post,10.000000,0.516754
S06,Post,-10.000000,-0.516754
S06,Post,-9.500000,-0.279665
S06,Post,-9.000000,0.000000
S06,Post,-8.500000,0.279665
S06,Post,-8.000000,0.516754
S06,Post,-7.500000,0.675171
S06,Post,-7.000000,0.730800
S06,Post,-6.500000,0.675171
S06,Post,-6.000000,0.516754
S06,Post,-5.500000,0.279665
S06,Post,-5.000000,-0.000000
S06,Post,-4.500000,-0.279665
S06,Post,-4.000000,-0.516754
S06,Post,-3.500000,-0.675171
S06,Post,-3.000000,-0.730800
S06,Post,-2.500000,-0.675171
S06,Post,-2.000000,-0.516754
S06,Post,-1.500000,-0.279665
S06,Post,-1.000000,0.000000
S06,Post,-0.500000,0.279665
S06,Post,0.000000,0.516754
S06,Post,0.500000,0.675171
S06,Post,1.000000,0.730800
S06,Post,1.500000,0.675171
S06,Post,2.000000,0.516754
S06,Post,2.500000,0.279665
S06,Post,3.000000,0.000000
S06,Post,3.500000,-0.279665
S06,Post,4.000000,-0.516754
S06,Post,4.500000,-0.675171
S06,Post,5.000000,-0.730800
S06,Post,5.500000,-0.675171
S06,Post,6.000000,-0.516754
S06,Post,6.500000,-0.279665
S06,Post,7.000000,-0.000000
S06,Post,7.500000,0.279665
S06,Post,8.000000,0.516754
S06,Post,8.500000,0.675171
S06,Post,9.000000,0.730800
S06,Post,9.500000,0.675171
S06,Post,10.000000,0.516754
S07,Post,-10.000000,-0.516754
S07,Post,-9.500000,-0.279665
S07,Post,-9.000000,0.000000
S07,Post,-8.500000,0.279665
S07,Post,-8.000000,0.516754
S07,Post,-7.500000,0.675171
S07,Post,-7.000000,0.730800
S07,Post,-6.500000,0.675171
S07,Post,-6.000000,0.516754
S07,Post,-5.500000,0.279665
S07,Post,-5.000000,-0.000000
S07,Post,-4.500000,-0.279665
S07,Post,-4.000000,-0.516754
S07,Post,-3.500000,-0.675171
S07,Post,-3.000000,-0.730800
S07,Post,-2.500000,-0.675171
S07,Post,-2.000000,-0.516754
S07,Post,-1.500000,-0.279665
S07,Post,-1.000000,0.000000
S07,Post,-0.500000,0.279665
S07,Post,0.000000,0.516754
S07,Post,0.500000,0.675171
S07,Post,1.000000,0.730800
S07,Post,1.500000,0.675171
S07,Post,2.000000,0.516754
S07,Post,2.500000,0.279665
S07,Post,3.000000,0.000000
S07,Post,3.500000,-0.279665
S07,Post,4.000000,-0.516754
S07,Post,4.500000,-0.675171
S07,Post,5.000000,-0.730800
S07,Post,5.500000,-0.675171
S07,Post,6.000000,-0.516754
S07,Post,6.500000,-0.279665
S07,Post,7.000000,-0.000000
S07,Post,7.500000,0.279665
S07,Post,8.000000,0.516754
S07,Post,8.500000,0.675171
S07,Post,9.000000,0.730800
S07,Post,9.500000,0.675171
S07,Post,10.000000,0.516754
S08,Post,-10.000000,-0.516754
S08,Post,-9.500000,-0.279665
S08,Post,-9.000000,0.000000
S08,Post,-8.500000,0.279665
S08,Post,-8.000000,0.516754
S08,Post,-7.500000,0.675171
S08,Post,-7.000000,0.730800
S08,Post,-6.500000,0.675171
S08,Post,-6.000000,0.516754
S08,Post,-5.500000,0.279665
S08,Post,-5.000000,-0.000000
S08,Post,-4.500000,-0.279665
S08,Post,-4.000000,-0.516754
S08,Post,-3.500000,-0.675171
S08,Post,-3.000000,-0.730800
S08,Post,-2.500000,-0.675171
S08,Post,-2.000000,-0.516754
S08,Post,-1.500000,-0.279665
S08,Post,-1.000000,0.000000
S08,Post,-0.500000,0.279665
S08,Post,0.000000,0.516754
S08,Post,0.500000,0.675171
S08,Post,1.000000,0.730800
S08,Post,1.500000,0.675171
S08,Post,2.000000,0.516754
S08,Post,2.500000,0.279665
S08,Post,3.000000,0.000000
S08,Post,3.500000,-0.279665
S08,Post,4.000000,-0.516754
S08,Post,4.500000,-0.675171
S08,Post,5.000000,-0.730800
S08,Post,5.500000,-0.675171
S08,Post,6.000000,-0.516754
S08,Post,6.500000,-0.279665
S08,Post,7.000000,-0.000000
S08,Post,7.500000,0.279665
S08,Post,8.000000,0.516754
S08,Post,8.500000,0.675171
S08,Post,9.000000,0.730800
S08,Post,9.500000,0.675171
S08,Post,10.000000,0.516754
S09,Post,-10.000000,-0.516754
S09,Post,-9.500000,-0.279665
S09,Post,-9.000000,0.000000
S09,Post,-8.500000,0.279665
S09,Post,-8.000000,0.516754
S09,Post,-7.500000,0.675171
S09,Post,-7.000000,0.730800
S09,Post,-6.500000,0.675171
S09,Post,-6.000000,0.516754
S09,Post,-5.500000,0.279665
S09,Post,-5.000000,-0.000000
S09,Post,-4.500000,-0.279665
S09,Post,-4.000000,-0.516754
S09,Post,-3.500000,-0.675171
S09,Post,-3.000000,-0.730800
S09,Post,-2.500000,-0.675171
S09,Post,-2.000000,-0.516754
S09,Post,-1.500000,-0.279665
S09,Post,-1.000000,0.000000
S09,Post,-0.500000,0.279665
S09,Post,0.000000,0.516754
S09,Post,0.500000,0.675171
S09,Post,1.000000,0.730800
S09,Post,1.500000,0.675171
S09,Post,2.000000,0.516754
S09,Post,2.500000,0.279665
S09,Post,3.000000,0.000000
S09,Post,3.500000,-0.279665
S09,Post,4.000000,-0.516754
S09,Post,4.500000,-0.675171
S09,Post,5.000000,-0.730800
S09,Post,5.500000,-0.675171
S09,Post,6.000000,-0.516754
S09,Post,6.500000,-0.279665
S09,Post,7.000000,-0.000000
S09,Post,7.500000,0.279665
S09,Post,8.000000,0.516754
S09,Post,8.500000,0.675171
S09,Post,9.000000,0.730800
S09,Post,9.500000,0.675171
S09,Post,10.000000,0.516754
S10,Post,-10.000000,-0.516754
S10,Post,-9.500000,-0.279665
S10,Post,-9.000000,0.000000
S10,Post,-8.500000,0.279665
S10,Post,-8.000000,0.516754
S10,Post,-7.500000,0.675171
S10,Post,-7.000000,0.730800
S10,Post,-6.500000,0.675171
S10,Post,-6.000000,0.516754
S10,Post,-5.500000,0.279665
S10,Post,-5.000000,-0.000000
S10,Post,-4.500000,-0.279665
S10,Post,-4.000000,-0.516754
S10,Post,-3.500000,-0.675171
S10,Post,-3.000000,-0.730800
S10,Post,-2.500000,-0.675171
S10,Post,-2.000000,-0.516754
S10,Post,-1.500000,-0.279665
S10,Post,-1.000000,0.000000
S10,Post,-0.500000,0.279665
S10,Post,0.000000,0.516754
S10,Post,0.500000,0.675171
S10,Post,1.000000,0.730800
S10,Post,1.500000,0.675171
S10,Post,2.000000,0.516754
S10,Post,2.500000,0.279665
S10,Post,3.000000,0.000000
S10,Post,3.500000,-0.279665
S10,Post,4.000000,-0.516754
S10,Post,4.500000,-0.675171
S10,Post,5.000000,-0.730800
S10,Post,5.500000,-0.675171
S10,Post,6.000000,-0.516754
S10,Post,6.500000,-0.279665
S10,Post,7.000000,-0.000000
S10,Post,7.500000,0.279665
S10,Post,8.000000,0.516754
S10,Post,8.500000,0.675171
S10,Post,9.000000,0.730800
S10,Post,9.500000,0.675171
S10,Post,10.000000,0.516754
S11,Post,-10.000000,-0.516754
S11,Post,-9.500000,-0.279665
S11,Post,-9.000000,0.000000
S11,Post,-8.500000,0.279665
S11,Post,-8.000000,0.516754
S11,Post,-7.500000,0.675171
S11,Post,-7.000000,0.730800
S11,Post,-6.500000,0.675171
S11,Post,-6.000000,0.516754
S11,Post,-5.500000,0.279665
S11,Post,-5.000000,-0.000000
S11,Post,-4.500000,-0.279665
S11,Post,-4.000000,-0.516754
S11,Post,-3.500000,-0.675171
S11,Post,-3.000000,-0.730800
S11,Post,-2.500000,-0.675171
S11,Post,-2.000000,-0.516754
S11,Post,-1.500000,-0.279665
S11,Post,-1.000000,0.000000
S11,Post,-0.500000,0.279665
S11,Post,0.000000,0.516754
S11,Post,0.500000,0.675171
S11,Post,1.000000,0.730800
S11,Post,1.500000,0.675171
S11,Post,2.000000,0.516754
S11,Post,2.500000,0.279665
S11,Post,3.000000,0.000000
S11,Post,3.500000,-0.279665
S11,Post,4.000000,-0.516754
S11,Post,4.500000,-0.675171
S11,Post,5.000000,-0.730800
S11,Post,5.500000,-0.675171
S11,Post,6.000000,-0.516754
S11,Post,6.500000,-0.279665
S11,Post,7.000000,-0.000000
S11,Post,7.500000,0.279665
S11,Post,8.000000,0.516754
S11,Post,8.500000,0.675171
S11,Post,9.000000,0.730800
S11,Post,9.500000,0.675171
S11,Post,10.000000,0.516754
S12,Post,-10.000000,-0.516754
S12,Post,-9.500000,-0.279665
S12,Post,-9.000000,0.000000
S12,Post,-8.500000,0.279665
S12,Post,-8.000000,0.516754
S12,Post,-7.500000,0.675171
S12,Post,-7.000000,0.730800
S12,Post,-6.500000,0.675171
S12,Post,-6.000000,0.516754
S12,Post,-5.500000,0.279665
S12,Post,-5.000000,-0.000000
S12,Post,-4.500000,-0.279665
S12,Post,-4.000000,-0.516754
S12,Post,-3.500000,-0.675171
S12,Post,-3.000000,-0.730800
S12,Post,-2.500000,-0.675171
S12,Post,-2.000000,-0.516754
S12,Post,-1.500000,-0.279665
S12,Post,-1.000000,0.000000
S12,Post,-0.500000,0.279665
S12,Post,0.000000,0.516754
S12,Post,0.500000,0.675171
S12,Post,1.000000,0.730800
S12,Post,1.500000,0.675171
S12,Post,2.000000,0.516754
S12,Post,2.500000,0.279665
S12,Post,3.000000,0.000000
S12,Post,3.500000,-0.279665
S12,Post,4.000000,-0.516754
S12,Post,4.500000,-0.675171
S12,Post,5.000000,-0.730800
S12,Post,5.500000,-0.675171
S12,Post,6.000000,-0.516754
S12,Post,6.500000,-0.279665
S12,Post,7.000000,-0.000000
S12,Post,7.500000,0.279665
S12,Post,8.000000,0.516754
S12,Post,8.500000,0.675171
S12,Post,9.000000,0.730800
S12,Post,9.500000,0.675171
S12,Post,10.000000,0.516754
S13,Post,-10.000000,-0.516754
S13,Post,-9.500000,-0.279665
S13,Post,-9.000000,0.000000
S13,Post,-8.500000,0.279665
S13,Post,-8.000000,0.516754
S13,Post,-7.500000,0.675171
S13,Post,-7.000000,0.730800
S13,Post,-6.500000,0.675171
S13,Post,-6.000000,0.516754
S13,Post,-5.500000,0.279665
S13,Post,-5.000000,-0.000000
S13,Post,-4.500000,-0.279665
S13,Post,-4.000000,-0.516754
S13,Post,-3.500000,-0.675171
S13,Post,-3.000000,-0.730800
S13,Post,-2.500000,-0.675171
S13,Post,-2.000000,-0.516754
S13,Post,-1.500000,-0.279665
S13,Post,-1.000000,0.000000
S13,Post,-0.500000,0.279665
S13,Post,0.000000,0.516754
S13,Post,0.500000,0.675171
S13,Post,1.000000,0.730800
S13,Post,1.500000,0.675171
S13,Post,2.000000,0.516754
S13,Post,2.500000,0.279665
S13,Post,3.000000,0.000000
S13,Post,3.500000,-0.279665
S13,Post,4.000000,-0.516754
S13,Post,4.500000,-0.675171
S13,Post,5.000000,-0.730800
S13,Post,5.500000,-0.675171
S13,Post,6.000000,-0.516754
S13,Post,6.500000,-0.279665
S13,Post,7.000000,-0.000000
S13,Post,7.500000,0.279665
S13,Post,8.000000,0.516754
S13,Post,8.500000,0.675171
S13,Post,9.000000,0.730800
S13,Post,9.500000,0.675171
S13,Post,10.000000,0.516754
S14,Post,-10.000000,-0.516754
S14,Post,-9.500000,-0.279665
S14,Post,-9.000000,0.000000
S14,Post,-8.500000,0.279665
S14,Post,-8.000000,0.516754
S14,Post,-7.500000,0.675171
S14,Post,-7.000000,0.730800
S14,Post,-6.500000,0.675171
S14,Post,-6.000000,0.516754
S14,Post,-5.500000,0.279665
S14,Post,-5.000000,-0.000000
S14,Post,-4.500000,-0.279665
S14,Post,-4.000000,-0.516754
S14,Post,-3.500000,-0.675171
S14,Post,-3.000000,-0.730800
S14,Post,-2.500000,-0.675171
S14,Post,-2.000000,-0.516754
S14,Post,-1.500000,-0.279665
S14,Post,-1.000000,0.000000
S14,Post,-0.500000,0.279665
S14,Post,0.000000,0.516754
S14,Post,0.500000,0.675171
S14,Post,1.000000,0.730800
S14,Post,1.500000,0.675171
S14,Post,2.000000,0.516754
S14,Post,2.500000,0.279665
S14,Post,3.000000,0.000000
S14,Post,3.500000,-0.279665
S14,Post,4.000000,-0.516754
S14,Post,4.500000,-0.675171
S14,Post,5.000000,-0.730800
S14,Post,5.500000,-0.675171
S14,Post,6.000000,-0.516754
S14,Post,6.500000,-0.279665
S14,Post,7.000000,-0.000000
S14,Post,7.500000,0.279665
S14,Post,8.000000,0.516754
S14,Post,8.500000,0.675171
S14,Post,9.000000,0.730800
S14,Post,9.500000,0.675171
S14,Post,10.000000,0.516754
S15,Post,-10.000000,-0.516754
S15,Post,-9.500000,-0.279665
S15,Post,-9.000000,0.000000
S15,Post,-8.500000,0.279665
S15,Post,-8.000000,0.516754
S15,Post,-7.500000,0.675171
S15,Post,-7.000000,0.730800
S15,Post,-6.500000,0.675171
S15,Post,-6.000000,0.516754
S15,Post,-5.500000,0.279665
S15,Post,-5.000000,-0.000000
S15,Post,-4.500000,-0.279665
S15,Post,-4.000000,-0.516754
S15,Post,-3.500000,-0.675171
S15,Post,-3.000000,-0.730800
S15,Post,-2.500000,-0.675171
S15,Post,-2.000000,-0.516754
S15,Post,-1.500000,-0.279665
S15,Post,-1.000000,0.000000
S15,Post,-0.500000,0.279665
S15,Post,0.000000,0.516754
S15,Post,0.500000,0.675171
S15,Post,1.000000,0.730800
S15,Post,1.500000,0.675171
S15,Post,2.000000,0.516754
S15,Post,2.500000,0.279665
S15,Post,3.000000,0.000000
S15,Post,3.500000,-0.279665
S15,Post,4.000000,-0.516754
S15,Post,4.500000,-0.675171
S15,Post,5.000000,-0.730800
S15,Post,5.500000,-0.675171
S15,Post,6.000000,-0.516754
S15,Post,6.500000,-0.279665
S15,Post,7.000000,-0.000000
S15,Post,7.500000,0.279665
S15,Post,8.000000,0.516754
S15,Post,8.500000,0.675171
S15,Post,9.000000,0.730800
S15,Post,9.500000,0.675171
S15,Post,10.000000,0.516754
S16,Post,-10.000000,-0.516754
S16,Post,-9.500000,-0.279665
S16,Post,-9.000000,0.000000
S16,Post,-8.500000,0.279665
S16,Post,-8.000000,0.516754
S16,Post,-7.500000,0.675171
S16,Post,-7.000000,0.730800
S16,Post,-6.500000,0.675171
S16,Post,-6.000000,0.516754
S16,Post,-5.500000,0.279665
S16,Post,-5.000000,-0.000000
S16,Post,-4.500000,-0.279665
S16,Post,-4.000000,-0.516754
S16,Post,-3.500000,-0.675171
S16,Post,-3.000000,-0.730800
S16,Post,-2.500000,-0.675171
S16,Post,-2.000000,-0.516754
S16,Post,-1.500000,-0.279665
S16,Post,-1.000000,0.000000
S16,Post,-0.500000,0.279665
S16,Post,0.000000,0.516754
S16,Post,0.500000,0.675171
S16,Post,1.000000,0.730800
S16,Post,1.500000,0.675171
S16,Post,2.000000,0.516754
S16,Post,2.500000,0.279665
S16,Post,3.000000,0.000000
S16,Post,3.500000,-0.279665
S16,Post,4.000000,-0.516754
S16,Post,4.500000,-0.675171
S16,Post,5.000000,-0.730800
S16,Post,5.500000,-0.675171
S16,Post,6.000000,-0.516754
S16,Post,6.500000,-0.279665
S16,Post,7.000000,-0.000000
S16,Post,7.500000,0.279665
S16,Post,8.000000,0.516754
S16,Post,8.500000,0.675171
S16,Post,9.000000,0.730800
S16,Post,9.500000,0.675171
S16,Post,10.000000,0.516754
S17,Post,-10.000000,-0.516754
S17,Post,-9.500000,-0.279665
S17,Post,-9.000000,0.000000
S17,Post,-8.500000,0.279665
S17,Post,-8.000000,0.516754
S17,Post,-7.500000,0.675171
S17,Post,-7.000000,0.730800
S17,Post,-6.500000,0.675171
S17,Post,-6.000000,0.516754
S17,Post,-5.500000,0.279665
S17,Post,-5.000000,-0.000000
S17,Post,-4.500000,-0.279665
S17,Post,-4.000000,-0.516754
S17,Post,-3.500000,-0.675171
S17,Post,-3.000000,-0.730800
S17,Post,-2.500000,-0.675171
S17,Post,-2.000000,-0.516754
S17,Post,-1.500000,-0.279665
S17,Post,-1.000000,0.000000
S17,Post,-0.500000,0.279665
S17,Post,0.000000,0.516754
S17,Post,0.500000,0.675171
S17,Post,1.000000,0.730800
S17,Post,1.500000,0.675171
S17,Post,2.000000,0.516754
S17,Post,2.500000,0.279665
S17,Post,3.000000,0.000000
S17,Post,3.500000,-0.279665
S17,Post,4.000000,-0.516754
S17,Post,4.500000,-0.675171
S17,Post,5.000000,-0.730800
S17,Post,5.500000,-0.675171
S17,Post,6.000000,-0.516754
S17,Post,6.500000,-0.279665
S17,Post,7.000000,-0.000000
S17,Post,7.500000,0.279665
S17,Post,8.000000,0.516754
S17,Post,8.500000,0.675171
S17,Post,9.000000,0.730800
S17,Post,9.500000,0.675171
S17,Post,10.000000,0.516754
S18,Post,-10.000000,-0.516754
S18,Post,-9.500000,-0.279665
S18,Post,-9.000000,0.000000
S18,Post,-8.500000,0.279665
S18,Post,-8.000000,0.516754
S18,Post,-7.500000,0.675171
S18,Post,-7.000000,0.730800
S18,Post,-6.500000,0.675171
S18,Post,-6.000000,0.516754
S18,Post,-5.500000,0.279665
S18,Post,-5.000000,-0.000000
S18,Post,-4.500000,-0.279665
S18,Post,-4.000000,-0.516754
S18,Post,-3.500000,-0.675171
S18,Post,-3.000000,-0.730800
S18,Post,-2.500000,-0.675171
S18,Post,-2.000000,-0.516754
S18,Post,-1.500000,-0.279665
S18,Post,-1.000000,0.000000
S18,Post,-0.500000,0.279665
S18,Post,0.000000,0.516754
S18,Post,0.500000,0.675171
S18,Post,1.000000,0.730800
S18,Post,1.500000,0.675171
S18,Post,2.000000,0.516754
S18,Post,2.500000,0.279665
S18,Post,3.000000,0.000000
S18,Post,3.500000,-0.279665
S18,Post,4.000000,-0.516754
S18,Post,4.500000,-0.675171
S18,Post,5.000000,-0.730800
S18,Post,5.500000,-0.675171
S18,Post,6.000000,-0.516754
S18,Post,6.500000,-0.279665
S18,Post,7.000000,-0.000000
S18,Post,7.500000,0.279665
S18,Post,8.000000,0.516754
S18,Post,8.500000,0.675171
S18,Post,9.000000,0.730800
S18,Post,9.500000,0.675171
S18,Post,10.000000,0.516754
