source_metric,metric,category,definition,unit,input_signals,preprocessing,key_parameters,implementation_type,source_function_or_package,role_in_revision,minimum_evaluable_n,n_Pre,n_Stim,n_Post,n_Stim_Pre,n_Post_Pre,n_Post_Stim,Pre_mean,Pre_SD,Stim_mean,Stim_SD,Post_mean,Post_SD,Stim_Pre_mean_difference,dz_Stim_Pre,p_Stim_Pre,p_FDR_Stim_Pre,BF10_Stim_Pre,BF_n_Stim_Pre,BF_model_Stim_Pre,BF_cauchy_scale_Stim_Pre,BF_raw_source_Stim_Pre,BF01_Stim_Pre,Post_Pre_mean_difference,dz_Post_Pre,p_Post_Pre,p_FDR_Post_Pre,BF01_Post_Pre,Post_Stim_mean_difference,dz_Post_Stim,p_Post_Stim,p_FDR_Post_Stim,Friedman_chi2,Friedman_p,estimability_status,Reliability_flag,retention_location,analysis_source,NA_reason,definition_source,unit_source
rhomax_MATLAB,Maximum_lagged_correlation,Band-pass lagged correlation,Maximum lagged Pearson correlation from the exploratory band-pass overlapping-window analysis; filter- and window-dependent and excluded from physiological inference,dimensionless correlation coefficient,heart rate; mean arterial pressure,cubic-spline interpolation at 64/30 Hz; band-pass filtering; overlapping-window lagged correlation,sampling interval 30/64 s; maximum lagged Pearson correlation; filter- and window-dependent,project-specific MATLAB implementation,custom MATLAB band-pass lagged-correlation implementation,excluded_from_physiological_inference,18,18,18,18,18,18,18,0.77,NA,0.85,NA,0.87,NA,0.08,1.01,0.0003,0.0046,70.2042,18,paired JZS t model,0.707107,retained_participant_level_phase_values; controlled access,0.0142442,0.1,1.14,0.0001,0.0046,0.01,0.02,NA,NA,NA,NA,NA,estimable_all_18,filter_and_window_dependent_excluded_from_inference,SI_only_complete_exploratory_reporting,exploratory_bandpass_lagged_correlation,not available in authoritative submitted summary or revised central reanalysis: Pre_SD;Stim_SD;Post_SD;dz_Post_Stim;p_Post_Stim;p_FDR_Post_Stim;Friedman_chi2;Friedman_p,custom MATLAB band-pass lagged-correlation implementation,custom MATLAB band-pass lagged-correlation implementation
Coh_mean,Coh_mean,Coherence,Mean conventional squared SBP-RRI coherence over 0.08-0.12 Hz,dimensionless mean squared coherence,RRI; SBP,phase-specific 4-Hz natural-cubic-spline interpolation; detrending; Hann-window Welch auto- and cross-spectra,0.08–0.12 Hz mean squared coherence; 512-sample segments; 256-sample overlap,SciPy welch/csd functions in a project-specific wrapper,analysis_55_cgn.py::compute_cgn_metrics,central_outcome,18,18,18,18,18,18,18,0.748138,0.146149,0.764484,0.180202,0.762661,0.146868,0.016346,0.0802791,0.671,0.857,0.255996,18,paired JZS t model,0.707107,retained_participant_level_phase_values; controlled access,3.90632,0.0145225,0.0987334,0.899,0.963,3.8,-0.00182353,-0.00809501,0.832,NA,NA,NA,estimable_all_18,reproduced_traditional_coherence,main,focused_coherence_reanalysis,not available in authoritative submitted summary or revised central reanalysis: p_FDR_Post_Stim;Friedman_chi2;Friedman_p,analysis_55_cgn.py::compute_cgn_metrics,analysis_55_cgn.py::compute_cgn_metrics
BRS_TF_mean,BRS_TF_mean,BRS (Spectral),Coherence-gated Mayer-band transfer-function BRS gain,ms/mmHg,RRI; SBP,phase-specific 4-Hz interpolated RRI/SBP series; coherence-gated transfer gain,Mayer-band transfer-function BRS; limited phase-specific evaluability,project-specific implementation using standard scientific-computing functions,project-specific transfer-function BRS implementation,limited_estimability_sensitivity,12,12,12,12,12,12,12,9.08,NA,7.69,NA,7.48,NA,-1.39,-0.63,0.0269,0.155,1.58278,12,paired JZS t model,0.707107,retained_participant_level_phase_values; controlled access,0.631799,-1.6,-0.7,0.0537,0.344,0.45,-0.21,NA,NA,NA,NA,NA,limited_estimability,limited_estimability_alternative_BRS,SI_only,exploratory_coupling_panel,not available in authoritative submitted summary or revised central reanalysis: Pre_SD;Stim_SD;Post_SD;dz_Post_Stim;p_Post_Stim;p_FDR_Post_Stim;Friedman_chi2;Friedman_p,project-specific transfer-function BRS implementation,project-specific transfer-function BRS implementation
BRS_seq_all,BRS_seq_all,BRS (Sequence),Mean sequence-method BRS slope across qualifying up and down ramps,ms/mmHg,RRI; SBP,native non-interpolated paired-beat SBP/RRI series,maximal non-overlapping SBP ramps; length ≥3; SBP change ≥1.0 mmHg/beat; lag 1; Pearson r ≥0.80; mean slope aggregation,project-specific implementation using standard scientific-computing functions,run_revision_analyses.py::compute_brs_for_phase,central_outcome,18,18,18,18,18,18,18,8.53677,5.56821,6.48606,3.8924,7.46736,3.41218,-2.05071,-0.740209,2.29e-05,0.000526,8.13747,18,paired JZS t model,0.707107,retained_participant_level_phase_values; controlled access,0.122888,-1.06941,-0.295519,0.246,0.701,2.05,0.981303,0.417001,0.108,0.706,NA,NA,estimable_all_18,reference_reproduced_filter_independent,main,reference_brs_reanalysis_and_robustness,not available in authoritative submitted summary or revised central reanalysis: Friedman_chi2;Friedman_p,run_revision_analyses.py::compute_brs_for_phase,run_revision_analyses.py::compute_brs_for_phase
BRS_seq_down,BRS_seq_down,BRS (Sequence),Mean sequence-method BRS slope across qualifying down ramps,ms/mmHg,RRI; SBP,native non-interpolated paired-beat SBP/RRI series,maximal non-overlapping SBP ramps; length ≥3; SBP change ≥1.0 mmHg/beat; lag 1; Pearson r ≥0.80; mean slope aggregation,project-specific implementation using standard scientific-computing functions,run_revision_analyses.py::compute_brs_for_phase,nested_directional_sensitivity,15,18,15,18,15,18,15,8.98111,5.3307,6.92064,4.40739,10.5813,8.2733,-2.29084,-0.521079,0.0256,0.155,1.28488,15,paired JZS t model,0.707107,retained_participant_level_phase_values; controlled access,0.778283,1.60016,0.232666,0.64,0.949,2.71,3.30844,0.555153,0.121,0.706,NA,NA,limited_estimability,nested_directional_sequence_BRS,SI_only,reference_brs_reanalysis_and_robustness,not available in authoritative submitted summary or revised central reanalysis: Friedman_chi2;Friedman_p,run_revision_analyses.py::compute_brs_for_phase,run_revision_analyses.py::compute_brs_for_phase
BRS_seq_up,BRS_seq_up,BRS (Sequence),Mean sequence-method BRS slope across qualifying up ramps,ms/mmHg,RRI; SBP,native non-interpolated paired-beat SBP/RRI series,maximal non-overlapping SBP ramps; length ≥3; SBP change ≥1.0 mmHg/beat; lag 1; Pearson r ≥0.80; mean slope aggregation,project-specific implementation using standard scientific-computing functions,run_revision_analyses.py::compute_brs_for_phase,nested_directional_sensitivity,18,18,18,18,18,18,18,8.47962,6.33891,6.27213,3.7538,6.67141,2.78157,-2.20749,-0.684017,1.53e-05,0.0005,5.3215,18,paired JZS t model,0.707107,retained_participant_level_phase_values; controlled access,0.187917,-1.80821,-0.385433,0.0898,0.384,1.31,0.399279,0.188351,0.325,0.833,NA,NA,estimable_all_18,nested_directional_sequence_BRS,SI_only,reference_brs_reanalysis_and_robustness,not available in authoritative submitted summary or revised central reanalysis: Friedman_chi2;Friedman_p,run_revision_analyses.py::compute_brs_for_phase,run_revision_analyses.py::compute_brs_for_phase
BEI_all,BEI_all,BEI,Baroreflex effectiveness index for all SBP ramps,dimensionless proportion,RRI; SBP,same native paired-beat SBP/RRI sequence detection as reference BRS,proportion of SBP ramps meeting reference BRS sequence criteria,project-specific implementation using standard scientific-computing functions,analysis_51_bei_bprsa.py::compute_bei,sequence_quality_context,18,18,18,18,18,18,18,0.27,0.21,0.25,0.19,0.26,0.2,-0.02,-0.21,0.468,0.759,0.347438,18,paired JZS t model,0.707107,retained_participant_level_phase_values; controlled access,2.87821,-0.01,-0.09,0.61,0.949,3.85,0.01,0.15,0.523,0.833,NA,NA,estimable_all_18,exploratory_panel_only,SI_only,exploratory_coupling_panel,not available in authoritative submitted summary or revised central reanalysis: Friedman_chi2;Friedman_p,analysis_51_bei_bprsa.py::compute_bei,analysis_51_bei_bprsa.py::compute_bei
BEI_down,BEI_down,BEI,Baroreflex effectiveness index for down SBP ramps,dimensionless proportion,RRI; SBP,same native paired-beat SBP/RRI sequence detection as reference BRS,proportion of SBP ramps meeting reference BRS sequence criteria,project-specific implementation using standard scientific-computing functions,analysis_51_bei_bprsa.py::compute_bei,exploratory_panel_only,18,18,18,18,18,18,18,0.2,0.22,0.19,0.18,0.2,0.21,-0.01,-0.12,0.523,0.775,0.270721,18,paired JZS t model,0.707107,retained_participant_level_phase_values; controlled access,3.69384,0,-0.05,0.702,0.963,4.03,0.01,0.09,1,1,NA,NA,estimable_all_18,exploratory_panel_only,SI_only,exploratory_coupling_panel,not available in authoritative submitted summary or revised central reanalysis: Friedman_chi2;Friedman_p,analysis_51_bei_bprsa.py::compute_bei,analysis_51_bei_bprsa.py::compute_bei
BEI_up,BEI_up,BEI,Baroreflex effectiveness index for up SBP ramps,dimensionless proportion,RRI; SBP,same native paired-beat SBP/RRI sequence detection as reference BRS,proportion of SBP ramps meeting reference BRS sequence criteria,project-specific implementation using standard scientific-computing functions,analysis_51_bei_bprsa.py::compute_bei,exploratory_panel_only,18,18,18,18,18,18,18,0.34,0.22,0.32,0.22,0.34,0.21,-0.02,-0.19,0.393,0.759,0.321842,18,paired JZS t model,0.707107,retained_participant_level_phase_values; controlled access,3.10711,0,-0.04,0.799,0.963,4.06,0.02,0.15,0.492,0.833,NA,NA,estimable_all_18,exploratory_panel_only,SI_only,exploratory_coupling_panel,not available in authoritative submitted summary or revised central reanalysis: Friedman_chi2;Friedman_p,analysis_51_bei_bprsa.py::compute_bei,analysis_51_bei_bprsa.py::compute_bei
AC,AC,BPRSA,RRI acceleration capacity from beat-to-beat phase-rectified signal averaging,ms,RRI,native beat-to-beat RRI; phase-rectified signal averaging,project-specific BPRSA settings documented in archived code,project-specific implementation using standard scientific-computing functions,analysis_51_bei_bprsa.py::compute_bprsa,exploratory_panel_only,18,18,18,18,18,18,18,-11.41,6.11,-12.37,6.72,-11.1,5.24,-0.96,-0.35,0.417,0.759,0.61835,18,paired JZS t model,0.707107,retained_participant_level_phase_values; controlled access,1.61721,0.31,0.13,0.702,0.963,3.59,1.27,0.36,0.325,0.833,NA,NA,estimable_all_18,exploratory_panel_only,SI_only,exploratory_coupling_panel,not available in authoritative submitted summary or revised central reanalysis: Friedman_chi2;Friedman_p,analysis_51_bei_bprsa.py::compute_bprsa,analysis_51_bei_bprsa.py::compute_bprsa
DC,DC,BPRSA,RRI deceleration capacity from beat-to-beat phase-rectified signal averaging,ms,RRI,native beat-to-beat RRI; phase-rectified signal averaging,project-specific BPRSA settings documented in archived code,project-specific implementation using standard scientific-computing functions,analysis_51_bei_bprsa.py::compute_bprsa,exploratory_panel_only,18,18,18,18,18,18,18,11.46,6.32,12.87,7,10.76,6.03,1.41,0.49,0.0539,0.248,1.35374,18,paired JZS t model,0.707107,retained_participant_level_phase_values; controlled access,0.738692,-0.7,-0.29,0.229,0.701,2.14,-2.11,-0.61,0.0268,0.706,NA,NA,estimable_all_18,exploratory_panel_only,SI_only,exploratory_coupling_panel,not available in authoritative submitted summary or revised central reanalysis: Friedman_chi2;Friedman_p,analysis_51_bei_bprsa.py::compute_bprsa,analysis_51_bei_bprsa.py::compute_bprsa
DC_AC_ratio,DC_AC_ratio,BPRSA,Ratio of RRI deceleration capacity to acceleration capacity,dimensionless ratio,RRI,native beat-to-beat RRI; phase-rectified signal averaging,project-specific BPRSA settings documented in archived code,project-specific implementation using standard scientific-computing functions,analysis_51_bei_bprsa.py::compute_bprsa,exploratory_panel_only,18,18,18,18,18,18,18,-1.01,0.14,-1.05,0.12,-0.94,0.24,-0.04,-0.33,0.181,0.556,0.549193,18,paired JZS t model,0.707107,retained_participant_level_phase_values; controlled access,1.82085,0.07,0.27,0.417,0.767,2.33,0.11,0.42,0.0898,0.706,NA,NA,estimable_all_18,exploratory_panel_only,SI_only,exploratory_coupling_panel,not available in authoritative submitted summary or revised central reanalysis: Friedman_chi2;Friedman_p,analysis_51_bei_bprsa.py::compute_bprsa,analysis_51_bei_bprsa.py::compute_bprsa
GC_F_BP_to_RRI,GC_F_BP_to_RRI,Bivariate Granger Causality,Bivariate VAR F statistic testing past SBP -> RRI terms,dimensionless F statistic (standardized 4-Hz series),RRI; SBP,exploratory phase-specific 4-Hz interpolated and standardized RRI/SBP series,exploratory model-based panel; distinct from focused native paired-beat VAR; diagnostic limitations apply,project-specific implementation using standard scientific-computing functions,exploratory 4-Hz bivariate VAR implementation,exploratory_directionality_or_model_decomposition,18,18,18,18,18,18,18,6.76,NA,10.16,NA,7.65,NA,3.4,0.77,0.004,0.0368,10.2888,18,paired JZS t model,0.707107,retained_participant_level_phase_values; controlled access,0.0971929,0.89,0.25,0.325,0.72,2.52,-2.51,NA,NA,NA,NA,NA,estimable_all_18,exploratory_directionality_diagnostic_limitations,SI_only,exploratory_coupling_panel,not available in authoritative submitted summary or revised central reanalysis: Pre_SD;Stim_SD;Post_SD;dz_Post_Stim;p_Post_Stim;p_FDR_Post_Stim;Friedman_chi2;Friedman_p,exploratory 4-Hz bivariate VAR implementation,exploratory 4-Hz bivariate VAR implementation
GC_F_RRI_to_SBP,GC_F_RRI_to_SBP,Bivariate Granger Causality,Bivariate VAR F statistic testing past RRI -> SBP terms,dimensionless F statistic (standardized 4-Hz series),RRI; SBP,exploratory phase-specific 4-Hz interpolated and standardized RRI/SBP series,exploratory model-based panel; distinct from focused native paired-beat VAR; diagnostic limitations apply,project-specific implementation using standard scientific-computing functions,exploratory 4-Hz bivariate VAR implementation,exploratory_directionality_or_model_decomposition,18,18,18,18,18,18,18,23.32,NA,27.46,NA,26.41,NA,4.14,0.69,0.0182,0.14,5.41774,18,paired JZS t model,0.707107,retained_participant_level_phase_values; controlled access,0.184579,3.09,0.36,0.108,0.384,1.54,-1.05,NA,NA,NA,NA,NA,estimable_all_18,exploratory_directionality_diagnostic_limitations,SI_only,exploratory_coupling_panel,not available in authoritative submitted summary or revised central reanalysis: Pre_SD;Stim_SD;Post_SD;dz_Post_Stim;p_Post_Stim;p_FDR_Post_Stim;Friedman_chi2;Friedman_p,exploratory 4-Hz bivariate VAR implementation,exploratory 4-Hz bivariate VAR implementation
SGC_RRI_to_SBP_HF,SGC_RRI_to_SBP_HF,Spectral GC,Frequency-integrated Geweke spectral Granger-causality log ratio for the named direction and band,Hz (integrated dimensionless log ratio),RRI; SBP,exploratory phase-specific 4-Hz interpolated and standardized RRI/SBP series,exploratory model-based panel; distinct from focused native paired-beat VAR; diagnostic limitations apply,project-specific implementation using standard scientific-computing functions,analysis_52_spectral_gc.py::compute_spectral_gc,exploratory_directionality_or_model_decomposition,18,18,18,18,18,18,18,0.18,0.1,0.2,0.12,0.17,0.1,0.02,0.26,0.495,0.759,0.416982,18,paired JZS t model,0.707107,retained_participant_level_phase_values; controlled access,2.39818,-0.01,-0.14,0.58,0.949,3.52,-0.03,-0.33,0.346,0.833,NA,NA,estimable_all_18,exploratory_directionality_diagnostic_limitations,SI_only,exploratory_coupling_panel,not available in authoritative submitted summary or revised central reanalysis: Friedman_chi2;Friedman_p,analysis_52_spectral_gc.py::compute_spectral_gc,analysis_52_spectral_gc.py::compute_spectral_gc
SGC_RRI_to_SBP_LF,SGC_RRI_to_SBP_LF,Spectral GC,Frequency-integrated Geweke spectral Granger-causality log ratio for the named direction and band,Hz (integrated dimensionless log ratio),RRI; SBP,exploratory phase-specific 4-Hz interpolated and standardized RRI/SBP series,exploratory model-based panel; distinct from focused native paired-beat VAR; diagnostic limitations apply,project-specific implementation using standard scientific-computing functions,analysis_52_spectral_gc.py::compute_spectral_gc,exploratory_directionality_or_model_decomposition,18,18,18,18,18,18,18,0.07,0.03,0.07,0.03,0.07,0.04,0,-0.1,0.766,0.903,0.261803,18,paired JZS t model,0.707107,retained_participant_level_phase_values; controlled access,3.81967,0,-0.17,0.523,0.9,3.27,0,-0.05,0.966,1,NA,NA,estimable_all_18,exploratory_directionality_diagnostic_limitations,SI_only,exploratory_coupling_panel,not available in authoritative submitted summary or revised central reanalysis: Friedman_chi2;Friedman_p,analysis_52_spectral_gc.py::compute_spectral_gc,analysis_52_spectral_gc.py::compute_spectral_gc
SGC_RRI_to_SBP_Mayer,SGC_RRI_to_SBP_Mayer,Spectral GC,Frequency-integrated Geweke spectral Granger-causality log ratio for the named direction and band,Hz (integrated dimensionless log ratio),RRI; SBP,exploratory phase-specific 4-Hz interpolated and standardized RRI/SBP series,exploratory model-based panel; distinct from focused native paired-beat VAR; diagnostic limitations apply,project-specific implementation using standard scientific-computing functions,analysis_52_spectral_gc.py::compute_spectral_gc,exploratory_directionality_or_model_decomposition,18,18,18,18,18,18,18,0.03,0.01,0.02,0.01,0.02,0.01,-0.01,-0.24,0.393,0.759,0.377779,18,paired JZS t model,0.707107,retained_participant_level_phase_values; controlled access,2.64705,-0.01,-0.26,0.369,0.72,2.42,0,0,1,1,NA,NA,estimable_all_18,exploratory_directionality_diagnostic_limitations,SI_only,exploratory_coupling_panel,not available in authoritative submitted summary or revised central reanalysis: Friedman_chi2;Friedman_p,analysis_52_spectral_gc.py::compute_spectral_gc,analysis_52_spectral_gc.py::compute_spectral_gc
SGC_RRI_to_SBP_VLF,SGC_RRI_to_SBP_VLF,Spectral GC,Frequency-integrated Geweke spectral Granger-causality log ratio for the named direction and band,Hz (integrated dimensionless log ratio),RRI; SBP,exploratory phase-specific 4-Hz interpolated and standardized RRI/SBP series,exploratory model-based panel; distinct from focused native paired-beat VAR; diagnostic limitations apply,project-specific implementation using standard scientific-computing functions,analysis_52_spectral_gc.py::compute_spectral_gc,exploratory_directionality_or_model_decomposition,18,18,18,18,18,18,18,0.01,0.01,0.01,0.01,0.01,0.01,0,-0.02,1,1,0.24359,18,paired JZS t model,0.707107,retained_participant_level_phase_values; controlled access,4.10526,0,0.19,0.325,0.72,3.09,0,0.37,0.265,0.833,NA,NA,estimable_all_18,exploratory_directionality_diagnostic_limitations,SI_only,exploratory_coupling_panel,not available in authoritative submitted summary or revised central reanalysis: Friedman_chi2;Friedman_p,analysis_52_spectral_gc.py::compute_spectral_gc,analysis_52_spectral_gc.py::compute_spectral_gc
SGC_RRI_to_SBP_total,SGC_RRI_to_SBP_total,Spectral GC,Frequency-integrated Geweke spectral Granger-causality log ratio for the named direction and band,Hz (integrated dimensionless log ratio),RRI; SBP,exploratory phase-specific 4-Hz interpolated and standardized RRI/SBP series,exploratory model-based panel; distinct from focused native paired-beat VAR; diagnostic limitations apply,project-specific implementation using standard scientific-computing functions,analysis_52_spectral_gc.py::compute_spectral_gc,exploratory_directionality_or_model_decomposition,18,18,18,18,18,18,18,0.67,0.31,0.77,0.45,0.67,0.38,0.1,0.3,0.393,0.759,0.489492,18,paired JZS t model,0.707107,retained_participant_level_phase_values; controlled access,2.04294,0,0,0.865,0.963,4.11,-0.1,-0.29,0.495,0.833,NA,NA,estimable_all_18,exploratory_directionality_diagnostic_limitations,SI_only,exploratory_coupling_panel,not available in authoritative submitted summary or revised central reanalysis: Friedman_chi2;Friedman_p,analysis_52_spectral_gc.py::compute_spectral_gc,analysis_52_spectral_gc.py::compute_spectral_gc
SGC_SBP_to_RRI_HF,SGC_SBP_to_RRI_HF,Spectral GC,Frequency-integrated Geweke spectral Granger-causality log ratio for the named direction and band,Hz (integrated dimensionless log ratio),RRI; SBP,exploratory phase-specific 4-Hz interpolated and standardized RRI/SBP series,exploratory model-based panel; distinct from focused native paired-beat VAR; diagnostic limitations apply,project-specific implementation using standard scientific-computing functions,analysis_52_spectral_gc.py::compute_spectral_gc,exploratory_directionality_or_model_decomposition,18,18,18,18,18,18,18,0.08,0.03,0.08,0.04,0.06,0.03,0,0.07,0.899,0.961,0.253408,18,paired JZS t model,0.707107,retained_participant_level_phase_values; controlled access,3.94621,-0.02,-0.49,0.0599,0.344,0.73,-0.02,-0.49,0.0814,0.706,NA,NA,estimable_all_18,exploratory_directionality_diagnostic_limitations,SI_only,exploratory_coupling_panel,not available in authoritative submitted summary or revised central reanalysis: Friedman_chi2;Friedman_p,analysis_52_spectral_gc.py::compute_spectral_gc,analysis_52_spectral_gc.py::compute_spectral_gc
SGC_SBP_to_RRI_LF,SGC_SBP_to_RRI_LF,Spectral GC,Frequency-integrated Geweke spectral Granger-causality log ratio for the named direction and band,Hz (integrated dimensionless log ratio),RRI; SBP,exploratory phase-specific 4-Hz interpolated and standardized RRI/SBP series,exploratory model-based panel; distinct from focused native paired-beat VAR; diagnostic limitations apply,project-specific implementation using standard scientific-computing functions,analysis_52_spectral_gc.py::compute_spectral_gc,exploratory_directionality_or_model_decomposition,18,18,18,18,18,18,18,0.02,0.01,0.03,0.02,0.03,0.02,0.01,0.41,0.246,0.629,0.85332,18,paired JZS t model,0.707107,retained_participant_level_phase_values; controlled access,1.17189,0.01,0.66,0.0159,0.218,0.23,0,0.06,0.734,0.933,NA,NA,estimable_all_18,exploratory_directionality_diagnostic_limitations,SI_only,exploratory_coupling_panel,not available in authoritative submitted summary or revised central reanalysis: Friedman_chi2;Friedman_p,analysis_52_spectral_gc.py::compute_spectral_gc,analysis_52_spectral_gc.py::compute_spectral_gc
SGC_SBP_to_RRI_Mayer,SGC_SBP_to_RRI_Mayer,Spectral GC,Frequency-integrated Geweke spectral Granger-causality log ratio for the named direction and band,Hz (integrated dimensionless log ratio),RRI; SBP,exploratory phase-specific 4-Hz interpolated and standardized RRI/SBP series,exploratory model-based panel; distinct from focused native paired-beat VAR; diagnostic limitations apply,project-specific implementation using standard scientific-computing functions,analysis_52_spectral_gc.py::compute_spectral_gc,exploratory_directionality_or_model_decomposition,18,18,18,18,18,18,18,0.01,0.01,0.01,0.01,0.01,0.01,0,0.36,0.495,0.759,0.648041,18,paired JZS t model,0.707107,retained_participant_level_phase_values; controlled access,1.54311,0,0.61,0.0304,0.233,0.32,0,0.1,0.442,0.833,NA,NA,estimable_all_18,exploratory_directionality_diagnostic_limitations,SI_only,exploratory_coupling_panel,not available in authoritative submitted summary or revised central reanalysis: Friedman_chi2;Friedman_p,analysis_52_spectral_gc.py::compute_spectral_gc,analysis_52_spectral_gc.py::compute_spectral_gc
SGC_SBP_to_RRI_VLF,SGC_SBP_to_RRI_VLF,Spectral GC,Frequency-integrated Geweke spectral Granger-causality log ratio for the named direction and band,Hz (integrated dimensionless log ratio),RRI; SBP,exploratory phase-specific 4-Hz interpolated and standardized RRI/SBP series,exploratory model-based panel; distinct from focused native paired-beat VAR; diagnostic limitations apply,project-specific implementation using standard scientific-computing functions,analysis_52_spectral_gc.py::compute_spectral_gc,exploratory_directionality_or_model_decomposition,18,18,18,18,18,18,18,0.01,0.01,0.01,0.01,0.01,0.01,0,0.04,0.932,0.975,0.246685,18,paired JZS t model,0.707107,retained_participant_level_phase_values; controlled access,4.05375,0,-0.04,0.64,0.949,4.06,0,-0.06,0.766,0.933,NA,NA,estimable_all_18,exploratory_directionality_diagnostic_limitations,SI_only,exploratory_coupling_panel,not available in authoritative submitted summary or revised central reanalysis: Friedman_chi2;Friedman_p,analysis_52_spectral_gc.py::compute_spectral_gc,analysis_52_spectral_gc.py::compute_spectral_gc
SGC_SBP_to_RRI_total,SGC_SBP_to_RRI_total,Spectral GC,Frequency-integrated Geweke spectral Granger-causality log ratio for the named direction and band,Hz (integrated dimensionless log ratio),RRI; SBP,exploratory phase-specific 4-Hz interpolated and standardized RRI/SBP series,exploratory model-based panel; distinct from focused native paired-beat VAR; diagnostic limitations apply,project-specific implementation using standard scientific-computing functions,analysis_52_spectral_gc.py::compute_spectral_gc,exploratory_directionality_or_model_decomposition,18,18,18,18,18,18,18,0.39,0.19,0.49,0.42,0.35,0.2,0.1,0.26,0.734,0.888,0.409927,18,paired JZS t model,0.707107,retained_participant_level_phase_values; controlled access,2.43946,-0.04,-0.34,0.108,0.384,1.7,-0.14,-0.37,0.141,0.725,NA,NA,estimable_all_18,exploratory_directionality_diagnostic_limitations,SI_only,exploratory_coupling_panel,not available in authoritative submitted summary or revised central reanalysis: Friedman_chi2;Friedman_p,analysis_52_spectral_gc.py::compute_spectral_gc,analysis_52_spectral_gc.py::compute_spectral_gc
GC3_F_PTT_to_RRI,GC3_F_PAT_to_RRI,Trivariate GC,Trivariate VAR F statistic for the named direction while controlling the third standardized variable,dimensionless F statistic (standardized 4-Hz series),RRI; SBP; PAT,exploratory phase-specific 4-Hz interpolated and standardized RRI/SBP/PAT series; PAT QC exclusions applied,exploratory trivariate model; PAT includes pre-ejection period; diagnostic limitations apply,project-specific implementation using standard scientific-computing functions,analysis_54_trivariate_ptt.py::compute_trivariate_gc,exploratory_directionality_or_model_decomposition,16,16,16,16,16,16,16,3.16,4.44,2.95,5.2,4.34,5.38,-0.21,-0.19,0.404,0.759,0.325197,16,paired JZS t model,0.707107,retained_participant_level_phase_values; controlled access,3.07506,1.18,0.34,0.528,0.9,1.8,1.39,0.34,0.0833,0.706,NA,NA,limited_estimability,exploratory_directionality_diagnostic_limitations;PAT_QC_excluded_S13_S16_all_beat_abs_PAT_lt_1e-6_ms,SI_only,exploratory_coupling_panel,not available in authoritative submitted summary or revised central reanalysis: Friedman_chi2;Friedman_p; PAT_QC_excluded_S13_S16_all_beat_abs_PAT_lt_1e-6_ms,analysis_54_trivariate_ptt.py::compute_trivariate_gc,analysis_54_trivariate_ptt.py::compute_trivariate_gc
GC3_F_PTT_to_SBP,GC3_F_PAT_to_SBP,Trivariate GC,Trivariate VAR F statistic for the named direction while controlling the third standardized variable,dimensionless F statistic (standardized 4-Hz series),RRI; SBP; PAT,exploratory phase-specific 4-Hz interpolated and standardized RRI/SBP/PAT series; PAT QC exclusions applied,exploratory trivariate model; PAT includes pre-ejection period; diagnostic limitations apply,project-specific implementation using standard scientific-computing functions,analysis_54_trivariate_ptt.py::compute_trivariate_gc,exploratory_directionality_or_model_decomposition,16,16,16,16,16,16,16,3.02,3.18,3.02,3.48,3.48,3.83,0,0.01,0.706,0.877,0.255558,16,paired JZS t model,0.707107,retained_participant_level_phase_values; controlled access,3.913,0.46,0.21,0.86,0.963,2.88,0.46,0.23,0.821,0.933,NA,NA,limited_estimability,exploratory_directionality_diagnostic_limitations;PAT_QC_excluded_S13_S16_all_beat_abs_PAT_lt_1e-6_ms,SI_only,exploratory_coupling_panel,not available in authoritative submitted summary or revised central reanalysis: Friedman_chi2;Friedman_p; PAT_QC_excluded_S13_S16_all_beat_abs_PAT_lt_1e-6_ms,analysis_54_trivariate_ptt.py::compute_trivariate_gc,analysis_54_trivariate_ptt.py::compute_trivariate_gc
GC3_F_RRI_to_PTT,GC3_F_RRI_to_PAT,Trivariate GC,Trivariate VAR F statistic for the named direction while controlling the third standardized variable,dimensionless F statistic (standardized 4-Hz series),RRI; SBP; PAT,exploratory phase-specific 4-Hz interpolated and standardized RRI/SBP/PAT series; PAT QC exclusions applied,exploratory trivariate model; PAT includes pre-ejection period; diagnostic limitations apply,project-specific implementation using standard scientific-computing functions,analysis_54_trivariate_ptt.py::compute_trivariate_gc,exploratory_directionality_or_model_decomposition,16,16,16,16,16,16,16,7.99,10.1,9.81,11.08,11.34,13.8,1.82,0.85,0.0034,0.0368,12.0784,16,paired JZS t model,0.707107,retained_participant_level_phase_values; controlled access,0.0827922,3.35,0.34,0.0833,0.384,1.8,1.53,0.14,0.782,0.933,NA,NA,limited_estimability,exploratory_directionality_diagnostic_limitations;PAT_QC_excluded_S13_S16_all_beat_abs_PAT_lt_1e-6_ms,SI_only,exploratory_coupling_panel,not available in authoritative submitted summary or revised central reanalysis: Friedman_chi2;Friedman_p; PAT_QC_excluded_S13_S16_all_beat_abs_PAT_lt_1e-6_ms,analysis_54_trivariate_ptt.py::compute_trivariate_gc,analysis_54_trivariate_ptt.py::compute_trivariate_gc
GC3_F_RRI_to_SBP,GC3_F_RRI_to_SBP,Trivariate GC,Trivariate VAR F statistic for the named direction while controlling the third standardized variable,dimensionless F statistic (standardized 4-Hz series),RRI; SBP; PAT,exploratory phase-specific 4-Hz interpolated and standardized RRI/SBP/PAT series; PAT QC exclusions applied,exploratory trivariate model; PAT includes pre-ejection period; diagnostic limitations apply,project-specific implementation using standard scientific-computing functions,analysis_54_trivariate_ptt.py::compute_trivariate_gc,exploratory_directionality_or_model_decomposition,16,16,16,16,16,16,16,15.47,9.01,18.59,11.13,17.8,10.47,3.12,0.53,0.0739,0.283,1.46669,16,paired JZS t model,0.707107,retained_participant_level_phase_values; controlled access,0.681807,2.33,0.39,0.211,0.695,1.43,-0.79,-0.17,0.464,0.833,NA,NA,limited_estimability,exploratory_directionality_diagnostic_limitations;PAT_QC_excluded_S13_S16_all_beat_abs_PAT_lt_1e-6_ms,SI_only,exploratory_coupling_panel,not available in authoritative submitted summary or revised central reanalysis: Friedman_chi2;Friedman_p; PAT_QC_excluded_S13_S16_all_beat_abs_PAT_lt_1e-6_ms,analysis_54_trivariate_ptt.py::compute_trivariate_gc,analysis_54_trivariate_ptt.py::compute_trivariate_gc
GC3_F_SBP_to_PTT,GC3_F_SBP_to_PAT,Trivariate GC,Trivariate VAR F statistic for the named direction while controlling the third standardized variable,dimensionless F statistic (standardized 4-Hz series),RRI; SBP; PAT,exploratory phase-specific 4-Hz interpolated and standardized RRI/SBP/PAT series; PAT QC exclusions applied,exploratory trivariate model; PAT includes pre-ejection period; diagnostic limitations apply,project-specific implementation using standard scientific-computing functions,analysis_54_trivariate_ptt.py::compute_trivariate_gc,exploratory_directionality_or_model_decomposition,16,16,16,16,16,16,16,3.83,1.99,3.92,1.95,3.81,2.55,0.09,0.04,0.597,0.832,0.258169,16,paired JZS t model,0.707107,retained_participant_level_phase_values; controlled access,3.87344,-0.02,-0.01,0.821,0.963,3.91,-0.11,-0.06,0.528,0.833,NA,NA,limited_estimability,exploratory_directionality_diagnostic_limitations;PAT_QC_excluded_S13_S16_all_beat_abs_PAT_lt_1e-6_ms,SI_only,exploratory_coupling_panel,not available in authoritative submitted summary or revised central reanalysis: Friedman_chi2;Friedman_p; PAT_QC_excluded_S13_S16_all_beat_abs_PAT_lt_1e-6_ms,analysis_54_trivariate_ptt.py::compute_trivariate_gc,analysis_54_trivariate_ptt.py::compute_trivariate_gc
GC3_F_SBP_to_RRI,GC3_F_SBP_to_RRI,Trivariate GC,Trivariate VAR F statistic for the named direction while controlling the third standardized variable,dimensionless F statistic (standardized 4-Hz series),RRI; SBP; PAT,exploratory phase-specific 4-Hz interpolated and standardized RRI/SBP/PAT series; PAT QC exclusions applied,exploratory trivariate model; PAT includes pre-ejection period; diagnostic limitations apply,project-specific implementation using standard scientific-computing functions,analysis_54_trivariate_ptt.py::compute_trivariate_gc,exploratory_directionality_or_model_decomposition,16,16,16,16,16,16,16,4.22,2.31,5.48,2,4.2,2.43,1.26,0.44,0.0443,0.227,0.884277,16,paired JZS t model,0.707107,retained_participant_level_phase_values; controlled access,1.13087,-0.02,-0.01,0.782,0.963,3.91,-1.28,-0.46,0.105,0.706,NA,NA,limited_estimability,exploratory_directionality_diagnostic_limitations;PAT_QC_excluded_S13_S16_all_beat_abs_PAT_lt_1e-6_ms,SI_only,exploratory_coupling_panel,not available in authoritative submitted summary or revised central reanalysis: Friedman_chi2;Friedman_p; PAT_QC_excluded_S13_S16_all_beat_abs_PAT_lt_1e-6_ms,analysis_54_trivariate_ptt.py::compute_trivariate_gc,analysis_54_trivariate_ptt.py::compute_trivariate_gc
PDC_PTT_to_RRI_Mayer,PDC_PAT_to_RRI_Mayer,PDC,Mean squared partial directed coherence over 0.08-0.12 Hz for the named direction,dimensionless squared normalized coefficient,RRI; SBP; PAT,exploratory phase-specific 4-Hz interpolated and standardized RRI/SBP/PAT series; PAT QC exclusions applied,exploratory trivariate model; PAT includes pre-ejection period; diagnostic limitations apply,project-specific implementation using standard scientific-computing functions,analysis_54_trivariate_ptt.py::compute_pdc,exploratory_directionality_or_model_decomposition,16,16,16,16,16,16,16,0.03,0.04,0.01,0.01,0.04,0.1,-0.02,-0.46,0.0739,0.283,1.01304,16,paired JZS t model,0.707107,retained_participant_level_phase_values; controlled access,0.987133,0.01,0.16,0.98,1,3.27,0.03,0.28,0.193,0.833,NA,NA,limited_estimability,exploratory_directionality_diagnostic_limitations;PAT_QC_excluded_S13_S16_all_beat_abs_PAT_lt_1e-6_ms,SI_only,exploratory_coupling_panel,not available in authoritative submitted summary or revised central reanalysis: Friedman_chi2;Friedman_p; PAT_QC_excluded_S13_S16_all_beat_abs_PAT_lt_1e-6_ms,analysis_54_trivariate_ptt.py::compute_pdc,analysis_54_trivariate_ptt.py::compute_pdc
PDC_PTT_to_SBP_Mayer,PDC_PAT_to_SBP_Mayer,PDC,Mean squared partial directed coherence over 0.08-0.12 Hz for the named direction,dimensionless squared normalized coefficient,RRI; SBP; PAT,exploratory phase-specific 4-Hz interpolated and standardized RRI/SBP/PAT series; PAT QC exclusions applied,exploratory trivariate model; PAT includes pre-ejection period; diagnostic limitations apply,project-specific implementation using standard scientific-computing functions,analysis_54_trivariate_ptt.py::compute_pdc,exploratory_directionality_or_model_decomposition,16,16,16,16,16,16,16,0.03,0.06,0.02,0.03,0.02,0.04,-0.01,-0.19,0.86,0.961,0.325924,16,paired JZS t model,0.707107,retained_participant_level_phase_values; controlled access,3.0682,-0.01,-0.35,0.0934,0.384,1.72,0,-0.08,0.668,0.933,NA,NA,limited_estimability,exploratory_directionality_diagnostic_limitations;PAT_QC_excluded_S13_S16_all_beat_abs_PAT_lt_1e-6_ms,SI_only,exploratory_coupling_panel,not available in authoritative submitted summary or revised central reanalysis: Friedman_chi2;Friedman_p; PAT_QC_excluded_S13_S16_all_beat_abs_PAT_lt_1e-6_ms,analysis_54_trivariate_ptt.py::compute_pdc,analysis_54_trivariate_ptt.py::compute_pdc
PDC_RRI_to_SBP_Mayer,PDC_RRI_to_SBP_Mayer,PDC,Mean squared partial directed coherence over 0.08-0.12 Hz for the named direction,dimensionless squared normalized coefficient,RRI; SBP; PAT,exploratory phase-specific 4-Hz interpolated and standardized RRI/SBP/PAT series; PAT QC exclusions applied,exploratory trivariate model; PAT includes pre-ejection period; diagnostic limitations apply,project-specific implementation using standard scientific-computing functions,analysis_54_trivariate_ptt.py::compute_pdc,exploratory_directionality_or_model_decomposition,16,16,16,16,16,16,16,0.16,0.11,0.12,0.07,0.12,0.06,-0.04,-0.45,0.117,0.413,0.946836,16,paired JZS t model,0.707107,retained_participant_level_phase_values; controlled access,1.05615,-0.04,-0.33,0.274,0.701,1.88,0,0.01,0.86,0.933,NA,NA,limited_estimability,exploratory_directionality_diagnostic_limitations;PAT_QC_excluded_S13_S16_all_beat_abs_PAT_lt_1e-6_ms,SI_only,exploratory_coupling_panel,not available in authoritative submitted summary or revised central reanalysis: Friedman_chi2;Friedman_p; PAT_QC_excluded_S13_S16_all_beat_abs_PAT_lt_1e-6_ms,analysis_54_trivariate_ptt.py::compute_pdc,analysis_54_trivariate_ptt.py::compute_pdc
PDC_SBP_to_RRI_Mayer,PDC_SBP_to_RRI_Mayer,PDC,Mean squared partial directed coherence over 0.08-0.12 Hz for the named direction,dimensionless squared normalized coefficient,RRI; SBP; PAT,exploratory phase-specific 4-Hz interpolated and standardized RRI/SBP/PAT series; PAT QC exclusions applied,exploratory trivariate model; PAT includes pre-ejection period; diagnostic limitations apply,project-specific implementation using standard scientific-computing functions,analysis_54_trivariate_ptt.py::compute_pdc,exploratory_directionality_or_model_decomposition,16,16,16,16,16,16,16,0.18,0.14,0.22,0.19,0.2,0.16,0.04,0.23,0.404,0.759,0.36573,16,paired JZS t model,0.707107,retained_participant_level_phase_values; controlled access,2.73426,0.02,0.13,0.376,0.72,3.47,-0.02,-0.16,0.86,0.933,NA,NA,limited_estimability,exploratory_directionality_diagnostic_limitations;PAT_QC_excluded_S13_S16_all_beat_abs_PAT_lt_1e-6_ms,SI_only,exploratory_coupling_panel,not available in authoritative submitted summary or revised central reanalysis: Friedman_chi2;Friedman_p; PAT_QC_excluded_S13_S16_all_beat_abs_PAT_lt_1e-6_ms,analysis_54_trivariate_ptt.py::compute_pdc,analysis_54_trivariate_ptt.py::compute_pdc
rho_u,rho_u,VAR Residuals,Contemporaneous correlation between bivariate VAR innovations,dimensionless correlation coefficient,RRI; SBP,exploratory phase-specific 4-Hz interpolated and standardized RRI/SBP series,exploratory model-based panel; distinct from focused native paired-beat VAR; diagnostic limitations apply,project-specific implementation using standard scientific-computing functions,analysis_53_innovation_var.py::compute_innovation_metrics,exploratory_directionality_or_model_decomposition,18,18,18,18,18,18,18,0.32,0.13,0.29,0.2,0.22,0.21,-0.03,-0.18,0.167,0.55,0.313798,18,paired JZS t model,0.707107,retained_participant_level_phase_values; controlled access,3.18676,-0.1,-0.6,0.0028,0.0644,0.35,-0.07,-0.28,0.393,0.833,NA,NA,estimable_all_18,exploratory_panel_only,SI_only,exploratory_coupling_panel,not available in authoritative submitted summary or revised central reanalysis: Friedman_chi2;Friedman_p,analysis_53_innovation_var.py::compute_innovation_metrics,analysis_53_innovation_var.py::compute_innovation_metrics
sigma2_RRI,sigma2_RRI,VAR Residuals,Bivariate VAR innovation variance for standardized RRI,dimensionless squared standardized-series unit,RRI; SBP,exploratory phase-specific 4-Hz interpolated and standardized RRI/SBP series,exploratory model-based panel; distinct from focused native paired-beat VAR; diagnostic limitations apply,project-specific implementation using standard scientific-computing functions,analysis_53_innovation_var.py::compute_innovation_metrics,exploratory_directionality_or_model_decomposition,18,18,18,18,18,18,18,0,0,0,0,0,0,0,-0.4,0.346,0.759,0.812429,18,paired JZS t model,0.707107,retained_participant_level_phase_values; controlled access,1.23088,0,0.08,1,1,3.91,0,0.34,0.346,0.833,NA,NA,estimable_all_18,exploratory_panel_only,SI_only,exploratory_coupling_panel,not available in authoritative submitted summary or revised central reanalysis: Friedman_chi2;Friedman_p,analysis_53_innovation_var.py::compute_innovation_metrics,analysis_53_innovation_var.py::compute_innovation_metrics
sigma2_SBP,sigma2_SBP,VAR Residuals,Bivariate VAR innovation variance for standardized SBP,dimensionless squared standardized-series unit,RRI; SBP,exploratory phase-specific 4-Hz interpolated and standardized RRI/SBP series,exploratory model-based panel; distinct from focused native paired-beat VAR; diagnostic limitations apply,project-specific implementation using standard scientific-computing functions,analysis_53_innovation_var.py::compute_innovation_metrics,exploratory_directionality_or_model_decomposition,18,18,18,18,18,18,18,0,0,0,0,0,0,0,-0.12,0.899,0.961,0.27383,18,paired JZS t model,0.707107,retained_participant_level_phase_values; controlled access,3.6519,0,-0.21,0.766,0.963,2.9,0,-0.02,0.865,0.933,NA,NA,estimable_all_18,exploratory_panel_only,SI_only,exploratory_coupling_panel,not available in authoritative submitted summary or revised central reanalysis: Friedman_chi2;Friedman_p,analysis_53_innovation_var.py::compute_innovation_metrics,analysis_53_innovation_var.py::compute_innovation_metrics
Snn_RRI_Mayer,Snn_RRI_Mayer,Innovation Variance,Mayer-band integrated RRI innovation spectrum from the standardized bivariate VAR,dimensionless squared standardized-series unit,RRI; SBP,exploratory phase-specific 4-Hz interpolated and standardized RRI/SBP series,exploratory model-based panel; distinct from focused native paired-beat VAR; diagnostic limitations apply,project-specific implementation using standard scientific-computing functions,analysis_53_innovation_var.py::compute_innovation_metrics,exploratory_directionality_or_model_decomposition,18,18,18,18,18,18,18,0.23,0.15,0.19,0.11,0.2,0.1,-0.04,-0.31,0.212,0.61,0.507668,18,paired JZS t model,0.707107,retained_participant_level_phase_values; controlled access,1.96979,-0.03,-0.27,0.369,0.72,2.33,0.01,0.07,0.766,0.933,NA,NA,estimable_all_18,exploratory_panel_only,SI_only,exploratory_coupling_panel,not available in authoritative submitted summary or revised central reanalysis: Friedman_chi2;Friedman_p,analysis_53_innovation_var.py::compute_innovation_metrics,analysis_53_innovation_var.py::compute_innovation_metrics
innov_RRI_from_SBP_frac_Mayer,innov_RRI_from_SBP_frac_Mayer,Innovation Variance,Fraction of Mayer-band RRI innovation attributed to the SBP-driven component,dimensionless proportion,RRI; SBP,exploratory phase-specific 4-Hz interpolated and standardized RRI/SBP series,exploratory model-based panel; distinct from focused native paired-beat VAR; diagnostic limitations apply,project-specific implementation using standard scientific-computing functions,analysis_53_innovation_var.py::compute_innovation_metrics,exploratory_directionality_or_model_decomposition,18,18,18,18,18,18,18,0.15,0.12,0.19,0.16,0.21,0.13,0.04,0.31,0.468,0.759,0.509959,18,paired JZS t model,0.707107,retained_participant_level_phase_values; controlled access,1.96094,0.06,0.63,0.0237,0.218,0.28,0.02,0.19,0.417,0.833,NA,NA,estimable_all_18,exploratory_panel_only,SI_only,exploratory_coupling_panel,not available in authoritative submitted summary or revised central reanalysis: Friedman_chi2;Friedman_p,analysis_53_innovation_var.py::compute_innovation_metrics,analysis_53_innovation_var.py::compute_innovation_metrics
innov_RRI_own_frac_Mayer,innov_RRI_own_frac_Mayer,Innovation Variance,Fraction of Mayer-band RRI innovation attributed to the RRI self component,dimensionless proportion,RRI; SBP,exploratory phase-specific 4-Hz interpolated and standardized RRI/SBP series,exploratory model-based panel; distinct from focused native paired-beat VAR; diagnostic limitations apply,project-specific implementation using standard scientific-computing functions,analysis_53_innovation_var.py::compute_innovation_metrics,exploratory_directionality_or_model_decomposition,18,18,18,18,18,18,18,0.85,0.12,0.81,0.16,0.79,0.13,-0.04,-0.31,0.468,0.759,0.509959,18,paired JZS t model,0.707107,retained_participant_level_phase_values; controlled access,1.96094,-0.06,-0.63,0.0237,0.218,0.28,-0.02,-0.19,0.417,0.833,NA,NA,estimable_all_18,exploratory_panel_only,SI_only,exploratory_coupling_panel,not available in authoritative submitted summary or revised central reanalysis: Friedman_chi2;Friedman_p,analysis_53_innovation_var.py::compute_innovation_metrics,analysis_53_innovation_var.py::compute_innovation_metrics
SNR_openloop_Mayer,SNR_openloop_Mayer,CGN,Open-loop Mayer-band signal-to-noise ratio gamma-squared/(1-gamma-squared),dimensionless ratio,RRI; SBP,exploratory phase-specific 4-Hz interpolated and standardized RRI/SBP series,exploratory model-based panel; distinct from focused native paired-beat VAR; diagnostic limitations apply,project-specific implementation using standard scientific-computing functions,analysis_55_cgn.py::compute_cgn_metrics,exploratory_directionality_or_model_decomposition,18,18,18,18,18,18,18,5.05,4.54,6.58,6.28,5.61,5.4,1.53,0.2,0.551,0.792,0.338402,18,paired JZS t model,0.707107,retained_participant_level_phase_values; controlled access,2.95506,0.56,0.1,0.966,1,3.8,-0.97,-0.11,0.393,0.833,NA,NA,estimable_all_18,exploratory_panel_only,SI_only,exploratory_coupling_panel,not available in authoritative submitted summary or revised central reanalysis: Friedman_chi2;Friedman_p,analysis_55_cgn.py::compute_cgn_metrics,analysis_55_cgn.py::compute_cgn_metrics
SNR_openloop_Mayer_dB,SNR_openloop_Mayer_dB,CGN,Ten times the base-10 logarithm of the open-loop Mayer-band signal-to-noise ratio,dB,RRI; SBP,exploratory phase-specific 4-Hz interpolated and standardized RRI/SBP series,exploratory model-based panel; distinct from focused native paired-beat VAR; diagnostic limitations apply,project-specific implementation using standard scientific-computing functions,analysis_55_cgn.py::compute_cgn_metrics,exploratory_directionality_or_model_decomposition,18,18,18,18,18,18,18,5.48,3.81,6.15,4.7,5.86,3.88,0.67,0.12,0.67,0.857,0.275202,18,paired JZS t model,0.707107,retained_participant_level_phase_values; controlled access,3.63369,0.38,0.1,0.799,0.963,3.8,-0.29,-0.05,0.799,0.933,NA,NA,estimable_all_18,exploratory_panel_only,SI_only,exploratory_coupling_panel,not available in authoritative submitted summary or revised central reanalysis: Friedman_chi2;Friedman_p,analysis_55_cgn.py::compute_cgn_metrics,analysis_55_cgn.py::compute_cgn_metrics
Snn_Syy_ratio_Mayer,Snn_Syy_ratio_Mayer,CGN,Mayer-band open-loop noise-to-output spectrum ratio,dimensionless ratio,RRI; SBP,exploratory phase-specific 4-Hz interpolated and standardized RRI/SBP series,exploratory model-based panel; distinct from focused native paired-beat VAR; diagnostic limitations apply,project-specific implementation using standard scientific-computing functions,analysis_55_cgn.py::compute_cgn_metrics,exploratory_directionality_or_model_decomposition,18,18,18,18,18,18,18,0.22,0.14,0.2,0.17,0.2,0.16,-0.02,-0.11,0.799,0.918,0.267741,18,paired JZS t model,0.707107,retained_participant_level_phase_values; controlled access,3.73495,-0.02,-0.12,0.265,0.701,3.67,0,-0.02,0.468,0.833,NA,NA,estimable_all_18,exploratory_panel_only,SI_only,exploratory_coupling_panel,not available in authoritative submitted summary or revised central reanalysis: Friedman_chi2;Friedman_p,analysis_55_cgn.py::compute_cgn_metrics,analysis_55_cgn.py::compute_cgn_metrics
Snn_openloop_Mayer,Snn_openloop_Mayer,CGN,Mayer-band integrated open-loop RRI noise spectrum,ms^2,RRI; SBP,exploratory phase-specific 4-Hz interpolated and standardized RRI/SBP series,exploratory model-based panel; distinct from focused native paired-beat VAR; diagnostic limitations apply,project-specific implementation using standard scientific-computing functions,analysis_55_cgn.py::compute_cgn_metrics,exploratory_directionality_or_model_decomposition,18,18,18,18,18,18,18,67.79,58.5,101.34,184.2,64.06,86.18,33.55,0.23,0.229,0.619,0.370389,18,paired JZS t model,0.707107,retained_participant_level_phase_values; controlled access,2.69986,-3.73,-0.05,0.346,0.72,4.03,-37.28,-0.26,0.442,0.833,NA,NA,estimable_all_18,exploratory_panel_only,SI_only,exploratory_coupling_panel,not available in authoritative submitted summary or revised central reanalysis: Friedman_chi2;Friedman_p,analysis_55_cgn.py::compute_cgn_metrics,analysis_55_cgn.py::compute_cgn_metrics
gamma2_mean_Mayer,gamma2_mean_Mayer,CGN,Duplicate of Coh_mean; retained for complete reporting of the exploratory panel,dimensionless mean squared coherence,RRI; SBP,exploratory phase-specific 4-Hz interpolated and standardized RRI/SBP series,exploratory model-based panel; distinct from focused native paired-beat VAR; diagnostic limitations apply,project-specific implementation using standard scientific-computing functions,analysis_55_cgn.py::compute_cgn_metrics,exploratory_directionality_or_model_decomposition,18,18,18,18,18,18,18,0.75,0.15,0.76,0.18,0.76,0.15,0.01,0.08,0.67,0.857,0.255996,18,paired JZS t model,0.707107,retained_participant_level_phase_values; controlled access,3.90632,0.01,0.1,0.899,0.963,3.8,0,-0.01,0.832,0.933,NA,NA,estimable_all_18,exploratory_panel_only,SI_only,exploratory_coupling_panel,not available in authoritative submitted summary or revised central reanalysis: Friedman_chi2;Friedman_p,analysis_55_cgn.py::compute_cgn_metrics,analysis_55_cgn.py::compute_cgn_metrics
PTT_mean,PAT_mean,PAT,Mean pulse arrival time; includes the pre-ejection period,ms,R-wave time; radial-pressure peak time,native paired beats; PAT = radial-pressure peak time minus reconstructed R-wave time,earliest SBP peak 0–500 ms after R wave; PAT includes pre-ejection period,project-specific implementation using standard scientific-computing functions,analysis_54_trivariate_ptt.py::phase PAT preprocessing,exploratory_context,16,16,16,16,16,16,16,308.85,68.84,308.94,70.09,309.09,67.64,0.09,0.03,0.98,1,0.256742,16,paired JZS t model,0.707107,retained_participant_level_phase_values; controlled access,3.89496,0.24,0.05,0.9,0.963,3.85,0.15,0.03,0.86,0.933,NA,NA,limited_estimability,PAT_includes_PEP;PAT_QC_excluded_S13_S16_all_beat_abs_PAT_lt_1e-6_ms,SI_only,exploratory_coupling_panel,not available in authoritative submitted summary or revised central reanalysis: Friedman_chi2;Friedman_p; PAT_QC_excluded_S13_S16_all_beat_abs_PAT_lt_1e-6_ms,analysis_54_trivariate_ptt.py::phase PAT preprocessing,analysis_54_trivariate_ptt.py::phase PAT preprocessing
