Subject,Phase,n_beats,n_resampled,a1,a2,sigma2,zeta,omega_n,f_n,is_complex,radius,z1_abs,theta_rad,error,z1_real,z1_imag,z2_real,z2_imag
1,Pre,433,1198,-1.9631840868256227,0.989132608471966,0.2361685985084594,0.03378710968842515,0.10288378880760733,0.10288378880760733,True,0.9945514609470772,0.9945514609470772,0.1616094775457315,,0.9815920434128114,0.1600302120870534,0.9815920434128114,-0.1600302120870534
1,Stim,421,1199,-1.9617945758958242,0.9888147655639049,0.32798168456531995,0.03407988246790396,0.1049989652949887,0.1049989652949887,True,0.9943916560208583,0.9943916560208583,0.16493198900263306,,0.9808972879479122,0.16326443599368357,0.9808972879479122,-0.16326443599368357
1,Post,441,1194,-1.9649004383425392,0.9890227900574552,0.5507585315664918,0.0354005145435851,0.0991870263103554,0.0991870263103554,True,0.9944962493933575,0.9944962493933575,0.15580261659401504,,0.9824502191712695,0.1543190101956968,0.9824502191712695,-0.1543190101956968
2,Pre,422,1196,-1.970107698900818,0.9908378428612581,0.09846311148827064,0.03186306826670593,0.09190452013830128,0.09190452013830128,True,0.9954083799432564,0.9954083799432564,0.14436328264909123,,0.985053849450409,0.14320180356472215,0.985053849450409,-0.14320180356472215
2,Stim,419,1198,-1.9691490117299177,0.9898083963786074,0.1306450057567737,0.035513103440667756,0.09175981409703754,0.09175981409703754,True,0.99489114800495,0.99489114800495,0.14413597893100913,,0.9845745058649589,0.14290359960259738,0.9845745058649589,-0.14290359960259738
2,Post,429,1196,-1.9714456448225404,0.9905114596133258,0.14200424276250473,0.03441349385014043,0.08813168154554486,0.08813168154554486,True,0.9952444220458236,0.9952444220458236,0.13843692164599944,,0.9857228224112702,0.13733891287936278,0.9857228224112702,-0.13733891287936278
3,Pre,324,1195,-1.964158936663311,0.9893055170642534,0.11433410915029905,0.03377521471030072,0.1012736908272918,0.1012736908272918,True,0.9946383850748236,0.9946383850748236,0.15908034155247197,,0.9820794683316554,0.15756089281819358,0.9820794683316554,-0.15756089281819358
3,Stim,322,1198,-1.9631660977842351,0.9881434548719886,0.0991321356564941,0.03758312633436301,0.10094757094028489,0.10094757094028489,True,0.9940540502769397,0.9940540502769397,0.15856807363186676,,0.9815830488921176,0.156965515319905,0.9815830488921176,-0.156965515319905
3,Post,339,1193,-1.9652397241067998,0.9884646922777262,0.19963351541911667,0.03791896695576411,0.09732565804763177,0.09732565804763177,True,0.9942156165931643,0.9942156165931643,0.15287878616411615,,0.9826198620533997,0.15140310094540166,0.9826198620533997,-0.15140310094540166
4,Pre,458,1198,-1.9635002099386951,0.9881632070064028,0.11674587946070437,0.037759192741534386,0.1003078111233248,0.1003078111233248,True,0.9940639853683478,0.9940639853683478,0.15756314126135487,,0.9817501049693477,0.15598057058197315,0.9817501049693477,-0.15598057058197315
4,Stim,471,1197,-1.9672583408163833,0.9909581725520817,0.08064281863924222,0.029404056894193533,0.09828383781133422,0.09828383781133422,True,0.9954688204821295,0.9954688204821295,0.15438389141734915,,0.9836291704081916,0.1530745820643473,0.9836291704081916,-0.1530745820643473
4,Post,445,1197,-1.9703271033408987,0.9938445283751526,0.05620562639584148,0.02008069284192873,0.09785550748445217,0.09785550748445217,True,0.9969175133255271,0.9969175133255271,0.15371107171322798,,0.9851635516704494,0.1526345466636512,0.9851635516704494,-0.1526345466636512
5,Pre,331,1199,-1.9615408824531024,0.9870730238968546,0.1557667150174919,0.04053856274707623,0.10208075493920882,0.10208075493920882,True,0.9935154874972281,0.9935154874972281,0.1603480748949592,,0.9807704412265512,0.15862649688223865,0.9807704412265512,-0.15862649688223865
5,Stim,329,1195,-1.9695125235525524,0.9931417509696608,0.11000219889738377,0.02232416697657311,0.0981009905720102,0.0981009905720102,True,0.996564975789166,0.996564975789166,0.1540966756454544,,0.9847562617762763,0.15296030812624284,0.9847562617762763,-0.15296030812624284
5,Post,326,1197,-1.9679986963351817,0.9931780691120863,0.10478265711584336,0.021509950066408136,0.10127520697988603,0.10127520697988603,True,0.9965831972856488,0.9965831972856488,0.15908272311939783,,0.9839993481675908,0.15787131442362393,0.9839993481675908,-0.15787131442362393
6,Pre,359,1199,-1.9665821221849882,0.9915403444788287,0.08336001364190958,0.02680297541723916,0.10085727792029771,0.10085727792029771,True,0.9957611884778539,0.9957611884778539,0.15842624168773567,,0.9832910610924938,0.157095619462879,0.9832910610924938,-0.157095619462879
6,Stim,362,1198,-1.9705382563838563,0.9938730240056057,0.05697934047114241,0.020065819828445335,0.097473332319199,0.097473332319199,True,0.9969318050928085,0.9969318050928085,0.15311075236745605,,0.985269128191928,0.152045286140425,0.985269128191928,-0.152045286140425
6,Post,366,1193,-1.9707882384555515,0.9935505806234014,0.1003732295142322,0.021387999966311223,0.09627321305077352,0.09627321305077352,True,0.9967700741010442,0.9967700741010442,0.15122560942889754,,0.9853941192277756,0.15016327918208708,0.9853941192277756,-0.15016327918208708
7,Pre,358,1195,-1.9643775829110277,0.9880488863408442,0.16120276409537648,0.03891701387565288,0.09826481397419623,0.09826481397419623,True,0.9940064820416636,0.9940064820416636,0.15435400884385125,,0.9821887914555137,0.1528203660511302,0.9821887914555137,-0.1528203660511302
7,Stim,346,1198,-1.9701439789504862,0.9953861372944666,0.04899010854773395,0.014521599105442979,0.10135807974084754,0.10135807974084754,True,0.9976904015246745,0.9976904015246745,0.15921289934790753,,0.985071989475243,0.15817494379879884,0.985071989475243,-0.15817494379879884
7,Post,348,1197,-1.9616856438235017,0.9872413077516045,0.1923080616423232,0.03999067550751967,0.10212577246836345,0.10212577246836345,True,0.9936001749957598,0.9936001749957598,0.16041878826439668,,0.9808428219117508,0.15870937734046442,0.9808428219117508,-0.15870937734046442
8,Pre,262,1197,-1.9703930603456432,0.9945745906955007,0.329094040270762,0.017450636188357883,0.09921698339673041,0.09921698339673041,True,0.9972836059494313,0.9972836059494313,0.15584967307525435,,0.9851965301728216,0.15479789285042947,0.9851965301728216,-0.15479789285042947
8,Stim,270,1191,-1.9694808039451601,0.9898941234838802,1.1943871258657555,0.0354255893972598,0.09120908628888441,0.09120908628888441,True,0.9949342307328057,0.9949342307328057,0.1432708977128984,,0.9847404019725798,0.14205796072998414,0.9847404019725798,-0.14205796072998414
8,Post,294,1196,-1.9698779798080497,0.9932160711923294,0.3171611360986987,0.022219413750100364,0.09749197596025658,0.09749197596025658,True,0.9966022632887852,0.9966022632887852,0.1531400377303474,,0.9849389899040246,0.15202387101757622,0.9849389899040246,-0.15202387101757622
9,Pre,311,1199,-1.9667468586300492,0.9896080718498319,0.12407598878177245,0.03442175253051383,0.09654332554420424,0.09654332554420424,True,0.9947904663042523,0.9947904663042523,0.15164990114139992,,0.9833734293150246,0.15028230224161537,0.9833734293150246,-0.15028230224161537
9,Stim,314,1196,-1.9693586322333374,0.9922021594636766,0.0837573677721651,0.02582238272156099,0.09646774559387858,0.09646774559387858,True,0.9960934491621136,0.9960934491621136,0.15153118043304903,,0.9846793161166684,0.15036224218761296,0.9846793161166684,-0.15036224218761296
9,Post,326,1199,-1.9693987096286176,0.9926764621558872,0.05723894597674287,0.024021178374807807,0.09737479930734061,0.09737479930734061,True,0.996331502139668,0.996331502139668,0.15295597707436087,,0.9846993548143088,0.1518013266877836,0.9846993548143088,-0.1518013266877836
10,Pre,394,1198,-1.9681616023738415,0.9919672680442115,0.038422304326116194,0.026057618584808102,0.09848755106979028,0.09848755106979028,True,0.995975535866324,0.995975535866324,0.15470388345545136,,0.9840808011869207,0.15346740624484267,0.9840808011869207,-0.15346740624484267
10,Stim,393,1197,-1.967142766767454,0.9905861867806364,0.029208663850214433,0.030783930228345628,0.09775478131888357,0.09775478131888357,True,0.9952819634559026,0.9952819634559026,0.15355285142234068,,0.9835713833837272,0.15222851431074882,0.9835713833837272,-0.15222851431074882
10,Post,394,1196,-1.9665356959657307,0.988843367326864,0.04395386386972139,0.03741848749522537,0.09537328739307192,0.09537328739307192,True,0.9944060374549544,0.9944060374549544,0.1498120095113914,,0.9832678479828654,0.14841733877821947,0.9832678479828654,-0.14841733877821947
11,Pre,311,1197,-1.9667056021074685,0.9891232168488779,0.06376621865528793,0.03638759611577324,0.09560534296268403,0.09560534296268403,True,0.9945467393988469,0.9945467393988469,0.15017652154775038,,0.9833528010537342,0.14879679266923962,0.9833528010537342,-0.14879679266923962
11,Stim,302,1196,-1.966813972925062,0.9893288719626601,0.047533294804386214,0.03562038909262157,0.0958106266130925,0.0958106266130925,True,0.994650125402224,0.994650125402224,0.15049898035176307,,0.983406986462531,0.14912937651362784,0.983406986462531,-0.14912937651362784
11,Post,304,1193,-1.9661686577383297,0.9893925720292107,0.13825843747609204,0.03486147782671672,0.09731145811849151,0.09731145811849151,True,0.9946821462302471,0.9946821462302471,0.1528564809675819,,0.9830843288691647,0.15145221807908432,0.9830843288691647,-0.15145221807908432
12,Pre,356,1197,-1.9744238904459894,0.9962919809193732,0.0254576516715939,0.012537544854227546,0.09430872742493354,0.09430872742493354,True,0.9981442685901538,0.9981442685901538,0.14813980262378673,,0.9872119452229946,0.14732466232238306,0.9872119452229946,-0.14732466232238306
12,Stim,358,1199,-1.9649302652384475,0.9883656809029259,0.056600751722689864,0.03807294782977706,0.09776835185169197,0.09776835185169197,True,0.994165821632853,0.994165821632853,0.15357416796542878,,0.9824651326192237,0.15207874305903782,0.9824651326192237,-0.15207874305903782
12,Post,365,1195,-1.9669145648922512,0.9889430297170204,0.06805028372010291,0.03731800681511122,0.09477140927988136,0.09477140927988136,True,0.9944561477094005,0.9944561477094005,0.1488665815820134,,0.9834572824461258,0.14749509592085402,0.9834572824461258,-0.14749509592085402
13,Pre,473,1199,-1.9640581460976323,0.9884289002816468,0.06886790105383038,0.037130260638305525,0.09970616657334927,0.09970616657334927,True,0.9941976163125953,0.9941976163125953,0.15661808021221713,,0.9820290730488161,0.15507353084433706,0.9820290730488161,-0.15507353084433706
13,Stim,468,1196,-1.9697267874530247,0.9923428116640888,0.10016621716902895,0.025483176010697675,0.09598268834698065,0.09598268834698065,True,0.9961640485703592,0.9961640485703592,0.15076925429133653,,0.9848633937265124,0.14962254964271068,0.9848633937265124,-0.14962254964271068
13,Post,473,1197,-1.9653376020101034,0.9895733264186334,0.09942876405154193,0.03354153552959423,0.09941285592414217,0.09941285592414217,True,0.9947730024576629,0.9947730024576629,0.1561573489218328,,0.9826688010050517,0.15471054892904862,0.9826688010050517,-0.15471054892904862
14,Pre,310,1196,-1.9644952136626905,0.9889944790795514,0.23121441777180315,0.035217433727596864,0.09996187355594187,0.09996187355594187,True,0.994482015463101,0.994482015463101,0.1570197438012094,,0.9822476068313453,0.15551243665265585,0.9822476068313453,-0.15551243665265585
14,Stim,323,1197,-1.97252182430206,0.9968148746068926,0.05436634006023297,0.010215520748513455,0.09939992355854733,0.09939992355854733,True,0.9984061671518725,0.9984061671518725,0.15613703480945965,,0.9862609121510301,0.15525555632540422,0.9862609121510301,-0.15525555632540422
14,Post,327,1193,-1.9707217129691474,0.9934942473749684,0.09099440954057114,0.021570283074434527,0.0962957947760652,0.0962957947760652,True,0.996741815805361,0.996741815805361,0.1512610807200384,,0.9853608564845736,0.15019397418989805,0.9853608564845736,-0.15019397418989805
15,Pre,370,1194,-1.966010702067533,0.9888783720338898,0.8863229774242617,0.036840333814546065,0.09656646122692213,0.09656646122692213,True,0.9944236381109861,0.9944236381109861,0.15168624258683108,,0.9830053510337664,0.15026260969672856,0.9830053510337664,-0.15026260969672856
15,Stim,382,1197,-1.9673218398154366,0.9908752555060235,0.3940276379348774,0.02976659519395999,0.0979801675067558,0.0979801675067558,True,0.995427172376776,0.995427172376776,0.15390688721836068,,0.9836609199077184,0.1525989847683294,0.9836609199077184,-0.1525989847683294
15,Post,377,1193,-1.9675130522435054,0.9890373380241242,0.8524018088533194,0.03743044215700668,0.09367597150762134,0.09367597150762134,True,0.9945035636055427,0.9945035636055427,0.147145871953115,,0.9837565261217525,0.14580958588853352,0.9837565261217525,-0.14580958588853352
16,Pre,275,1199,-1.9739675507299954,0.9973687692517821,0.053227320679800724,0.008597471976863566,0.0975425791097693,0.0975425791097693,True,0.9986835180635468,0.9986835180635468,0.15321952497172622,,0.9869837753649979,0.15241980323448104,0.9869837753649979,-0.15241980323448104
16,Stim,281,1196,-1.9653094464011385,0.9883912610669779,0.2015531386453147,0.038279441923749796,0.09702513059818066,0.09702513059818066,True,0.9941786866891577,0.9941786866891577,0.1524067187504173,,0.9826547232005693,0.15093361467410335,0.9826547232005693,-0.15093361467410335
16,Post,289,1192,-1.9637520242710647,0.9878626051694752,0.2279071605398536,0.03916302395478189,0.09917794694089167,0.09917794694089167,True,0.9939127754332747,0.9939127754332747,0.15578835475381178,,0.9818760121355323,0.15421446742215628,0.9818760121355323,-0.15421446742215628
17,Pre,325,1196,-1.9720905431880151,0.9952749660343279,0.05078341824600533,0.0155192022330121,0.09713179578976099,0.09713179578976099,True,0.9976346856612033,0.9976346856612033,0.15257426804154856,,0.9860452715940077,0.151623508736039,0.9860452715940077,-0.151623508736039
17,Stim,317,1195,-1.9656779838252514,0.9891317283655511,0.0352148291366289,0.03554529495307195,0.09779681922715304,0.09779681922715304,True,0.9945510184829891,0.9945510184829891,0.15361888441423652,,0.9828389919126257,0.15218161630671673,0.9828389919126257,-0.15218161630671673
17,Post,316,1193,-1.972351156325666,0.9946382602284968,0.037829552190755095,0.0179649970926725,0.09524134301466536,0.09524134301466536,True,0.9973155269163801,0.9973155269163801,0.14960475176644913,,0.9861755781628332,0.14864719729513542,0.9861755781628332,-0.14864719729513542
18,Pre,295,1191,-1.965302962417566,0.9884367048147678,0.7956485040474358,0.03808625500739128,0.09713402258356822,0.09713402258356822,True,0.9942015413460029,0.9942015413460029,0.1525777658810815,,0.982651481208783,0.1511051663344192,0.982651481208783,-0.1511051663344192
18,Stim,304,1190,-1.9671910696473704,0.9891369081188524,0.3452748377725338,0.03673094328348956,0.09459059809653438,0.09459059809653438,True,0.9945536225457391,0.9945536225457391,0.14858256403936854,,0.9835955348236853,0.14723020068505244,0.9835955348236853,-0.14723020068505244
18,Post,338,1195,-1.968211988750939,0.9903237906333664,0.13758195652257574,0.03258480600035864,0.09493344576315672,0.09493344576315672,True,0.9951501347200665,0.9951501347200665,0.1491211078947491,,0.9841059943754695,0.1478485118884689,0.9841059943754695,-0.1478485118884689
