subject,phase,filter,r_-10s,r_-9s,r_-8s,r_-7s,r_-6s,r_-5s,r_-4s,r_-3s,r_-2s,r_-1s,r_+0s,r_+1s,r_+2s,r_+3s,r_+4s,r_+5s,r_+6s,r_+7s,r_+8s,r_+9s,r_+10s,rhomax,n_windows
1,Pre,filtfilt,-0.10203213344488404,0.3606360312149913,0.7020974944975167,0.7926970800630079,0.5921715517199296,0.16712077531626873,-0.33059046912664747,-0.8209679242332499,-0.7943884666885732,-0.47188465144756697,0.0326729706110375,0.534223274451405,0.8446772049471377,0.8442275857531538,0.28450882685215845,-0.2616897236606139,-0.7125091880068993,-0.8974271046571944,-0.7461824647984228,-0.31640768556806054,0.22819120142253596,0.9005323707239312,512
1,Stim,filtfilt,-0.0641155745335998,0.3912447189930798,0.7328207094005983,0.8202624612048084,0.6034522245628017,0.1478231808753373,-0.3852921974190718,-0.9051652969300144,-0.8679416614655974,-0.5127703587646778,0.033872727252710996,0.5722039309521334,0.9049570461242181,0.9121700301177942,0.35007105543804073,-0.20090102591386172,-0.663550740885215,-0.8771705129246581,-0.7777314845145893,-0.41635366136273105,0.06580307811910893,0.9552095218492942,640
1,Post,filtfilt,0.26298479285313614,0.5304659088904974,0.6746534820391201,0.6192808286773045,0.34890786674640345,-0.07250499728522213,-0.5142215770286944,-0.8846304476106446,-0.7905164090808926,-0.4276423222687659,0.08896157225853486,0.5849414436034981,0.890549758569874,0.9035823544291248,0.4074456286625957,-0.09267532841144882,-0.5347844006972419,-0.7819140098268663,-0.7736895728955429,-0.5388327307409901,-0.17434959386765547,0.9386984016568051,512
2,Pre,filtfilt,0.211975071106598,0.4432437335981724,0.5727784220387983,0.5216428468548902,0.2695426321099268,-0.12163101385995656,-0.5197687929836852,-0.8009733078328074,-0.6460613018394769,-0.24629008290833634,0.25863062684618227,0.680915492128267,0.8606069055419945,0.7315834774131351,0.10639282757077168,-0.36204475374733347,-0.6705983123894357,-0.7219417959314615,-0.5248475939793245,-0.18017786452508047,0.1698954097128462,0.8751871162200993,512
2,Stim,filtfilt,-0.004867688242609658,0.2578794688279613,0.46913687734730275,0.5176063143002451,0.35181653431065407,0.0125378166634583,-0.37605147922277155,-0.7119028756841416,-0.6205659066104258,-0.2865253211956391,0.16749207113723363,0.5673661120972258,0.7597122625965118,0.6747264644346778,0.14077983699751645,-0.2815273160214583,-0.576560139089029,-0.6513519205539099,-0.503528611149131,-0.21157818053180044,0.1059678771635768,0.8051434815397555,640
2,Post,filtfilt,0.4847909153506298,0.770075172498265,0.8178261882535771,0.5941212330469561,0.15885606726085102,-0.34962103913632187,-0.7602208266883348,-0.8997172182083363,-0.6210912860233306,-0.13680034029746868,0.3903561021870301,0.7837830732552304,0.9152609838372314,0.7486159387047452,0.10471416557545632,-0.3707419519263617,-0.7024915887100721,-0.7943314886690346,-0.6350419333629804,-0.29496693350585723,0.10452771414912024,0.9425412348478486,512
3,Pre,filtfilt,-0.3794623427218904,0.07416258145104546,0.5176878007004276,0.7682545888327483,0.7198256421833793,0.3899227382363565,-0.08751400168994161,-0.663434179564001,-0.739148669182053,-0.5331383214902199,-0.14359506833920618,0.2656900446843681,0.5376667281555941,0.5853411765221517,0.28284854003754534,-0.01950713166365281,-0.2631719982296594,-0.3732572318578189,-0.34043850686396704,-0.21030626758173535,-0.05153362215108333,0.7961249833540349,512
3,Stim,filtfilt,0.07718910772403297,0.5278967189061249,0.7971357465239404,0.7726665365807559,0.45321991542408807,-0.04716469137514956,-0.5410461152091706,-0.875543428654099,-0.7011691411530945,-0.266260490644214,0.26520926285145296,0.6940574577647122,0.8626224097998578,0.7139218928119009,0.05983009785001746,-0.4222678256377111,-0.7355903486255471,-0.7743990831088106,-0.5373464695541914,-0.12241601812693781,0.31412463638991417,0.8989578291898379,640
3,Post,filtfilt,-0.09025939204165279,0.4029186680192206,0.7853883025632188,0.9232392017948313,0.7605246305508224,0.34256565711150144,-0.195956679226234,-0.840038994211922,-0.9484402443501937,-0.7434213537071921,-0.2968616109256149,0.23685781804176942,0.6760657098577602,0.8762594222563964,0.6315548524578307,0.20612089027521935,-0.257415231811685,-0.6013717367535554,-0.7202368472246814,-0.5940064114326891,-0.28842170696916647,0.9385193373423051,512
4,Pre,filtfilt,-0.015532306283451798,0.4491961499838418,0.7520770637334893,0.7677792270132471,0.48256438100411947,0.0030041098512261465,-0.484481225082349,-0.8279273582513063,-0.6654294532310034,-0.24523546152534387,0.26739590970256755,0.6721647538625336,0.8136766443809091,0.642076306260849,-0.01637147250397951,-0.47084817820796854,-0.7343616938501958,-0.7146121130101419,-0.4304789896306517,0.0005830541997508265,0.41211948225375966,0.8747114840567958,512
4,Stim,filtfilt,-0.010205490568313547,0.46565479340552224,0.7927670087335233,0.8292906284743939,0.5457360339021153,0.04321896341506393,-0.48439597825043545,-0.88699372113621,-0.7453608239918117,-0.32797513882888074,0.19493943030634794,0.6181370147097207,0.786484917530978,0.6549343683334676,0.08395899512499141,-0.3115708425461536,-0.546677451368877,-0.5580224604800199,-0.37665177297875185,-0.10109229775288871,0.1534101986636796,0.8956997129306522,640
4,Post,filtfilt,0.11998719296955251,0.5586964279884105,0.8287434256937558,0.8062459416815777,0.47632610552865245,-0.05204844490380805,-0.5837554506444664,-0.9582434647352069,-0.7811519108066342,-0.3202519973648453,0.24797927281791612,0.7093142285293483,0.8977738235719839,0.7589819769749708,0.12180863980484205,-0.3410230675143456,-0.6394980329186195,-0.6884486279934967,-0.504065934010604,-0.18382235903265723,0.1425822405554936,0.898131375474894,512
5,Pre,filtfilt,-0.1010846343650649,0.3543731817380638,0.6869950944063511,0.7762323159843956,0.5908013176020375,0.20137765870466537,-0.24625194976448947,-0.6772740947984288,-0.660300515422529,-0.40829941359395383,-0.028929213697124992,0.32788349136598405,0.5304642178183472,0.5159028271155985,0.16534146138679245,-0.13029805899619595,-0.33485857603559493,-0.3765412534865942,-0.2571415688498726,-0.04518918913037319,0.15823479652279446,0.7974444502676821,512
5,Stim,filtfilt,0.015064217619490772,0.45587780032833114,0.7712639910078101,0.8421761692214641,0.6293352110834097,0.19271205422846494,-0.32488072713526783,-0.8712307374791803,-0.893817035394419,-0.6149213823670558,-0.13025543029009387,0.3916270107859592,0.7704902337022267,0.8797198147964993,0.5056373674674054,0.04042263410334461,-0.40814291866326863,-0.6881930179401937,-0.717089986837189,-0.50641664927295,-0.15063429112839738,0.9288227064973462,640
5,Post,filtfilt,-0.12120686929178742,0.2892824121601534,0.6101897746086323,0.715189887324773,0.5565512427732705,0.18694451904107762,-0.25837479408933917,-0.7116102037659308,-0.7057539911870514,-0.44317276802274186,-0.024438767615449178,0.3935561109876516,0.6587875946166,0.6812420447444332,0.2904997159800557,-0.10183345900963418,-0.43623505876798724,-0.6013034896926248,-0.5534146522336264,-0.3256851278166696,-0.008787915231363574,0.8497474535706815,512
6,Pre,filtfilt,-0.1274443812929174,0.1802881814836675,0.4467390461484556,0.5459214147518947,0.4152472335178302,0.09088651873197873,-0.3003262923670096,-0.6555318431774286,-0.5761037774070379,-0.2508551972049453,0.19185480302470925,0.5688352324102546,0.7208314955311556,0.5819880782749227,-0.019808550671274017,-0.4428788234982725,-0.6821538359833659,-0.6476765434800971,-0.36436210659394785,0.0437997133824992,0.41040188107006553,0.810068890727942,512
6,Stim,filtfilt,-0.06707382118660161,0.3666008394615811,0.7075341216697584,0.8160685564892116,0.630550052585413,0.19973823558051368,-0.3279424822629899,-0.880226988767804,-0.8794133410218372,-0.5579627318800562,-0.03283047681422484,0.5001375550201047,0.8431415618714461,0.8739457321601186,0.36688308719276874,-0.140331072985672,-0.5638476398010477,-0.7569414927189584,-0.6697803283482221,-0.3602873707121728,0.038029650810530356,0.9020569030540748,640
6,Post,filtfilt,0.26901561509318683,0.6597510327960854,0.8559328390198376,0.782755270743833,0.45311137783490385,-0.03181882872391009,-0.5138693663052327,-0.8917992560742434,-0.7897531538261995,-0.4325498739596749,0.0549458855393916,0.5051880721888222,0.7687503025086928,0.7673275484861052,0.33164478497009936,-0.08007506722866291,-0.4213166931336093,-0.586308499332652,-0.5426877342013343,-0.33510982894318614,-0.059319110817164344,0.8713729888750084,512
7,Pre,filtfilt,0.30398529703778415,0.6104434953494243,0.6908770091194001,0.5161024508814922,0.1539226293993381,-0.2596341390624557,-0.5739571864965494,-0.6424261628111654,-0.4077563465660543,-0.04275274083134473,0.32353416668109336,0.5694909365054889,0.6207031565873575,0.47025486813107986,0.0041812450553199085,-0.3173943545783683,-0.5298297416694533,-0.5705910400142779,-0.4309601901046903,-0.1572911094720294,0.16311662977500072,0.7519125456220893,512
7,Stim,filtfilt,-0.0448871888040392,0.36500623547527894,0.6443589428468319,0.6733864211482142,0.4331440405492903,0.01705334085181381,-0.40637719155959956,-0.6946922073799752,-0.5450688588373263,-0.18291792949307378,0.23842407652171102,0.5460952010796994,0.6211129201681365,0.446030433405067,-0.07834904735048256,-0.38493896247539156,-0.5137276233815294,-0.4296172422583274,-0.18710281279280264,0.1010308250914127,0.3163600343833076,0.7571921910650368,640
7,Post,filtfilt,0.19335220311453022,0.5985749672766626,0.7839906276830297,0.6487186005734689,0.22696636188111405,-0.3168458230148032,-0.7538559005098009,-0.8177856640144796,-0.42288032446927787,0.15656661096916646,0.6770754149552007,0.9182991818273802,0.779716465506958,0.32388806762687944,-0.5099555850477072,-0.8295362208151823,-0.8025425004645085,-0.4583925292336245,0.044094357524050595,0.4922290546221548,0.7126975947301122,0.9290625993334678,512
8,Pre,filtfilt,0.14097779050883352,0.3837405029091399,0.560177199304516,0.5885468949092376,0.42353907054124706,0.08796087800566871,-0.3213341078375074,-0.7618049213815281,-0.7652612036075844,-0.5001087897371765,-0.05050116183336744,0.4236391102299113,0.7486326992583681,0.8069650302175996,0.3939678461274691,-0.051313703678857556,-0.4403282131856286,-0.6393764206299497,-0.5996295719901121,-0.3681846441831764,-0.057976723954729775,0.8544664075612646,512
8,Stim,filtfilt,0.6035604244517182,0.8739327489424618,0.9060807800554397,0.6819972651972206,0.2584437851696525,-0.24710410535502722,-0.6898560630440068,-0.9681844502913295,-0.8166844041606275,-0.43544966101363813,0.06378013109316712,0.5361256498221045,0.847579602493371,0.9147036063422359,0.5561583558922403,0.1237638101637325,-0.3201300660377359,-0.6538074164491943,-0.7946109674754054,-0.7188748227075704,-0.4630621182153649,0.9420615139007248,640
8,Post,filtfilt,0.29256438916784566,0.6159491323413088,0.7788149882241152,0.720517751296028,0.44489225986668113,0.024518994958424294,-0.4178791590198728,-0.8333686662171639,-0.815616576487529,-0.5537995563976228,-0.12864680739829368,0.3273799999122276,0.6741080188466337,0.8098818029766579,0.5712962725115674,0.20736751507929774,-0.1873357532584229,-0.4955182443595555,-0.6382328058850366,-0.5949769134414742,-0.4019261438570334,0.8355234581728721,512
9,Pre,filtfilt,-0.37549102201243445,-0.22420042751886943,-0.0003529598456179506,0.21362536263486323,0.34035685967597507,0.3366501221604141,0.2097380009181713,-0.08508962315651747,-0.23622978135817624,-0.2804651705179611,-0.2063747248031553,-0.05223034637523766,0.11108628645972132,0.21104704043567415,0.16227466615163244,0.02350286697472187,-0.12757360123253036,-0.2182634812334145,-0.20280691592017736,-0.08372294676869152,0.0882414228283818,0.7716656059796645,512
9,Stim,filtfilt,0.08751241563264922,0.2754483469607811,0.3939226183688658,0.37931428813515244,0.21123868271770135,-0.06815596287856222,-0.36068646784217473,-0.5683466205186622,-0.4448299782617486,-0.13089487888463336,0.26179546624764566,0.5780216200498798,0.6829161297668469,0.5218511257453068,-0.07433322078939573,-0.48170074715435673,-0.7031924501749072,-0.6490890692995279,-0.34296603935347136,0.08851681113798832,0.4700519508511639,0.7631704048505565,640
9,Post,filtfilt,0.25397037271336,0.28419494973942294,0.20961832501397443,0.04649143725412433,-0.1516043861458077,-0.31086047196444744,-0.36503142376004283,-0.1959936899843689,0.0348660255979478,0.26713931305387734,0.4101497945713233,0.4032362171272995,0.2420670465289157,-0.01680914524260621,-0.3737596009755861,-0.45640167163829565,-0.3674892616005444,-0.14010740213263978,0.13869615244103192,0.3623396405096081,0.446787186170588,0.7261630605540546,512
10,Pre,filtfilt,0.45732888416269685,0.7978956799537894,0.8678021384036555,0.6401098249217338,0.19257171074918206,-0.32007559169547584,-0.7211309353449,-0.8383031224688184,-0.5601811514420239,-0.09979603321751224,0.3823592534680806,0.7221675237569958,0.8086085498556324,0.6206237187419774,0.004599140136433796,-0.41563040935255835,-0.6741967971177019,-0.6896711119179075,-0.46844635935174117,-0.09942877396847163,0.28035452195804084,0.8899590844884012,512
10,Stim,filtfilt,0.6184499571970923,0.8006695766605801,0.6922174238299525,0.3301673713512773,-0.1533707125184733,-0.5796303233072131,-0.7902143987774135,-0.561518685634789,-0.13132230827237953,0.3418713420285953,0.6805580613414828,0.7599242705624017,0.5546166356472406,0.14689936529697323,-0.4955557639743504,-0.7113580439367827,-0.6569929843648241,-0.3598965499981935,0.0627872633417676,0.4508012883777216,0.6618284494997754,0.8428121756353606,640
10,Post,filtfilt,-0.07674717909627624,0.35443448029341645,0.6585999258986014,0.7102803418438091,0.48329201725186605,0.06422254190075152,-0.3813585591843716,-0.7273021480443871,-0.6124486139090546,-0.2624823668590701,0.1802080906913051,0.5407976317997494,0.6832187663895526,0.5624723578427128,0.03855069122078281,-0.33495352189144606,-0.5652871905214977,-0.5792386061789847,-0.3884661910296427,-0.07641952410959622,0.23955727694879483,0.8438827102800441,512
11,Pre,filtfilt,-0.19464522258583056,-0.10687984815527757,0.07065385962685287,0.24786324186479247,0.32535503187891884,0.24558361220019104,0.02577390402094753,-0.36071156645322916,-0.48312324589016997,-0.41053367914208744,-0.16006015182646294,0.1713448525519068,0.44862430288466826,0.5579850473695608,0.33710859411873995,0.024314844044551424,-0.28086955557611093,-0.46551183781459293,-0.47387623298822656,-0.3240132599671832,-0.09099452288833454,0.694973795267565,512
11,Stim,filtfilt,0.0847110786193694,0.3183354501424769,0.4841242266583222,0.5152050098870689,0.38086603380292483,0.10630707697621888,-0.22754425885315252,-0.5941946540706411,-0.6146946896021208,-0.4265845817964416,-0.09034163548802014,0.2766630678046428,0.5443525970281536,0.6202572798331232,0.3537423658653036,0.029717606928576324,-0.274609220671875,-0.4564586100863936,-0.46848838748872923,-0.3308295652433622,-0.1146121926212329,0.7512294580782224,640
11,Post,filtfilt,-0.3848488268467972,-0.06453750909726338,0.3113662753857637,0.5929348523505711,0.6603913495812463,0.4752152369695787,0.09887817219576643,-0.5113978606291887,-0.7236612366514449,-0.6747164382871793,-0.3827878719257434,0.043132111352668534,0.44713399642109247,0.6865926625983262,0.5929229014621875,0.277381326140751,-0.11184149653354894,-0.4411435330617529,-0.6084469442508953,-0.5741589495078547,-0.3669356320947896,0.8624607811632476,512
12,Pre,filtfilt,-0.04103363426676217,0.2535895327611061,0.5342096607895581,0.6628890263155579,0.5430526895113416,0.17756792779319738,-0.31536073449985846,-0.8694522211290008,-0.8725136067633109,-0.5341759258087686,0.02557488936047964,0.5876756519036399,0.926827945316692,0.9092745113903207,0.28748055622758284,-0.2672659021037668,-0.6773097372787524,-0.7962759579889845,-0.6095583072061006,-0.22875562834981392,0.16936853112217184,0.9661127648564948,512
12,Stim,filtfilt,-0.21611295355583424,0.23982727079062008,0.6477064396125254,0.8194866554699256,0.6556136121435483,0.19930084446301236,-0.3721350622997746,-0.9300229574570243,-0.8603981725850385,-0.43573317426812785,0.1714776537304759,0.7088130127233059,0.9540740184353307,0.8116969138765299,0.06259345985342224,-0.48086204228412477,-0.7999822968828747,-0.7825092021068072,-0.46363178982901393,0.0006598137923210818,0.4105099016038872,0.9552515015437948,640
12,Post,filtfilt,0.3762914083860486,0.6596106081065596,0.7650187280696819,0.627442579042513,0.2640005087383142,-0.22082071903609152,-0.66614496855616,-0.9269803978932372,-0.7260650175025445,-0.2819457938154827,0.25425875298615297,0.698803120152951,0.9039889438189977,0.8115313718374604,0.2440477735354426,-0.21623764178786664,-0.5655381984560468,-0.7083099640457108,-0.6296993959303204,-0.3878954646543023,-0.0809448206763618,0.9217715790225873,512
13,Pre,filtfilt,-0.1569042613607744,0.2861028338471473,0.6418459678341899,0.7863620913039358,0.667446191947227,0.324248145501975,-0.1258438470229192,-0.6674227717807821,-0.7625343332933487,-0.6010935232577492,-0.2454526269737416,0.17692835489445755,0.5202721411941931,0.6722729967721386,0.47477337046423995,0.14471120304153115,-0.20780954162782583,-0.46135635537690367,-0.5375828546084327,-0.4257489545287881,-0.18150899958992017,0.8096381051967838,512
13,Stim,filtfilt,0.21285852613775197,0.6293916995486043,0.8478923581076142,0.7812321314350991,0.4404109818077118,-0.06442362441695634,-0.5598691797762143,-0.9172157399738425,-0.7705797914397398,-0.35694902044721794,0.17781148731194243,0.6443458228960178,0.8793577746957274,0.805232358446365,0.21884650005002823,-0.27589764708577424,-0.649642701186085,-0.7785651326068177,-0.6330620254011883,-0.28301763412517944,0.134017397642346,0.9212600891919382,640
13,Post,filtfilt,-0.18140692594088437,0.21663788233567324,0.586038517113675,0.7663130194112009,0.6611376264943722,0.2879859262151439,-0.220385738979266,-0.8070012120935575,-0.8498030044011093,-0.5722815699338755,-0.0844581956167536,0.42021421643855517,0.7468894699220502,0.7799863935946059,0.3277558136616896,-0.10925127517949398,-0.45404866672496824,-0.5894922980581412,-0.4960049184830614,-0.24694790198916394,0.03533857306883209,0.8542837241978922,512
14,Pre,filtfilt,0.0614849825866102,0.27398217547841525,0.44820019788295884,0.507519713786391,0.40380450685643954,0.14543568078916827,-0.19584060972798067,-0.6113941557894371,-0.6709307612269506,-0.5079561343719639,-0.1706621817059675,0.22719335441924332,0.548864139865197,0.686523356544863,0.4843583926711318,0.16045094254499456,-0.18526339869533184,-0.4419980786411624,-0.5424344090492192,-0.47979903840295635,-0.2994821240673604,0.7463193506093233,512
14,Stim,filtfilt,0.1477378944705661,0.5032239105749992,0.7177388226830586,0.701562151807962,0.44088010252090715,0.010369140721078062,-0.44746870479830614,-0.8417285113369513,-0.7638242711378085,-0.42120486591171813,0.06965554957393083,0.5368365989412095,0.816350478377147,0.8129741638383781,0.32273923477795163,-0.14925852296588488,-0.5453305283721935,-0.7344144569463245,-0.6669090299903832,-0.3867966794475439,-0.008128602910081013,0.8856724654186798,640
14,Post,filtfilt,-0.28955914925820736,0.08111584478638122,0.4722428570746456,0.7322084808053706,0.7433163763899987,0.47598843039554706,0.010555191850134066,-0.6862186795426676,-0.8883203470670152,-0.7668342231703806,-0.3612045344909716,0.1768261251956971,0.6431364709525573,0.8633257843233604,0.6025831089009432,0.14993023436810862,-0.32470821311963305,-0.6440632629867165,-0.7040213815547076,-0.5088009130860016,-0.15921107546734123,0.8881984248129774,512
15,Pre,filtfilt,0.4502082390189863,0.7210605065370854,0.7792550182292136,0.5820434344343774,0.17403556794233355,-0.32125383580317857,-0.7404558742270795,-0.924309604550257,-0.6755841381904614,-0.20211329777035772,0.34306607286559676,0.7812188493186116,0.96974375079253,0.8506910250110139,0.21732785393074072,-0.3027132967156894,-0.7091417626267951,-0.8816682219823408,-0.7807118733242463,-0.45431845462471737,-0.016181719790864676,0.9701947111123427,512
15,Stim,filtfilt,0.07674791295092961,0.4028391968223639,0.6008619272813032,0.5551934534267466,0.25321003022039246,-0.19840976106089905,-0.6138846996212479,-0.788062325261718,-0.509898119866208,-0.016203933109307934,0.495617642149946,0.818404984774137,0.8245367823060793,0.5190671049318024,-0.21538866434265552,-0.6044827787632627,-0.7424994196254675,-0.6032338796102137,-0.2713403195010061,0.10540862468661363,0.38480325582983355,0.895407828966046,640
15,Post,filtfilt,0.14579473042785876,0.6136602617173792,0.8736540578492279,0.8208111865653475,0.4668450638073902,-0.061554185170816754,-0.5700561740557188,-0.9055087408525857,-0.7286992548632578,-0.2965019118658518,0.22729842375101303,0.6506328196873938,0.8260325970964015,0.7033604048118762,0.11665963182342418,-0.32296688782634037,-0.6185592915604129,-0.6781218222222161,-0.5004373937265224,-0.16765676672022659,0.19128824834311473,0.8984610762008369,512
16,Pre,filtfilt,-0.453766983756247,-0.11763884411345243,0.2861143058685251,0.5947815795841519,0.6791478471490795,0.5008154262201057,0.1304056192839308,-0.45186853972702096,-0.6355703893688284,-0.5706915436787127,-0.2996916067836104,0.055038315626169815,0.3487856811510584,0.4772939070125427,0.32913207843147113,0.1025574367969295,-0.1080694394275501,-0.22786635558877072,-0.23743360334900382,-0.16923373117784934,-0.07959018698091802,0.844093934972515,512
16,Stim,filtfilt,-0.36565463383900954,-0.2247493656875103,0.034681915540400565,0.2904400572592043,0.4180710174964816,0.3530320251272015,0.12372908241008043,-0.28246453560416046,-0.40932890315729614,-0.34522189366705336,-0.12719467017731648,0.13520076214240798,0.3158414501659698,0.33451468761705605,0.08795307506489691,-0.12627520306266687,-0.25391874750049015,-0.2381715668834294,-0.09950235168157553,0.07927018960893847,0.19940731924344018,0.6410311811333024,640
16,Post,filtfilt,-0.07233133521101062,0.28442155911230055,0.5655676173190213,0.6388730493342087,0.4511729319271259,0.06148862661059447,-0.3761961425816739,-0.7289381103153658,-0.6054036478192656,-0.22928116042919888,0.24186981878460953,0.6072817138231963,0.7123977415670902,0.5178397038215283,-0.10809531241051025,-0.4786964490807438,-0.6240031529262341,-0.49540398570400346,-0.167358481640281,0.20278863319594004,0.4505806212978748,0.7758189120823962,512
17,Pre,filtfilt,0.045912369600100714,0.46299668525682225,0.7618342943554763,0.8119794589557963,0.5676537902291907,0.096117632700286,-0.4397968205470032,-0.9390102995130036,-0.8776758601602046,-0.5013098140383248,0.052809533304062246,0.5799557593944709,0.8887860855806358,0.8755410463455335,0.32871723088985316,-0.17263120742159271,-0.5715215963309235,-0.7395335490823052,-0.6452652740107369,-0.35467442187506365,0.00638757203800903,0.9241301097466019,512
17,Stim,filtfilt,0.03456429217165703,0.4210255978579972,0.7016956253412652,0.7367883298405709,0.47899485135541414,0.005228172417898053,-0.5073007516236439,-0.9132198453360882,-0.7734125899423755,-0.34287525937182217,0.21032932710111094,0.6713381754864748,0.8688950146452535,0.7440989809873333,0.13463596143842405,-0.30608437840769237,-0.5850991832892687,-0.6274611072552976,-0.45982379697114933,-0.18275007259917936,0.08425006792126029,0.8771809911020496,640
17,Post,filtfilt,0.42496583149009853,0.6829726949919804,0.731937956773097,0.5337322834738012,0.13678157770527283,-0.33384076705918286,-0.7169020237184799,-0.8411779629263874,-0.5665550288915193,-0.09350774218179603,0.41659064025689035,0.7866337710014305,0.8885736879725772,0.6903210492727536,0.016337843556869486,-0.4506240135474996,-0.743775811093066,-0.773094044563712,-0.545996746375013,-0.15865272248933304,0.24469243529479448,0.8960663101372455,512
18,Pre,filtfilt,0.08531076098709767,0.34672498643777916,0.49572168119329435,0.4814391894490059,0.31337206506974774,0.056367088579665076,-0.1969247068538691,-0.3992280013502031,-0.37313362012382056,-0.24870522826467745,-0.08536247694344923,0.059542282803840635,0.15369981125821142,0.19606821584956993,0.204579596355709,0.1959002644539537,0.17087560950209363,0.10998632221540491,-0.0010917067580560394,-0.1526328046227568,-0.303851243697127,0.7356753513266843,512
18,Stim,filtfilt,0.23235468147928273,0.5183319549417807,0.6665671235763039,0.6345666394774427,0.43071552594890256,0.11200142867011462,-0.2329756140413502,-0.5992594611019996,-0.6511591973180805,-0.5331085325579229,-0.2823663253859089,0.03161010802868651,0.32750442424228143,0.5333358331519786,0.5816137053100605,0.43594752592304803,0.18769362673676632,-0.10297591941109654,-0.3670316692472743,-0.5414151241949579,-0.5830506254659487,0.7068930288697006,640
18,Post,filtfilt,0.11130602840518714,0.49212970882336327,0.7311771454735483,0.731699953266522,0.47712214114577195,0.04316841041843811,-0.4245787676218067,-0.8388123484363228,-0.7741403599602981,-0.4425393193756374,0.04136054511121897,0.5074130682085594,0.7925881777990227,0.8009316989764482,0.3333122149877024,-0.1261334739205251,-0.515582396265101,-0.7051193105821938,-0.6441182753156839,-0.37430234421561426,-0.007550583844059143,0.8715640046586655,512
