Metric,Category,n,Pre_mean,Pre_SD,Stim_mean,Stim_SD,Post_mean,Post_SD,dz_Stim_Pre,p_Stim_Pre,p_FDR_Stim_Pre,BF01_Stim_Pre,dz_Post_Pre,p_Post_Pre,p_FDR_Post_Pre,BF01_Post_Pre,dz_Post_Stim,p_Post_Stim,p_FDR_Post_Stim,Friedman_chi2,Friedman_p,Temporal_Type,Reliability_flag
Mean_RRI,Time Domain,18,855.7,131.46,858.91,132.86,843.35,119.54,0.16,0.5226,0.9674,4.07,-0.45,0.1674,0.743,3.76,-0.59,0.0066,0.5691,7.11,0.0286,D,
SDNN,Time Domain,18,55.29,14.94,55.65,21.71,58.78,18.78,0.04,0.7019,0.9678,4.11,0.3,0.1415,0.743,3.95,0.25,0.1297,0.743,6.78,0.0337,D,
RMSSD,Time Domain,18,40.62,20.11,41.52,23.35,41.46,21.02,0.2,0.4423,0.9674,4.04,0.1,0.7019,0.9678,4.09,-0.01,0.6397,0.9678,0.44,0.8007,D,
pNN50,Time Domain,18,20.14,17.98,20.63,19.15,20.35,18.01,0.14,0.7019,0.9678,4.08,0.02,0.8313,0.9903,4.11,-0.04,0.766,0.9742,0.54,0.7652,D,
pNN20,Time Domain,18,55.46,19.23,55.42,21.04,55.37,18.6,-0.01,1.0,1.0,4.11,-0.01,0.865,0.9903,4.11,-0.01,1.0,1.0,0.11,0.946,D,
Mean_HR,Time Domain,18,72.11,11.76,71.89,11.86,72.99,11.04,-0.14,0.5509,0.9674,4.08,0.43,0.1084,0.743,3.79,0.51,0.0056,0.5691,10.11,0.0064,D,
SDHR,Time Domain,18,4.73,1.33,4.7,1.55,5.2,1.7,-0.05,0.9661,1.0,4.11,0.56,0.0268,0.6741,3.57,0.54,0.0208,0.6741,8.33,0.0155,C,
CV_RRI,Time Domain,18,6.45,1.44,6.42,2.0,6.99,2.03,-0.03,0.5798,0.9678,4.11,0.42,0.1084,0.743,3.8,0.44,0.0432,0.7372,8.33,0.0155,D,
Median_RRI,Time Domain,18,857.11,131.78,861.08,134.99,843.58,121.04,0.19,0.5226,0.9674,4.05,-0.44,0.0814,0.743,3.77,-0.54,0.0182,0.6741,2.33,0.3114,D,
IQR_RRI,Time Domain,18,72.94,21.89,69.88,28.84,80.79,30.95,-0.22,0.1084,0.743,4.03,0.39,0.1674,0.743,3.84,0.68,0.0077,0.5691,10.11,0.0064,D,
SDSD,Time Domain,18,40.68,20.15,41.58,23.39,41.52,21.05,0.2,0.4423,0.9674,4.04,0.1,0.7019,0.9678,4.1,-0.01,0.6397,0.9678,0.44,0.8007,D,
NN50,Time Domain,18,65.33,56.92,67.72,62.3,69.33,61.32,0.2,0.4452,0.9674,4.04,0.14,0.9811,1.0,4.08,0.06,0.8788,0.9903,0.87,0.6462,D,
NN20,Time Domain,18,188.72,56.95,188.22,64.02,194.17,58.47,-0.03,0.887,0.9903,4.11,0.22,0.7763,0.9742,4.03,0.26,0.5178,0.9674,0.09,0.9568,D,
TINN,Time Domain,18,323.35,85.42,333.33,159.75,324.22,87.79,0.11,0.776,0.9742,4.09,0.01,0.6472,0.9678,4.11,-0.08,0.7769,0.9742,0.8,0.6703,D,
SI,Time Domain,18,17.65,11.18,19.94,13.88,16.58,8.46,0.32,0.3247,0.8791,3.93,-0.19,0.4683,0.9674,4.05,-0.39,0.1674,0.743,2.78,0.2494,D,
MinHR,Time Domain,18,60.67,9.74,60.55,10.77,61.11,8.85,-0.03,1.0,1.0,4.11,0.13,0.8986,0.9903,4.08,0.15,0.766,0.9742,0.33,0.8465,D,
MaxHR,Time Domain,18,88.2,12.98,87.86,11.93,89.61,12.43,-0.05,0.4683,0.9674,4.11,0.29,0.2121,0.7901,3.96,0.37,0.1674,0.743,1.44,0.4857,D,
VLF_power,Frequency Domain,18,423.57,337.78,518.55,639.41,365.54,371.47,0.24,0.5226,0.9674,4.01,-0.22,0.8986,0.9903,4.02,-0.46,0.0539,0.743,2.33,0.3114,D,low_reliability_5min
LF_power,Frequency Domain,18,1118.43,928.53,1067.42,1192.94,1124.36,1040.67,-0.07,0.1674,0.743,4.1,0.01,0.7337,0.9742,4.11,0.05,0.4951,0.9674,3.11,0.2111,D,
HF_power,Frequency Domain,18,585.17,509.09,695.88,691.46,568.7,438.97,0.39,0.0814,0.743,3.85,-0.08,0.8986,0.9903,4.1,-0.34,0.1297,0.743,3.0,0.2231,D,
Total_power,Frequency Domain,18,2466.03,1778.21,2648.69,2694.15,2376.26,1596.93,0.14,0.6397,0.9678,4.08,-0.07,1.0,1.0,4.11,-0.14,0.8986,0.9903,1.0,0.6065,D,
LF_norm,Frequency Domain,18,65.14,18.49,59.76,23.53,64.52,19.62,-0.57,0.0304,0.6741,3.56,-0.07,0.9323,0.9903,4.11,0.34,0.0987,0.743,5.44,0.0657,B,
HF_norm,Frequency Domain,18,34.86,18.49,40.24,23.53,35.48,19.62,0.57,0.0304,0.6741,3.56,0.07,0.9323,0.9903,4.11,-0.34,0.0987,0.743,5.44,0.0657,B,
LF_HF_ratio,Frequency Domain,18,3.69,5.0,2.63,2.27,4.02,6.73,-0.3,0.1297,0.743,3.96,0.16,0.4951,0.9674,4.07,0.26,0.2837,0.8605,5.44,0.0657,D,
LF_peak_freq,Frequency Domain,18,0.07,0.02,0.07,0.02,0.07,0.02,-0.08,0.7167,0.9742,4.1,0.0,0.9132,0.9903,4.11,0.06,1.0,1.0,0.12,0.9439,D,
lnLF,Frequency Domain,18,6.75,0.74,6.55,0.91,6.74,0.74,-0.43,0.0814,0.743,3.79,-0.0,0.8317,0.9903,4.11,0.29,0.2121,0.7901,3.11,0.2111,D,
lnHF,Frequency Domain,18,5.97,0.95,6.07,1.05,5.99,0.91,0.31,0.1415,0.743,3.94,0.08,0.9323,0.9903,4.1,-0.2,0.1964,0.7785,3.0,0.2231,D,
lnTP,Frequency Domain,18,7.6,0.66,7.57,0.76,7.59,0.62,-0.1,0.4951,0.9674,4.09,-0.03,1.0,1.0,4.11,0.03,0.9661,1.0,1.0,0.6065,D,
LF_pct,Frequency Domain,18,44.5,14.09,39.65,16.6,45.13,14.47,-0.42,0.1415,0.743,3.8,0.07,0.7019,0.9678,4.11,0.44,0.0898,0.743,2.11,0.348,D,
HF_pct,Frequency Domain,18,24.43,14.9,27.59,18.08,25.85,16.83,0.46,0.1297,0.743,3.74,0.19,0.766,0.9742,4.05,-0.18,0.3692,0.921,1.44,0.4857,D,
HF_peak_freq,Frequency Domain,18,0.24,0.07,0.25,0.07,0.24,0.08,0.19,0.9238,0.9903,4.05,0.0,0.8869,0.9903,4.11,-0.19,0.5395,0.9674,0.12,0.9439,D,
SD1,Geometric/Poincare,18,28.77,14.25,29.4,16.54,29.36,14.88,0.2,0.4423,0.9674,4.04,0.1,0.7019,0.9678,4.1,-0.01,0.6397,0.9678,0.44,0.8007,D,
SD2,Geometric/Poincare,18,72.21,17.9,72.32,27.79,76.88,25.08,0.01,0.6095,0.9678,4.11,0.25,0.2645,0.8605,4.0,0.26,0.1187,0.743,5.33,0.0695,D,
SD1_SD2_ratio,Geometric/Poincare,18,0.39,0.13,0.4,0.16,0.39,0.19,0.19,0.6095,0.9678,4.05,-0.0,0.5798,0.9678,4.11,-0.2,0.1815,0.7747,2.11,0.348,D,
CSI,Geometric/Poincare,18,2.85,0.91,2.82,0.95,3.0,1.01,-0.06,0.9323,0.9903,4.11,0.24,0.3692,0.921,4.01,0.43,0.0987,0.743,2.11,0.348,D,
CVI,Geometric/Poincare,18,3.26,0.31,3.24,0.36,3.29,0.31,-0.15,0.5226,0.9674,4.07,0.22,0.3038,0.8791,4.02,0.27,0.1964,0.7785,4.11,0.128,D,
Triangular_index,Geometric/Poincare,18,13.18,3.1,12.77,4.21,13.7,2.98,-0.16,0.4683,0.9674,4.07,0.19,0.3927,0.9477,4.05,0.29,0.3692,0.921,1.33,0.5134,D,
DC,PRSA,18,14.43,5.84,15.13,7.21,14.63,5.15,0.22,0.3247,0.8791,4.02,0.09,0.7337,0.9742,4.1,-0.12,0.7019,0.9678,0.78,0.6778,D,
AC,PRSA,18,-15.64,6.09,-16.32,6.86,-15.88,5.47,-0.33,0.2288,0.8061,3.92,-0.1,0.5798,0.9678,4.1,0.12,0.5798,0.9678,0.11,0.946,D,
DCmod,PRSA,18,9.25,5.48,10.38,6.94,8.32,4.07,0.37,0.2837,0.8605,3.86,-0.33,0.2121,0.7901,3.92,-0.47,0.0385,0.7372,4.78,0.0917,D,
ACmod,PRSA,18,-11.79,6.63,-13.18,7.24,-12.0,5.67,-0.67,0.0139,0.6741,3.38,-0.08,0.4951,0.9674,4.1,0.34,0.1964,0.7785,4.78,0.0917,B,
SampEn,Entropy,18,1.56,0.29,1.55,0.3,1.51,0.31,-0.04,0.8986,0.9903,4.11,-0.28,0.1964,0.7785,3.97,-0.28,0.1415,0.743,2.33,0.3114,D,
ApEn,Entropy,18,1.11,0.08,1.11,0.07,1.11,0.09,-0.0,0.8317,0.9903,4.11,0.02,1.0,1.0,4.11,0.03,1.0,1.0,0.44,0.8007,D,
FuzzyEn,Entropy,18,1.34,0.23,1.32,0.23,1.28,0.24,-0.13,0.7987,0.9742,4.09,-0.34,0.1674,0.743,3.9,-0.28,0.1297,0.743,1.44,0.4857,D,
PermEn,Entropy,18,0.94,0.05,0.95,0.04,0.94,0.05,0.07,0.6397,0.9678,4.1,-0.36,0.1815,0.7747,3.88,-0.3,0.2645,0.8605,1.44,0.4857,D,
MSE_slope,Entropy,18,0.09,0.11,0.09,0.11,0.09,0.1,-0.01,0.9661,1.0,4.11,-0.01,0.865,0.9903,4.11,0.0,0.7987,0.9742,0.44,0.8007,D,
ShannonEn,Entropy,18,2.8,0.15,2.78,0.21,2.86,0.16,-0.14,0.5509,0.9674,4.08,0.31,0.2837,0.8605,3.95,0.36,0.1297,0.743,3.44,0.1787,D,
DispEn,Entropy,18,3.05,0.19,3.03,0.2,2.98,0.19,-0.1,0.7019,0.9678,4.1,-0.47,0.1187,0.743,3.72,-0.49,0.0432,0.7372,4.33,0.1146,D,
MSE_CI,Entropy,18,17.52,4.06,17.59,4.94,17.73,4.43,0.03,0.9323,0.9903,4.11,0.05,0.8986,0.9903,4.11,0.03,0.7019,0.9678,1.78,0.4111,D,low_reliability_5min
LZC,Entropy,18,0.78,0.12,0.8,0.13,0.77,0.13,0.14,0.4171,0.9674,4.08,-0.09,0.766,0.9742,4.1,-0.25,0.3465,0.8946,1.44,0.4857,D,
DFA_alpha1,Fractal/Complexity,18,1.13,0.23,1.09,0.28,1.14,0.26,-0.34,0.1415,0.743,3.91,0.08,0.7019,0.9678,4.1,0.39,0.1187,0.743,1.33,0.5134,D,
DFA_alpha2,Fractal/Complexity,18,0.89,0.19,0.92,0.21,0.88,0.2,0.12,0.766,0.9742,4.09,-0.06,0.7987,0.9742,4.11,-0.15,0.766,0.9742,0.44,0.8007,D,low_reliability_5min
DFA_ratio,Fractal/Complexity,18,1.36,0.63,1.28,0.57,1.42,0.73,-0.16,0.766,0.9742,4.07,0.16,0.5509,0.9674,4.07,0.21,0.5509,0.9674,0.11,0.946,D,
Hurst_exp,Fractal/Complexity,18,0.71,0.1,0.69,0.1,0.71,0.07,-0.16,0.4951,0.9674,4.07,-0.07,0.5226,0.9674,4.1,0.12,0.5226,0.9674,4.0,0.1353,D,
Lyap_max,Fractal/Complexity,18,0.04,0.03,0.04,0.02,0.04,0.03,0.0,0.9323,0.9903,4.11,-0.18,0.3927,0.9477,4.05,-0.15,0.3465,0.8946,1.44,0.4857,D,embedding_sensitive
Corr_dim,Fractal/Complexity,18,-0.0,0.0,0.0,0.0,-0.0,0.0,0.19,0.5798,0.9678,4.05,-0.1,0.6095,0.9678,4.1,-0.19,0.3465,0.8946,3.11,0.2111,D,embedding_sensitive
HFD,Fractal/Complexity,18,1.74,0.14,1.76,0.16,1.73,0.17,0.24,0.3038,0.8791,4.01,-0.2,0.6095,0.9678,4.04,-0.37,0.2288,0.8061,1.33,0.5134,D,
KFD,Fractal/Complexity,18,3.08,0.58,3.26,1.01,3.05,0.63,0.28,0.5509,0.9674,3.97,-0.08,0.8317,0.9903,4.1,-0.3,0.2462,0.854,0.78,0.6778,D,
beta_1f,Fractal/Complexity,18,0.81,0.45,0.88,0.41,0.74,0.32,0.17,0.7019,0.9678,4.06,-0.17,0.5509,0.9674,4.06,-0.33,0.2288,0.8061,0.78,0.6778,D,low_reliability_5min
RQA_REC,RQA,18,0.01,0.02,0.01,0.01,0.02,0.02,-0.05,0.796,0.9742,4.11,0.27,0.0684,0.743,3.98,0.27,0.2868,0.8605,3.49,0.1744,D,embedding_sensitive
RQA_DET,RQA,18,41.04,31.99,37.79,32.56,36.53,31.06,-0.08,0.6791,0.9678,4.1,-0.13,0.6701,0.9678,4.08,-0.03,0.6832,0.9678,0.1,0.9528,D,embedding_sensitive
RQA_Lmean,RQA,18,1.87,1.54,1.5,1.13,1.87,1.45,-0.22,0.3104,0.8791,4.03,-0.0,0.8885,0.9903,4.11,0.25,0.2702,0.8605,2.5,0.2865,D,embedding_sensitive
RQA_Lmax,RQA,18,2.33,2.14,1.83,1.65,2.56,2.38,-0.25,0.2617,0.8605,4.0,0.11,0.412,0.9674,4.09,0.35,0.2135,0.7901,2.75,0.2534,D,embedding_sensitive
RQA_DIV,RQA,8,0.34,0.13,0.41,0.12,0.3,0.11,0.64,0.1562,0.743,2.51,-0.61,0.1562,0.743,2.66,-1.12,0.0234,0.6741,,,D,embedding_sensitive
RQA_ShanEn,RQA,18,0.23,0.4,0.18,0.36,0.34,0.43,-0.12,0.5534,0.9674,4.09,0.25,0.3246,0.8791,4.0,0.38,0.1373,0.743,2.53,0.2823,D,embedding_sensitive
RQA_LAM,RQA,18,1.75,7.44,0.0,0.0,6.53,18.11,-0.24,0.3173,0.8791,4.01,0.24,0.2733,0.8605,4.01,0.36,0.1088,0.743,3.5,0.1738,D,embedding_sensitive
RQA_TT,RQA,18,0.11,0.47,0.0,0.0,0.34,0.78,-0.24,0.3173,0.8791,4.01,0.24,0.2568,0.8605,4.01,0.43,0.1025,0.743,3.5,0.1738,D,embedding_sensitive
Symb_0V,Symbolic Dynamics,18,41.29,14.18,39.57,16.95,40.04,14.87,-0.19,0.5226,0.9674,4.05,-0.12,0.6397,0.9678,4.09,0.06,0.7019,0.9678,0.33,0.8465,D,
Symb_1V,Symbolic Dynamics,18,43.4,8.19,43.8,8.4,43.57,8.0,0.08,0.8986,0.9903,4.1,0.03,1.0,1.0,4.11,-0.05,0.7019,0.9678,0.11,0.946,D,
Symb_2LV,Symbolic Dynamics,18,3.21,3.24,3.81,4.0,3.43,2.49,0.26,0.5226,0.9674,3.99,0.1,0.5509,0.9674,4.1,-0.13,0.9323,0.9903,0.11,0.946,D,
Symb_2UV,Symbolic Dynamics,18,12.1,6.95,12.82,8.51,12.96,9.81,0.18,0.5226,0.9674,4.05,0.14,0.766,0.9742,4.08,0.03,0.766,0.9742,0.11,0.946,D,
GI,Irreversibility,18,48.8,4.64,47.99,4.45,48.0,4.75,-0.27,0.3465,0.8946,3.98,-0.22,0.4683,0.9674,4.03,0.0,0.9323,0.9903,1.0,0.6065,D,
PI,Irreversibility,18,47.68,3.63,48.06,3.22,48.02,3.87,0.18,0.3927,0.9477,4.05,0.16,0.6397,0.9678,4.07,-0.02,0.7337,0.9742,0.11,0.946,D,
EIR,Irreversibility,18,0.26,0.18,0.35,0.28,0.27,0.22,0.26,0.6095,0.9678,3.99,0.05,0.7987,0.9742,4.11,-0.2,0.4683,0.9674,1.78,0.4111,D,
