time_s,tavns_mean,tavns_sem,vc_mean,vc_sem
60.000000,-0.567061,0.047706,-0.675633,0.038652
60.468750,-0.565400,0.047944,-0.675634,0.038686
60.937500,-0.563780,0.048179,-0.675670,0.038719
61.406250,-0.562201,0.048413,-0.675741,0.038750
61.875000,-0.560665,0.048644,-0.675848,0.038779
62.343750,-0.559172,0.048872,-0.675989,0.038806
62.812500,-0.557721,0.049099,-0.676164,0.038832
63.281250,-0.556315,0.049324,-0.676373,0.038856
63.750000,-0.554951,0.049546,-0.676614,0.038879
64.218750,-0.553630,0.049766,-0.676887,0.038900
64.687500,-0.552352,0.049985,-0.677190,0.038920
65.156250,-0.551116,0.050201,-0.677523,0.038939
65.625000,-0.549922,0.050415,-0.677884,0.038955
66.093750,-0.548768,0.050627,-0.678271,0.038971
66.562500,-0.547654,0.050837,-0.678684,0.038984
67.031250,-0.546579,0.051046,-0.679120,0.038997
67.500000,-0.545541,0.051252,-0.679579,0.039007
67.968750,-0.544540,0.051457,-0.680057,0.039016
68.437500,-0.543574,0.051659,-0.680555,0.039024
68.906250,-0.542641,0.051860,-0.681069,0.039030
69.375000,-0.541740,0.052060,-0.681598,0.039034
69.843750,-0.540870,0.052257,-0.682140,0.039037
70.312500,-0.540028,0.052453,-0.682692,0.039038
70.781250,-0.539214,0.052647,-0.683254,0.039037
71.250000,-0.538424,0.052840,-0.683822,0.039035
71.718750,-0.537659,0.053031,-0.684396,0.039031
72.187500,-0.536915,0.053221,-0.684973,0.039025
72.656250,-0.536191,0.053409,-0.685551,0.039018
73.125000,-0.535485,0.053596,-0.686128,0.039010
73.593750,-0.534796,0.053782,-0.686702,0.039000
74.062500,-0.534121,0.053966,-0.687271,0.038988
74.531250,-0.533460,0.054150,-0.687834,0.038975
75.000000,-0.532809,0.054332,-0.688389,0.038960
75.468750,-0.532168,0.054513,-0.688933,0.038944
75.937500,-0.531534,0.054694,-0.689465,0.038927
76.406250,-0.530907,0.054873,-0.689983,0.038909
76.875000,-0.530284,0.055052,-0.690487,0.038889
77.343750,-0.529664,0.055230,-0.690973,0.038869
77.812500,-0.529045,0.055407,-0.691441,0.038848
78.281250,-0.528425,0.055584,-0.691889,0.038825
78.750000,-0.527805,0.055760,-0.692315,0.038803
79.218750,-0.527181,0.055936,-0.692719,0.038779
79.687500,-0.526552,0.056111,-0.693099,0.038755
80.156250,-0.525918,0.056286,-0.693453,0.038731
80.625000,-0.525277,0.056461,-0.693781,0.038707
81.093750,-0.524628,0.056636,-0.694081,0.038683
81.562500,-0.523969,0.056810,-0.694352,0.038659
82.031250,-0.523300,0.056985,-0.694593,0.038636
82.500000,-0.522619,0.057159,-0.694803,0.038613
82.968750,-0.521926,0.057334,-0.694981,0.038591
83.437500,-0.521219,0.057508,-0.695126,0.038571
83.906250,-0.520498,0.057683,-0.695237,0.038551
84.375000,-0.519761,0.057858,-0.695313,0.038534
84.843750,-0.519009,0.058033,-0.695353,0.038518
85.312500,-0.518239,0.058209,-0.695357,0.038505
85.781250,-0.517452,0.058384,-0.695324,0.038494
86.250000,-0.516646,0.058560,-0.695253,0.038486
86.718750,-0.515822,0.058736,-0.695143,0.038482
87.187500,-0.514978,0.058913,-0.694994,0.038481
87.656250,-0.514114,0.059089,-0.694806,0.038485
88.125000,-0.513229,0.059266,-0.694577,0.038493
88.593750,-0.512323,0.059444,-0.694307,0.038506
89.062500,-0.511396,0.059621,-0.693996,0.038525
89.531250,-0.510447,0.059799,-0.693643,0.038551
90.000000,-0.509475,0.059977,-0.693248,0.038582
90.468750,-0.508481,0.060156,-0.692812,0.038622
90.937500,-0.507465,0.060334,-0.692332,0.038669
91.406250,-0.506425,0.060513,-0.691810,0.038724
91.875000,-0.505362,0.060691,-0.691245,0.038789
92.343750,-0.504275,0.060870,-0.690638,0.038863
92.812500,-0.503165,0.061049,-0.689988,0.038948
93.281250,-0.502032,0.061227,-0.689296,0.039043
93.750000,-0.500875,0.061406,-0.688561,0.039150
94.218750,-0.499694,0.061584,-0.687784,0.039269
94.687500,-0.498490,0.061763,-0.686966,0.039401
95.156250,-0.497263,0.061941,-0.686106,0.039545
95.625000,-0.496012,0.062118,-0.685205,0.039704
96.093750,-0.494738,0.062296,-0.684264,0.039876
96.562500,-0.493442,0.062472,-0.683283,0.040063
97.031250,-0.492122,0.062649,-0.682263,0.040264
97.500000,-0.490780,0.062824,-0.681204,0.040481
97.968750,-0.489416,0.062999,-0.680108,0.040713
98.437500,-0.488031,0.063174,-0.678974,0.040960
98.906250,-0.486624,0.063347,-0.677805,0.041222
99.375000,-0.485196,0.063520,-0.676600,0.041500
99.843750,-0.483747,0.063692,-0.675362,0.041793
100.312500,-0.482279,0.063863,-0.674089,0.042102
100.781250,-0.480791,0.064033,-0.672784,0.042425
101.250000,-0.479284,0.064201,-0.671448,0.042763
101.718750,-0.477759,0.064369,-0.670081,0.043115
102.187500,-0.476216,0.064535,-0.668685,0.043481
102.656250,-0.474657,0.064700,-0.667260,0.043860
103.125000,-0.473081,0.064863,-0.665807,0.044252
103.593750,-0.471489,0.065025,-0.664328,0.044657
104.062500,-0.469882,0.065186,-0.662822,0.045072
104.531250,-0.468261,0.065344,-0.661293,0.045499
105.000000,-0.466626,0.065502,-0.659740,0.045936
105.468750,-0.464979,0.065657,-0.658164,0.046383
105.937500,-0.463320,0.065811,-0.656565,0.046838
106.406250,-0.461649,0.065962,-0.654946,0.047301
106.875000,-0.459969,0.066112,-0.653307,0.047772
107.343750,-0.458279,0.066260,-0.651648,0.048249
107.812500,-0.456581,0.066406,-0.649971,0.048733
108.281250,-0.454875,0.066550,-0.648276,0.049221
108.750000,-0.453162,0.066691,-0.646565,0.049714
109.218750,-0.451443,0.066830,-0.644837,0.050210
109.687500,-0.449720,0.066967,-0.643095,0.050710
110.156250,-0.447992,0.067102,-0.641338,0.051212
110.625000,-0.446260,0.067234,-0.639567,0.051716
111.093750,-0.444527,0.067364,-0.637783,0.052222
111.562500,-0.442792,0.067492,-0.635987,0.052728
112.031250,-0.441056,0.067616,-0.634179,0.053234
112.500000,-0.439320,0.067739,-0.632360,0.053739
112.968750,-0.437586,0.067858,-0.630532,0.054244
113.437500,-0.435853,0.067975,-0.628693,0.054748
113.906250,-0.434123,0.068089,-0.626846,0.055250
114.375000,-0.432396,0.068201,-0.624991,0.055750
114.843750,-0.430673,0.068309,-0.623127,0.056247
115.312500,-0.428956,0.068415,-0.621257,0.056742
115.781250,-0.427243,0.068518,-0.619380,0.057234
116.250000,-0.425538,0.068618,-0.617498,0.057722
116.718750,-0.423839,0.068715,-0.615609,0.058207
117.187500,-0.422149,0.068810,-0.613716,0.058687
117.656250,-0.420466,0.068901,-0.611819,0.059164
118.125000,-0.418793,0.068990,-0.609918,0.059637
118.593750,-0.417128,0.069075,-0.608013,0.060106
119.062500,-0.415474,0.069158,-0.606106,0.060570
119.531250,-0.413831,0.069238,-0.604196,0.061029
120.000000,-0.412198,0.069314,-0.602284,0.061484
120.468750,-0.410578,0.069388,-0.600371,0.061935
120.937500,-0.408968,0.069459,-0.598456,0.062380
121.406250,-0.407372,0.069527,-0.596540,0.062821
121.875000,-0.405788,0.069592,-0.594625,0.063257
122.343750,-0.404216,0.069655,-0.592708,0.063688
122.812500,-0.402658,0.069714,-0.590792,0.064114
123.281250,-0.401114,0.069771,-0.588876,0.064536
123.750000,-0.399583,0.069825,-0.586961,0.064952
124.218750,-0.398066,0.069876,-0.585047,0.065364
124.687500,-0.396563,0.069925,-0.583134,0.065771
125.156250,-0.395074,0.069971,-0.581222,0.066173
125.625000,-0.393599,0.070015,-0.579311,0.066571
126.093750,-0.392138,0.070056,-0.577403,0.066964
126.562500,-0.390692,0.070095,-0.575496,0.067353
127.031250,-0.389260,0.070132,-0.573591,0.067737
127.500000,-0.387842,0.070166,-0.571689,0.068117
127.968750,-0.386438,0.070198,-0.569788,0.068492
128.437500,-0.385048,0.070228,-0.567890,0.068863
128.906250,-0.383673,0.070256,-0.565994,0.069230
129.375000,-0.382310,0.070282,-0.564101,0.069592
129.843750,-0.380962,0.070306,-0.562210,0.069951
130.312500,-0.379626,0.070329,-0.560322,0.070305
130.781250,-0.378304,0.070350,-0.558437,0.070656
131.250000,-0.376995,0.070369,-0.556553,0.071002
131.718750,-0.375698,0.070387,-0.554673,0.071345
132.187500,-0.374413,0.070403,-0.552795,0.071684
132.656250,-0.373140,0.070418,-0.550920,0.072019
133.125000,-0.371879,0.070431,-0.549047,0.072350
133.593750,-0.370629,0.070444,-0.547177,0.072678
134.062500,-0.369390,0.070455,-0.545310,0.073002
134.531250,-0.368162,0.070466,-0.543445,0.073323
135.000000,-0.366943,0.070475,-0.541583,0.073640
135.468750,-0.365734,0.070484,-0.539723,0.073954
135.937500,-0.364535,0.070492,-0.537866,0.074265
136.406250,-0.363344,0.070499,-0.536011,0.074572
136.875000,-0.362163,0.070505,-0.534158,0.074876
137.343750,-0.360989,0.070511,-0.532307,0.075176
137.812500,-0.359823,0.070517,-0.530459,0.075474
138.281250,-0.358665,0.070522,-0.528613,0.075768
138.750000,-0.357514,0.070526,-0.526769,0.076059
139.218750,-0.356369,0.070531,-0.524927,0.076347
139.687500,-0.355231,0.070535,-0.523086,0.076633
140.156250,-0.354098,0.070539,-0.521248,0.076915
140.625000,-0.352971,0.070542,-0.519412,0.077194
141.093750,-0.351850,0.070546,-0.517577,0.077470
141.562500,-0.350732,0.070550,-0.515744,0.077744
142.031250,-0.349620,0.070553,-0.513912,0.078014
142.500000,-0.348511,0.070557,-0.512083,0.078282
142.968750,-0.347407,0.070560,-0.510254,0.078547
143.437500,-0.346305,0.070564,-0.508427,0.078809
143.906250,-0.345207,0.070568,-0.506602,0.079069
144.375000,-0.344111,0.070571,-0.504777,0.079326
144.843750,-0.343018,0.070575,-0.502954,0.079580
145.312500,-0.341927,0.070579,-0.501132,0.079832
145.781250,-0.340838,0.070583,-0.499311,0.080081
146.250000,-0.339750,0.070587,-0.497492,0.080327
146.718750,-0.338664,0.070592,-0.495673,0.080571
147.187500,-0.337578,0.070596,-0.493856,0.080813
147.656250,-0.336493,0.070601,-0.492039,0.081052
148.125000,-0.335408,0.070605,-0.490224,0.081288
148.593750,-0.334323,0.070610,-0.488409,0.081523
149.062500,-0.333238,0.070614,-0.486595,0.081754
149.531250,-0.332153,0.070619,-0.484782,0.081984
150.000000,-0.329838,0.070778,-0.481967,0.082594
150.468750,-0.327527,0.070935,-0.479133,0.083202
150.937500,-0.325221,0.071091,-0.476281,0.083810
151.406250,-0.322917,0.071247,-0.473410,0.084417
151.875000,-0.320617,0.071400,-0.470520,0.085022
152.343750,-0.318317,0.071553,-0.467609,0.085627
152.812500,-0.316017,0.071705,-0.464678,0.086230
153.281250,-0.313716,0.071856,-0.461726,0.086832
153.750000,-0.311414,0.072005,-0.458752,0.087433
154.218750,-0.309110,0.072154,-0.455757,0.088032
154.687500,-0.306802,0.072301,-0.452740,0.088630
155.156250,-0.304489,0.072448,-0.449700,0.089227
155.625000,-0.302171,0.072593,-0.446637,0.089823
156.093750,-0.299847,0.072737,-0.443552,0.090417
156.562500,-0.297516,0.072880,-0.440443,0.091009
157.031250,-0.295178,0.073021,-0.437312,0.091600
157.500000,-0.292831,0.073161,-0.434157,0.092189
157.968750,-0.290475,0.073300,-0.430978,0.092776
158.437500,-0.288109,0.073437,-0.427776,0.093361
158.906250,-0.285732,0.073572,-0.424551,0.093945
159.375000,-0.283345,0.073706,-0.421302,0.094526
159.843750,-0.280946,0.073838,-0.418031,0.095105
160.312500,-0.278535,0.073968,-0.414737,0.095681
160.781250,-0.276112,0.074096,-0.411419,0.096255
161.250000,-0.273676,0.074223,-0.408080,0.096827
161.718750,-0.271226,0.074347,-0.404719,0.097396
162.187500,-0.268764,0.074468,-0.401336,0.097962
162.656250,-0.266288,0.074588,-0.397933,0.098525
163.125000,-0.263798,0.074705,-0.394508,0.099085
163.593750,-0.261294,0.074819,-0.391064,0.099642
164.062500,-0.258776,0.074931,-0.387600,0.100195
164.531250,-0.256245,0.075040,-0.384117,0.100745
165.000000,-0.253699,0.075146,-0.380616,0.101291
165.468750,-0.251139,0.075249,-0.377097,0.101834
165.937500,-0.248566,0.075349,-0.373561,0.102372
166.406250,-0.245978,0.075446,-0.370009,0.102907
166.875000,-0.243378,0.075539,-0.366442,0.103437
167.343750,-0.240763,0.075629,-0.362860,0.103962
167.812500,-0.238136,0.075716,-0.359263,0.104484
168.281250,-0.235496,0.075799,-0.355654,0.105000
168.750000,-0.232843,0.075878,-0.352033,0.105512
169.218750,-0.230178,0.075954,-0.348400,0.106019
169.687500,-0.227501,0.076026,-0.344757,0.106520
170.156250,-0.224813,0.076094,-0.341103,0.107017
170.625000,-0.222114,0.076158,-0.337442,0.107507
171.093750,-0.219403,0.076218,-0.333773,0.107993
171.562500,-0.216683,0.076274,-0.330097,0.108472
172.031250,-0.213952,0.076326,-0.326414,0.108945
172.500000,-0.211213,0.076375,-0.322728,0.109413
172.968750,-0.208464,0.076418,-0.319037,0.109873
173.437500,-0.205707,0.076458,-0.315344,0.110328
173.906250,-0.202943,0.076494,-0.311649,0.110775
174.375000,-0.200171,0.076526,-0.307953,0.111216
174.843750,-0.197392,0.076553,-0.304258,0.111650
175.312500,-0.194606,0.076577,-0.300564,0.112076
175.781250,-0.191815,0.076596,-0.296873,0.112494
176.250000,-0.189019,0.076612,-0.293185,0.112905
176.718750,-0.186218,0.076623,-0.289503,0.113308
177.187500,-0.183414,0.076630,-0.285826,0.113703
177.656250,-0.180606,0.076634,-0.282157,0.114089
178.125000,-0.177794,0.076633,-0.278496,0.114466
178.593750,-0.174980,0.076629,-0.274845,0.114835
179.062500,-0.172165,0.076621,-0.271204,0.115194
179.531250,-0.169348,0.076609,-0.267575,0.115544
180.000000,-0.166530,0.076594,-0.263959,0.115884
180.468750,-0.163713,0.076575,-0.260357,0.116215
180.937500,-0.160895,0.076553,-0.256770,0.116535
181.406250,-0.158079,0.076527,-0.253199,0.116845
181.875000,-0.155264,0.076498,-0.249646,0.117145
182.343750,-0.152451,0.076466,-0.246112,0.117434
182.812500,-0.149641,0.076430,-0.242597,0.117713
183.281250,-0.146834,0.076392,-0.239102,0.117981
183.750000,-0.144030,0.076351,-0.235629,0.118237
184.218750,-0.141231,0.076306,-0.232178,0.118483
184.687500,-0.138436,0.076259,-0.228751,0.118717
185.156250,-0.135646,0.076210,-0.225348,0.118940
185.625000,-0.132862,0.076158,-0.221969,0.119152
186.093750,-0.130084,0.076103,-0.218617,0.119353
186.562500,-0.127313,0.076046,-0.215291,0.119543
187.031250,-0.124548,0.075987,-0.211992,0.119721
187.500000,-0.121791,0.075925,-0.208722,0.119888
187.968750,-0.119042,0.075861,-0.205479,0.120045
188.437500,-0.116302,0.075795,-0.202265,0.120190
188.906250,-0.113570,0.075727,-0.199082,0.120325
189.375000,-0.110848,0.075657,-0.195928,0.120449
189.843750,-0.108134,0.075586,-0.192804,0.120562
190.312500,-0.105431,0.075512,-0.189711,0.120666
190.781250,-0.102739,0.075437,-0.186650,0.120760
191.250000,-0.100056,0.075360,-0.183619,0.120844
191.718750,-0.097385,0.075281,-0.180621,0.120918
192.187500,-0.094726,0.075201,-0.177654,0.120983
192.656250,-0.092078,0.075120,-0.174720,0.121040
193.125000,-0.089442,0.075036,-0.171818,0.121088
193.593750,-0.086818,0.074952,-0.168949,0.121127
194.062500,-0.084207,0.074865,-0.166112,0.121158
194.531250,-0.081609,0.074778,-0.163309,0.121182
195.000000,-0.079023,0.074689,-0.160539,0.121198
195.468750,-0.076451,0.074599,-0.157801,0.121207
195.937500,-0.073893,0.074507,-0.155097,0.121209
196.406250,-0.071349,0.074414,-0.152427,0.121205
196.875000,-0.068818,0.074320,-0.149790,0.121195
197.343750,-0.066301,0.074224,-0.147186,0.121178
197.812500,-0.063799,0.074128,-0.144616,0.121156
198.281250,-0.061311,0.074030,-0.142080,0.121128
198.750000,-0.058838,0.073930,-0.139578,0.121095
199.218750,-0.056380,0.073830,-0.137109,0.121057
199.687500,-0.053936,0.073728,-0.134674,0.121015
200.156250,-0.051507,0.073626,-0.132273,0.120968
200.625000,-0.049093,0.073522,-0.129906,0.120917
201.093750,-0.046694,0.073417,-0.127573,0.120862
201.562500,-0.044310,0.073310,-0.125274,0.120804
202.031250,-0.041941,0.073203,-0.123009,0.120742
202.500000,-0.039587,0.073095,-0.120777,0.120676
202.968750,-0.037248,0.072986,-0.118580,0.120608
203.437500,-0.034924,0.072876,-0.116416,0.120536
203.906250,-0.032614,0.072765,-0.114287,0.120462
204.375000,-0.030320,0.072653,-0.112192,0.120384
204.843750,-0.028040,0.072540,-0.110130,0.120305
205.312500,-0.025774,0.072427,-0.108102,0.120223
205.781250,-0.023523,0.072313,-0.106109,0.120138
206.250000,-0.021286,0.072198,-0.104148,0.120052
206.718750,-0.019063,0.072083,-0.102222,0.119964
207.187500,-0.016854,0.071967,-0.100329,0.119873
207.656250,-0.014658,0.071851,-0.098470,0.119781
208.125000,-0.012476,0.071735,-0.096644,0.119687
208.593750,-0.010307,0.071619,-0.094851,0.119591
209.062500,-0.008151,0.071503,-0.093092,0.119494
209.531250,-0.006007,0.071387,-0.091365,0.119395
210.000000,-0.003876,0.071271,-0.089672,0.119295
210.468750,-0.001757,0.071156,-0.088011,0.119193
210.937500,0.000350,0.071041,-0.086383,0.119090
211.406250,0.002446,0.070927,-0.084788,0.118986
211.875000,0.004530,0.070813,-0.083224,0.118880
212.343750,0.006604,0.070701,-0.081693,0.118774
212.812500,0.008667,0.070590,-0.080194,0.118666
213.281250,0.010719,0.070480,-0.078726,0.118558
213.750000,0.012761,0.070371,-0.077290,0.118448
214.218750,0.014793,0.070264,-0.075886,0.118337
214.687500,0.016815,0.070159,-0.074512,0.118226
215.156250,0.018829,0.070055,-0.073169,0.118114
215.625000,0.020832,0.069954,-0.071857,0.118001
216.093750,0.022827,0.069855,-0.070574,0.117888
216.562500,0.024813,0.069758,-0.069323,0.117774
217.031250,0.026790,0.069664,-0.068100,0.117659
217.500000,0.028758,0.069573,-0.066907,0.117544
217.968750,0.030718,0.069485,-0.065743,0.117429
218.437500,0.032670,0.069400,-0.064609,0.117313
218.906250,0.034614,0.069318,-0.063502,0.117198
219.375000,0.036550,0.069239,-0.062424,0.117082
219.843750,0.038477,0.069164,-0.061374,0.116966
220.312500,0.040397,0.069093,-0.060352,0.116850
220.781250,0.042309,0.069025,-0.059356,0.116735
221.250000,0.044213,0.068962,-0.058388,0.116619
221.718750,0.046108,0.068903,-0.057446,0.116504
222.187500,0.047996,0.068848,-0.056530,0.116390
222.656250,0.049876,0.068797,-0.055640,0.116276
223.125000,0.051748,0.068751,-0.054775,0.116163
223.593750,0.053611,0.068709,-0.053936,0.116050
224.062500,0.055467,0.068672,-0.053121,0.115939
224.531250,0.057314,0.068640,-0.052331,0.115828
225.000000,0.059152,0.068613,-0.051565,0.115718
225.468750,0.060982,0.068591,-0.050821,0.115610
225.937500,0.062804,0.068574,-0.050102,0.115503
226.406250,0.064617,0.068562,-0.049405,0.115398
226.875000,0.066421,0.068555,-0.048730,0.115294
227.343750,0.068216,0.068554,-0.048077,0.115192
227.812500,0.070002,0.068558,-0.047446,0.115091
228.281250,0.071779,0.068567,-0.046837,0.114993
228.750000,0.073547,0.068582,-0.046248,0.114897
229.218750,0.075305,0.068602,-0.045679,0.114803
229.687500,0.077054,0.068628,-0.045130,0.114712
230.156250,0.078793,0.068658,-0.044601,0.114623
230.625000,0.080523,0.068695,-0.044091,0.114537
231.093750,0.082243,0.068737,-0.043599,0.114454
231.562500,0.083954,0.068784,-0.043126,0.114375
232.031250,0.085655,0.068836,-0.042672,0.114298
232.500000,0.087346,0.068894,-0.042234,0.114225
232.968750,0.089028,0.068958,-0.041814,0.114156
233.437500,0.090699,0.069026,-0.041410,0.114090
233.906250,0.092361,0.069100,-0.041023,0.114029
234.375000,0.094014,0.069179,-0.040651,0.113971
234.843750,0.095656,0.069262,-0.040295,0.113918
235.312500,0.097288,0.069351,-0.039954,0.113870
235.781250,0.098911,0.069445,-0.039628,0.113826
236.250000,0.100524,0.069543,-0.039317,0.113787
236.718750,0.102128,0.069646,-0.039019,0.113753
237.187500,0.103722,0.069754,-0.038735,0.113725
237.656250,0.105306,0.069866,-0.038464,0.113701
238.125000,0.106881,0.069982,-0.038206,0.113684
238.593750,0.108447,0.070103,-0.037960,0.113672
239.062500,0.110003,0.070227,-0.037727,0.113666
239.531250,0.111550,0.070355,-0.037505,0.113666
240.000000,0.113088,0.070487,-0.037295,0.113672
240.468750,0.114617,0.070623,-0.037096,0.113684
240.937500,0.116137,0.070762,-0.036908,0.113703
241.406250,0.117648,0.070904,-0.036730,0.113729
241.875000,0.119150,0.071049,-0.036562,0.113760
242.343750,0.120643,0.071197,-0.036404,0.113799
242.812500,0.122128,0.071348,-0.036256,0.113844
243.281250,0.123604,0.071502,-0.036117,0.113897
243.750000,0.125072,0.071658,-0.035987,0.113956
244.218750,0.126532,0.071816,-0.035865,0.114022
244.687500,0.127984,0.071976,-0.035752,0.114095
245.156250,0.129427,0.072137,-0.035647,0.114175
245.625000,0.130863,0.072301,-0.035549,0.114263
246.093750,0.132291,0.072466,-0.035460,0.114357
246.562500,0.133712,0.072632,-0.035377,0.114459
247.031250,0.135125,0.072799,-0.035302,0.114567
247.500000,0.136531,0.072967,-0.035233,0.114683
247.968750,0.137930,0.073136,-0.035170,0.114805
248.437500,0.139322,0.073305,-0.035114,0.114934
248.906250,0.140708,0.073475,-0.035064,0.115071
249.375000,0.142088,0.073645,-0.035019,0.115214
249.843750,0.143461,0.073814,-0.034979,0.115364
250.312500,0.144829,0.073984,-0.034945,0.115520
250.781250,0.146191,0.074153,-0.034916,0.115684
251.250000,0.147548,0.074322,-0.034891,0.115853
251.718750,0.148900,0.074490,-0.034870,0.116029
252.187500,0.150248,0.074657,-0.034853,0.116211
252.656250,0.151592,0.074823,-0.034840,0.116400
253.125000,0.152932,0.074988,-0.034831,0.116594
253.593750,0.154268,0.075152,-0.034824,0.116794
254.062500,0.155602,0.075314,-0.034821,0.116999
254.531250,0.156932,0.075475,-0.034820,0.117210
255.000000,0.158261,0.075634,-0.034821,0.117426
255.468750,0.159588,0.075791,-0.034825,0.117647
255.937500,0.160913,0.075947,-0.034830,0.117873
256.406250,0.162237,0.076100,-0.034837,0.118104
256.875000,0.163560,0.076251,-0.034845,0.118339
257.343750,0.164884,0.076400,-0.034854,0.118578
257.812500,0.166207,0.076546,-0.034863,0.118821
258.281250,0.167531,0.076690,-0.034873,0.119068
258.750000,0.168855,0.076831,-0.034882,0.119318
259.218750,0.170181,0.076970,-0.034891,0.119572
259.687500,0.171508,0.077106,-0.034900,0.119828
260.156250,0.172837,0.077240,-0.034908,0.120087
260.625000,0.174169,0.077370,-0.034914,0.120349
261.093750,0.175502,0.077498,-0.034919,0.120613
261.562500,0.176839,0.077623,-0.034921,0.120878
262.031250,0.178178,0.077745,-0.034922,0.121145
262.500000,0.179520,0.077864,-0.034920,0.121414
262.968750,0.180866,0.077981,-0.034914,0.121684
263.437500,0.182215,0.078094,-0.034906,0.121954
263.906250,0.183567,0.078204,-0.034893,0.122225
264.375000,0.184923,0.078311,-0.034876,0.122497
264.843750,0.186283,0.078415,-0.034855,0.122768
265.312500,0.187647,0.078516,-0.034829,0.123040
265.781250,0.189015,0.078615,-0.034797,0.123311
266.250000,0.190386,0.078710,-0.034759,0.123582
266.718750,0.191762,0.078802,-0.034715,0.123851
267.187500,0.193141,0.078891,-0.034664,0.124120
267.656250,0.194524,0.078977,-0.034605,0.124388
268.125000,0.195910,0.079061,-0.034540,0.124654
268.593750,0.197300,0.079141,-0.034465,0.124919
269.062500,0.198694,0.079218,-0.034383,0.125182
269.531250,0.200090,0.079293,-0.034291,0.125444
270.000000,0.201490,0.079365,-0.034189,0.125703
270.468750,0.202892,0.079434,-0.034078,0.125961
270.937500,0.204297,0.079500,-0.033956,0.126216
271.406250,0.205705,0.079563,-0.033823,0.126469
271.875000,0.207115,0.079624,-0.033678,0.126720
272.343750,0.208526,0.079682,-0.033522,0.126968
272.812500,0.209939,0.079737,-0.033353,0.127214
273.281250,0.211354,0.079790,-0.033171,0.127458
273.750000,0.212769,0.079840,-0.032977,0.127699
274.218750,0.214186,0.079888,-0.032768,0.127937
274.687500,0.215603,0.079933,-0.032546,0.128173
275.156250,0.217020,0.079976,-0.032309,0.128407
275.625000,0.218437,0.080016,-0.032058,0.128638
276.093750,0.219853,0.080054,-0.031792,0.128867
276.562500,0.221270,0.080090,-0.031510,0.129093
277.031250,0.222685,0.080123,-0.031213,0.129317
277.500000,0.224099,0.080154,-0.030900,0.129538
277.968750,0.225512,0.080183,-0.030570,0.129757
278.437500,0.226923,0.080209,-0.030224,0.129974
278.906250,0.228332,0.080234,-0.029862,0.130189
279.375000,0.229739,0.080256,-0.029483,0.130402
279.843750,0.231144,0.080275,-0.029086,0.130613
280.312500,0.232547,0.080293,-0.028672,0.130822
280.781250,0.233947,0.080309,-0.028241,0.131029
281.250000,0.235344,0.080322,-0.027793,0.131235
281.718750,0.236739,0.080333,-0.027327,0.131439
282.187500,0.238131,0.080342,-0.026843,0.131642
282.656250,0.239519,0.080349,-0.026341,0.131843
283.125000,0.240906,0.080354,-0.025821,0.132042
283.593750,0.242288,0.080356,-0.025283,0.132241
284.062500,0.243668,0.080356,-0.024727,0.132438
284.531250,0.245045,0.080354,-0.024153,0.132634
285.000000,0.246420,0.080349,-0.023561,0.132830
285.468750,0.247791,0.080342,-0.022950,0.133024
285.937500,0.249160,0.080333,-0.022322,0.133218
286.406250,0.250526,0.080322,-0.021675,0.133410
286.875000,0.251890,0.080308,-0.021009,0.133602
287.343750,0.253251,0.080291,-0.020325,0.133794
287.812500,0.254611,0.080272,-0.019623,0.133984
288.281250,0.255968,0.080250,-0.018902,0.134175
288.750000,0.257324,0.080225,-0.018163,0.134364
289.218750,0.258678,0.080198,-0.017406,0.134553
289.687500,0.260031,0.080168,-0.016629,0.134742
290.156250,0.261383,0.080135,-0.015834,0.134930
290.625000,0.262734,0.080099,-0.015021,0.135118
291.093750,0.264085,0.080061,-0.014189,0.135305
291.562500,0.265435,0.080019,-0.013338,0.135492
292.031250,0.266786,0.079974,-0.012469,0.135678
292.500000,0.268136,0.079926,-0.011581,0.135864
292.968750,0.269487,0.079874,-0.010674,0.136050
293.437500,0.270839,0.079820,-0.009749,0.136234
293.906250,0.272191,0.079762,-0.008805,0.136419
294.375000,0.273545,0.079700,-0.007841,0.136603
294.843750,0.274899,0.079635,-0.006859,0.136786
295.312500,0.276256,0.079567,-0.005858,0.136969
295.781250,0.277614,0.079495,-0.004839,0.137151
296.250000,0.278974,0.079420,-0.003800,0.137333
296.718750,0.280335,0.079341,-0.002743,0.137513
297.187500,0.281699,0.079258,-0.001666,0.137693
297.656250,0.283065,0.079171,-0.000571,0.137872
298.125000,0.284433,0.079081,0.000543,0.138050
298.593750,0.285804,0.078987,0.001676,0.138227
299.062500,0.287177,0.078890,0.002828,0.138403
299.531250,0.288553,0.078789,0.003998,0.138578
300.000000,0.289930,0.078684,0.005187,0.138751
300.468750,0.291310,0.078575,0.006396,0.138924
300.937500,0.292693,0.078462,0.007622,0.139094
301.406250,0.294078,0.078346,0.008866,0.139264
301.875000,0.295465,0.078226,0.010130,0.139432
302.343750,0.296854,0.078102,0.011411,0.139598
302.812500,0.298245,0.077975,0.012710,0.139762
303.281250,0.299639,0.077843,0.014028,0.139925
303.750000,0.301033,0.077709,0.015363,0.140085
304.218750,0.302430,0.077570,0.016715,0.140244
304.687500,0.303828,0.077429,0.018085,0.140400
305.156250,0.305228,0.077283,0.019472,0.140554
305.625000,0.306629,0.077135,0.020876,0.140705
306.093750,0.308031,0.076982,0.022296,0.140854
306.562500,0.309434,0.076827,0.023733,0.141001
307.031250,0.310838,0.076668,0.025186,0.141144
307.500000,0.312242,0.076507,0.026654,0.141285
307.968750,0.313647,0.076342,0.028138,0.141423
308.437500,0.315052,0.076174,0.029637,0.141557
308.906250,0.316457,0.076003,0.031150,0.141689
309.375000,0.317862,0.075830,0.032678,0.141817
309.843750,0.319266,0.075654,0.034219,0.141941
310.312500,0.320671,0.075475,0.035773,0.142062
310.781250,0.322075,0.075294,0.037341,0.142179
311.250000,0.323478,0.075110,0.038921,0.142292
311.718750,0.324880,0.074925,0.040513,0.142402
312.187500,0.326281,0.074737,0.042116,0.142507
312.656250,0.327681,0.074547,0.043729,0.142608
313.125000,0.329080,0.074356,0.045353,0.142704
313.593750,0.330477,0.074163,0.046987,0.142797
314.062500,0.331873,0.073968,0.048630,0.142884
314.531250,0.333266,0.073773,0.050281,0.142968
315.000000,0.334658,0.073576,0.051940,0.143046
315.468750,0.336048,0.073378,0.053607,0.143120
315.937500,0.337436,0.073180,0.055279,0.143189
316.406250,0.338822,0.072980,0.056958,0.143253
316.875000,0.340204,0.072781,0.058642,0.143312
317.343750,0.341585,0.072581,0.060330,0.143366
317.812500,0.342963,0.072380,0.062022,0.143414
318.281250,0.344337,0.072180,0.063716,0.143458
318.750000,0.345709,0.071981,0.065413,0.143496
319.218750,0.347078,0.071781,0.067112,0.143529
319.687500,0.348443,0.071582,0.068811,0.143557
320.156250,0.349805,0.071384,0.070510,0.143580
320.625000,0.351162,0.071187,0.072208,0.143597
321.093750,0.352517,0.070991,0.073904,0.143609
321.562500,0.353866,0.070796,0.075598,0.143615
322.031250,0.355212,0.070603,0.077288,0.143617
322.500000,0.356554,0.070411,0.078974,0.143612
322.968750,0.357890,0.070220,0.080655,0.143603
323.437500,0.359222,0.070032,0.082331,0.143588
323.906250,0.360549,0.069846,0.083999,0.143568
324.375000,0.361870,0.069662,0.085661,0.143542
324.843750,0.363186,0.069480,0.087314,0.143512
325.312500,0.364497,0.069301,0.088958,0.143476
325.781250,0.365801,0.069124,0.090592,0.143435
326.250000,0.367099,0.068950,0.092216,0.143389
326.718750,0.368391,0.068778,0.093828,0.143337
327.187500,0.369677,0.068610,0.095428,0.143281
327.656250,0.370955,0.068445,0.097015,0.143221
328.125000,0.372226,0.068283,0.098589,0.143155
328.593750,0.373490,0.068124,0.100148,0.143084
329.062500,0.374746,0.067968,0.101692,0.143010
329.531250,0.375995,0.067816,0.103221,0.142930
330.000000,0.377235,0.067668,0.104733,0.142846
330.468750,0.378467,0.067523,0.106228,0.142758
330.937500,0.379691,0.067383,0.107706,0.142666
331.406250,0.380905,0.067245,0.109165,0.142570
331.875000,0.382111,0.067112,0.110606,0.142469
332.343750,0.383307,0.066983,0.112028,0.142365
332.812500,0.384494,0.066858,0.113430,0.142258
333.281250,0.385671,0.066737,0.114812,0.142147
333.750000,0.386837,0.066620,0.116174,0.142032
334.218750,0.387994,0.066508,0.117515,0.141915
334.687500,0.389139,0.066400,0.118835,0.141794
335.156250,0.390274,0.066296,0.120134,0.141671
335.625000,0.391397,0.066196,0.121411,0.141545
336.093750,0.392509,0.066101,0.122666,0.141416
336.562500,0.393610,0.066011,0.123899,0.141285
337.031250,0.394698,0.065925,0.125110,0.141152
337.500000,0.395774,0.065843,0.126299,0.141016
337.968750,0.396837,0.065766,0.127465,0.140879
338.437500,0.397888,0.065694,0.128609,0.140740
338.906250,0.398924,0.065626,0.129730,0.140599
339.375000,0.399948,0.065563,0.130830,0.140457
339.843750,0.400958,0.065504,0.131907,0.140314
340.312500,0.401953,0.065450,0.132961,0.140170
340.781250,0.402934,0.065401,0.133994,0.140025
341.250000,0.403900,0.065356,0.135005,0.139878
341.718750,0.404850,0.065315,0.135993,0.139732
342.187500,0.405785,0.065279,0.136961,0.139584
342.656250,0.406704,0.065248,0.137907,0.139436
343.125000,0.407607,0.065221,0.138832,0.139288
343.593750,0.408493,0.065198,0.139736,0.139140
344.062500,0.409362,0.065180,0.140619,0.138991
344.531250,0.410214,0.065165,0.141483,0.138842
345.000000,0.411048,0.065155,0.142326,0.138693
345.468750,0.411864,0.065149,0.143149,0.138544
345.937500,0.412662,0.065147,0.143953,0.138396
346.406250,0.413442,0.065149,0.144737,0.138247
346.875000,0.414202,0.065155,0.145503,0.138099
347.343750,0.414944,0.065164,0.146251,0.137950
347.812500,0.415666,0.065177,0.146979,0.137802
348.281250,0.416369,0.065193,0.147690,0.137654
348.750000,0.417052,0.065212,0.148383,0.137505
349.218750,0.417715,0.065235,0.149058,0.137357
349.687500,0.418358,0.065261,0.149716,0.137209
350.156250,0.418982,0.065289,0.150357,0.137061
350.625000,0.419585,0.065321,0.150982,0.136912
351.093750,0.420167,0.065354,0.151589,0.136763
351.562500,0.420730,0.065391,0.152180,0.136614
352.031250,0.421272,0.065429,0.152754,0.136464
352.500000,0.421794,0.065470,0.153312,0.136314
352.968750,0.422296,0.065513,0.153854,0.136162
353.437500,0.422777,0.065557,0.154380,0.136010
353.906250,0.423239,0.065603,0.154890,0.135857
354.375000,0.423681,0.065651,0.155385,0.135703
354.843750,0.424104,0.065700,0.155863,0.135547
355.312500,0.424507,0.065750,0.156325,0.135390
355.781250,0.424890,0.065801,0.156772,0.135231
356.250000,0.425255,0.065852,0.157202,0.135070
356.718750,0.425601,0.065905,0.157617,0.134907
357.187500,0.425929,0.065958,0.158017,0.134742
357.656250,0.426239,0.066011,0.158400,0.134574
358.125000,0.426531,0.066065,0.158767,0.134404
358.593750,0.426806,0.066119,0.159118,0.134231
359.062500,0.427063,0.066172,0.159453,0.134056
359.531250,0.427305,0.066225,0.159772,0.133877
360.000000,0.427530,0.066278,0.160075,0.133695
360.468750,0.427739,0.066331,0.160362,0.133510
360.937500,0.427934,0.066382,0.160632,0.133321
361.406250,0.428113,0.066433,0.160886,0.133129
361.875000,0.428278,0.066483,0.161124,0.132933
362.343750,0.428430,0.066532,0.161345,0.132733
362.812500,0.428568,0.066580,0.161551,0.132530
363.281250,0.428694,0.066627,0.161739,0.132322
363.750000,0.428807,0.066672,0.161912,0.132110
364.218750,0.428909,0.066715,0.162068,0.131894
364.687500,0.429000,0.066758,0.162207,0.131674
365.156250,0.429080,0.066798,0.162331,0.131450
365.625000,0.429150,0.066837,0.162438,0.131221
366.093750,0.429210,0.066874,0.162529,0.130988
366.562500,0.429262,0.066909,0.162603,0.130751
367.031250,0.429305,0.066943,0.162662,0.130509
367.500000,0.429340,0.066974,0.162705,0.130264
367.968750,0.429368,0.067003,0.162732,0.130014
368.437500,0.429389,0.067031,0.162744,0.129759
368.906250,0.429403,0.067056,0.162740,0.129501
369.375000,0.429412,0.067079,0.162721,0.129238
369.843750,0.429415,0.067101,0.162687,0.128972
370.312500,0.429413,0.067120,0.162638,0.128701
370.781250,0.429407,0.067137,0.162574,0.128427
371.250000,0.429397,0.067152,0.162496,0.128149
371.718750,0.429384,0.067164,0.162403,0.127868
372.187500,0.429367,0.067175,0.162296,0.127583
372.656250,0.429347,0.067184,0.162176,0.127294
373.125000,0.429325,0.067191,0.162042,0.127003
373.593750,0.429301,0.067195,0.161895,0.126708
374.062500,0.429276,0.067198,0.161734,0.126410
374.531250,0.429249,0.067199,0.161560,0.126110
375.000000,0.429221,0.067198,0.161374,0.125806
375.468750,0.429192,0.067195,0.161175,0.125501
375.937500,0.429163,0.067190,0.160964,0.125193
376.406250,0.429134,0.067184,0.160741,0.124882
376.875000,0.429106,0.067176,0.160507,0.124570
377.343750,0.429077,0.067166,0.160261,0.124255
377.812500,0.429049,0.067155,0.160003,0.123939
378.281250,0.429022,0.067142,0.159734,0.123621
378.750000,0.428996,0.067127,0.159455,0.123301
379.218750,0.428971,0.067112,0.159165,0.122981
379.687500,0.428947,0.067094,0.158864,0.122658
380.156250,0.428926,0.067075,0.158552,0.122335
380.625000,0.428905,0.067055,0.158231,0.122010
381.093750,0.428887,0.067034,0.157899,0.121685
381.562500,0.428870,0.067011,0.157557,0.121358
382.031250,0.428855,0.066988,0.157206,0.121031
382.500000,0.428843,0.066962,0.156845,0.120703
382.968750,0.428833,0.066936,0.156474,0.120374
383.437500,0.428825,0.066909,0.156094,0.120045
383.906250,0.428819,0.066880,0.155704,0.119715
384.375000,0.428816,0.066851,0.155305,0.119385
384.843750,0.428816,0.066820,0.154897,0.119054
385.312500,0.428818,0.066789,0.154480,0.118723
385.781250,0.428823,0.066756,0.154053,0.118392
386.250000,0.428831,0.066722,0.153618,0.118060
386.718750,0.428841,0.066687,0.153173,0.117729
387.187500,0.428855,0.066651,0.152720,0.117397
387.656250,0.428871,0.066614,0.152257,0.117065
388.125000,0.428891,0.066576,0.151785,0.116732
388.593750,0.428914,0.066536,0.151305,0.116400
389.062500,0.428939,0.066496,0.150816,0.116068
389.531250,0.428969,0.066454,0.150318,0.115735
390.000000,0.429001,0.066411,0.149811,0.115403
390.468750,0.429037,0.066367,0.149295,0.115071
390.937500,0.429076,0.066322,0.148770,0.114738
391.406250,0.429119,0.066275,0.148237,0.114406
391.875000,0.429165,0.066227,0.147695,0.114074
392.343750,0.429215,0.066177,0.147143,0.113742
392.812500,0.429269,0.066126,0.146583,0.113410
393.281250,0.429326,0.066073,0.146014,0.113078
393.750000,0.429388,0.066019,0.145436,0.112747
394.218750,0.429453,0.065963,0.144849,0.112416
394.687500,0.429522,0.065905,0.144254,0.112085
395.156250,0.429596,0.065846,0.143650,0.111755
395.625000,0.429674,0.065785,0.143037,0.111426
396.093750,0.429756,0.065721,0.142414,0.111097
396.562500,0.429842,0.065656,0.141783,0.110769
397.031250,0.429932,0.065589,0.141144,0.110441
397.500000,0.430027,0.065519,0.140496,0.110115
397.968750,0.430127,0.065448,0.139839,0.109790
398.437500,0.430231,0.065374,0.139173,0.109465
398.906250,0.430340,0.065299,0.138499,0.109142
399.375000,0.430453,0.065221,0.137817,0.108821
399.843750,0.430571,0.065140,0.137127,0.108501
400.312500,0.430694,0.065058,0.136428,0.108183
400.781250,0.430821,0.064973,0.135721,0.107866
401.250000,0.430953,0.064885,0.135006,0.107552
401.718750,0.431090,0.064795,0.134284,0.107240
402.187500,0.431231,0.064703,0.133554,0.106930
402.656250,0.431378,0.064609,0.132817,0.106622
403.125000,0.431529,0.064512,0.132074,0.106318
403.593750,0.431684,0.064413,0.131323,0.106016
404.062500,0.431844,0.064311,0.130566,0.105717
404.531250,0.432009,0.064207,0.129803,0.105421
405.000000,0.432179,0.064101,0.129035,0.105128
405.468750,0.432353,0.063992,0.128261,0.104839
405.937500,0.432531,0.063882,0.127483,0.104554
406.406250,0.432714,0.063769,0.126700,0.104272
406.875000,0.432902,0.063654,0.125913,0.103994
407.343750,0.433094,0.063537,0.125122,0.103721
407.812500,0.433289,0.063418,0.124329,0.103451
408.281250,0.433489,0.063297,0.123534,0.103186
408.750000,0.433693,0.063174,0.122737,0.102925
409.218750,0.433901,0.063050,0.121939,0.102668
409.687500,0.434113,0.062924,0.121141,0.102416
410.156250,0.434329,0.062796,0.120342,0.102168
410.625000,0.434548,0.062667,0.119545,0.101926
411.093750,0.434771,0.062537,0.118750,0.101687
411.562500,0.434997,0.062405,0.117957,0.101454
412.031250,0.435227,0.062272,0.117168,0.101225
412.500000,0.435460,0.062139,0.116382,0.101001
412.968750,0.435697,0.062004,0.115601,0.100782
413.437500,0.435937,0.061869,0.114826,0.100567
413.906250,0.436179,0.061733,0.114057,0.100357
414.375000,0.436425,0.061597,0.113295,0.100151
414.843750,0.436674,0.061460,0.112542,0.099950
415.312500,0.436925,0.061323,0.111797,0.099753
415.781250,0.437179,0.061186,0.111062,0.099561
416.250000,0.437437,0.061048,0.110338,0.099373
416.718750,0.437696,0.060911,0.109625,0.099188
417.187500,0.437959,0.060774,0.108924,0.099008
417.656250,0.438224,0.060638,0.108237,0.098832
418.125000,0.438491,0.060502,0.107563,0.098660
418.593750,0.438761,0.060366,0.106904,0.098491
419.062500,0.439033,0.060232,0.106261,0.098325
419.531250,0.439308,0.060098,0.105633,0.098163
420.000000,0.439585,0.059965,0.105023,0.098004
420.468750,0.439864,0.059832,0.104431,0.097848
420.937500,0.440145,0.059701,0.103857,0.097695
421.406250,0.440429,0.059572,0.103303,0.097545
421.875000,0.440715,0.059443,0.102768,0.097397
422.343750,0.441003,0.059316,0.102254,0.097252
422.812500,0.441293,0.059190,0.101762,0.097110
423.281250,0.441585,0.059065,0.101292,0.096969
423.750000,0.441879,0.058942,0.100844,0.096831
424.218750,0.442175,0.058821,0.100419,0.096695
424.687500,0.442473,0.058701,0.100018,0.096561
425.156250,0.442773,0.058583,0.099641,0.096429
425.625000,0.443074,0.058467,0.099290,0.096299
426.093750,0.443378,0.058353,0.098963,0.096171
426.562500,0.443683,0.058240,0.098662,0.096045
427.031250,0.443989,0.058129,0.098387,0.095920
427.500000,0.444298,0.058020,0.098138,0.095797
427.968750,0.444608,0.057913,0.097917,0.095676
428.437500,0.444919,0.057808,0.097722,0.095557
428.906250,0.445232,0.057705,0.097554,0.095439
429.375000,0.445546,0.057604,0.097414,0.095323
429.843750,0.445862,0.057505,0.097301,0.095209
430.312500,0.446178,0.057408,0.097216,0.095097
430.781250,0.446496,0.057313,0.097160,0.094987
431.250000,0.446815,0.057220,0.097131,0.094879
431.718750,0.447135,0.057129,0.097129,0.094773
432.187500,0.447456,0.057040,0.097156,0.094669
432.656250,0.447778,0.056953,0.097211,0.094567
433.125000,0.448101,0.056869,0.097293,0.094467
433.593750,0.448425,0.056786,0.097403,0.094370
434.062500,0.448749,0.056706,0.097541,0.094275
434.531250,0.449074,0.056628,0.097705,0.094183
435.000000,0.449399,0.056552,0.097898,0.094093
435.468750,0.449726,0.056478,0.098117,0.094006
435.937500,0.450052,0.056406,0.098363,0.093921
436.406250,0.450379,0.056337,0.098636,0.093840
436.875000,0.450706,0.056269,0.098935,0.093761
437.343750,0.451034,0.056204,0.099260,0.093686
437.812500,0.451361,0.056141,0.099611,0.093613
438.281250,0.451690,0.056080,0.099987,0.093544
438.750000,0.452017,0.056021,0.100389,0.093477
439.218750,0.452346,0.055964,0.100816,0.093414
439.687500,0.452674,0.055910,0.101267,0.093355
440.156250,0.453002,0.055857,0.101743,0.093298
440.625000,0.453330,0.055806,0.102243,0.093245
441.093750,0.453658,0.055758,0.102768,0.093195
441.562500,0.453986,0.055711,0.103316,0.093149
442.031250,0.454314,0.055666,0.103888,0.093106
442.500000,0.454642,0.055623,0.104483,0.093066
442.968750,0.454969,0.055582,0.105101,0.093030
443.437500,0.455296,0.055543,0.105743,0.092996
443.906250,0.455623,0.055505,0.106407,0.092966
444.375000,0.455949,0.055469,0.107094,0.092939
444.843750,0.456275,0.055434,0.107803,0.092915
445.312500,0.456601,0.055401,0.108535,0.092894
445.781250,0.456926,0.055369,0.109290,0.092876
446.250000,0.457251,0.055339,0.110066,0.092860
446.718750,0.457575,0.055309,0.110866,0.092847
447.187500,0.457898,0.055281,0.111687,0.092836
447.656250,0.458221,0.055253,0.112530,0.092828
448.125000,0.458543,0.055227,0.113395,0.092821
448.593750,0.458864,0.055201,0.114283,0.092816
449.062500,0.459185,0.055176,0.115192,0.092813
449.531250,0.459504,0.055152,0.116124,0.092811
450.000000,0.459822,0.055128,0.117078,0.092810
450.468750,0.460139,0.055105,0.118054,0.092810
450.937500,0.460455,0.055082,0.119052,0.092811
451.406250,0.460769,0.055060,0.120071,0.092811
451.875000,0.461081,0.055037,0.121113,0.092812
452.343750,0.461392,0.055015,0.122177,0.092813
452.812500,0.461702,0.054993,0.123263,0.092813
453.281250,0.462009,0.054970,0.124371,0.092813
453.750000,0.462314,0.054948,0.125501,0.092811
454.218750,0.462617,0.054925,0.126653,0.092809
454.687500,0.462918,0.054902,0.127826,0.092804
455.156250,0.463216,0.054879,0.129021,0.092798
455.625000,0.463512,0.054856,0.130238,0.092790
456.093750,0.463805,0.054832,0.131476,0.092779
456.562500,0.464095,0.054808,0.132735,0.092767
457.031250,0.464382,0.054783,0.134016,0.092751
457.500000,0.464666,0.054758,0.135317,0.092732
457.968750,0.464947,0.054732,0.136640,0.092711
458.437500,0.465224,0.054706,0.137982,0.092686
458.906250,0.465498,0.054679,0.139345,0.092658
459.375000,0.465768,0.054651,0.140728,0.092626
459.843750,0.466035,0.054623,0.142130,0.092591
460.312500,0.466297,0.054594,0.143552,0.092552
460.781250,0.466556,0.054565,0.144992,0.092510
461.250000,0.466811,0.054535,0.146451,0.092464
461.718750,0.467061,0.054504,0.147929,0.092414
462.187500,0.467308,0.054473,0.149424,0.092360
462.656250,0.467550,0.054441,0.150936,0.092303
463.125000,0.467788,0.054408,0.152466,0.092242
463.593750,0.468022,0.054375,0.154011,0.092178
464.062500,0.468251,0.054341,0.155573,0.092110
464.531250,0.468476,0.054306,0.157150,0.092038
465.000000,0.468697,0.054271,0.158742,0.091963
465.468750,0.468914,0.054236,0.160348,0.091885
465.937500,0.469126,0.054200,0.161968,0.091803
466.406250,0.469335,0.054163,0.163601,0.091719
466.875000,0.469539,0.054126,0.165247,0.091631
467.343750,0.469739,0.054088,0.166905,0.091540
467.812500,0.469935,0.054050,0.168575,0.091446
468.281250,0.470127,0.054012,0.170255,0.091349
468.750000,0.470315,0.053974,0.171946,0.091249
469.218750,0.470499,0.053935,0.173647,0.091147
469.687500,0.470680,0.053896,0.175357,0.091041
470.156250,0.470857,0.053857,0.177075,0.090933
470.625000,0.471031,0.053817,0.178802,0.090822
471.093750,0.471201,0.053778,0.180535,0.090709
471.562500,0.471368,0.053739,0.182276,0.090593
472.031250,0.471532,0.053699,0.184023,0.090474
472.500000,0.471693,0.053660,0.185776,0.090352
472.968750,0.471852,0.053621,0.187534,0.090228
473.437500,0.472008,0.053582,0.189298,0.090100
473.906250,0.472161,0.053543,0.191065,0.089970
474.375000,0.472312,0.053505,0.192836,0.089837
474.843750,0.472461,0.053467,0.194611,0.089701
475.312500,0.472608,0.053429,0.196389,0.089562
475.781250,0.472753,0.053392,0.198169,0.089419
476.250000,0.472896,0.053355,0.199952,0.089274
476.718750,0.473038,0.053319,0.201736,0.089125
477.187500,0.473179,0.053283,0.203522,0.088972
477.656250,0.473319,0.053248,0.205309,0.088816
478.125000,0.473458,0.053213,0.207098,0.088656
478.593750,0.473596,0.053180,0.208887,0.088492
479.062500,0.473734,0.053146,0.210676,0.088324
479.531250,0.473872,0.053114,0.212467,0.088152
480.000000,0.474009,0.053082,0.214257,0.087976
480.468750,0.474147,0.053052,0.216047,0.087796
480.937500,0.474285,0.053021,0.217838,0.087611
481.406250,0.474424,0.052992,0.219628,0.087421
481.875000,0.474564,0.052963,0.221418,0.087227
482.343750,0.474705,0.052936,0.223208,0.087027
482.812500,0.474848,0.052909,0.224997,0.086823
483.281250,0.474992,0.052882,0.226786,0.086614
483.750000,0.475138,0.052857,0.228576,0.086400
484.218750,0.475286,0.052832,0.230365,0.086180
484.687500,0.475437,0.052807,0.232154,0.085955
485.156250,0.475591,0.052783,0.233943,0.085724
485.625000,0.475747,0.052760,0.235732,0.085488
486.093750,0.475907,0.052737,0.237521,0.085246
486.562500,0.476070,0.052715,0.239311,0.084999
487.031250,0.476237,0.052693,0.241100,0.084746
487.500000,0.476408,0.052672,0.242890,0.084488
487.968750,0.476583,0.052650,0.244681,0.084224
488.437500,0.476763,0.052629,0.246473,0.083954
488.906250,0.476947,0.052607,0.248265,0.083678
489.375000,0.477137,0.052586,0.250057,0.083397
489.843750,0.477331,0.052565,0.251851,0.083110
490.312500,0.477531,0.052543,0.253646,0.082817
490.781250,0.477736,0.052521,0.255441,0.082519
491.250000,0.477948,0.052499,0.257238,0.082215
491.718750,0.478165,0.052476,0.259036,0.081906
492.187500,0.478388,0.052453,0.260835,0.081592
492.656250,0.478618,0.052428,0.262634,0.081272
493.125000,0.478854,0.052403,0.264435,0.080946
493.593750,0.479097,0.052377,0.266237,0.080616
494.062500,0.479346,0.052350,0.268040,0.080281
494.531250,0.479603,0.052322,0.269844,0.079940
495.000000,0.479867,0.052293,0.271649,0.079595
495.468750,0.480137,0.052263,0.273455,0.079246
495.937500,0.480415,0.052231,0.275261,0.078891
496.406250,0.480701,0.052197,0.277068,0.078533
496.875000,0.480993,0.052162,0.278875,0.078170
497.343750,0.481293,0.052126,0.280683,0.077803
497.812500,0.481601,0.052087,0.282491,0.077433
498.281250,0.481916,0.052047,0.284299,0.077059
498.750000,0.482238,0.052005,0.286106,0.076681
499.218750,0.482568,0.051962,0.287914,0.076301
499.687500,0.482906,0.051916,0.289721,0.075917
500.156250,0.483251,0.051869,0.291527,0.075531
500.625000,0.483604,0.051819,0.293332,0.075142
501.093750,0.483964,0.051767,0.295137,0.074751
501.562500,0.484332,0.051714,0.296940,0.074358
502.031250,0.484707,0.051658,0.298741,0.073964
502.500000,0.485089,0.051601,0.300541,0.073568
502.968750,0.485478,0.051541,0.302339,0.073171
503.437500,0.485874,0.051479,0.304134,0.072774
503.906250,0.486278,0.051416,0.305926,0.072375
504.375000,0.486688,0.051350,0.307717,0.071977
504.843750,0.487105,0.051283,0.309504,0.071578
505.312500,0.487528,0.051214,0.311287,0.071180
505.781250,0.487958,0.051143,0.313067,0.070783
506.250000,0.488393,0.051070,0.314843,0.070386
506.718750,0.488835,0.050996,0.316615,0.069991
507.187500,0.489283,0.050919,0.318382,0.069597
507.656250,0.489736,0.050842,0.320144,0.069205
508.125000,0.490194,0.050763,0.321901,0.068815
508.593750,0.490657,0.050683,0.323653,0.068427
509.062500,0.491125,0.050601,0.325398,0.068042
509.531250,0.491597,0.050518,0.327138,0.067659
510.000000,0.492074,0.050434,0.328871,0.067280
510.468750,0.492555,0.050349,0.330597,0.066904
510.937500,0.493039,0.050264,0.332315,0.066531
511.406250,0.493527,0.050177,0.334027,0.066163
511.875000,0.494017,0.050090,0.335730,0.065798
512.343750,0.494511,0.050002,0.337425,0.065438
512.812500,0.495006,0.049914,0.339111,0.065082
513.281250,0.495504,0.049825,0.340788,0.064730
513.750000,0.496004,0.049737,0.342455,0.064384
514.218750,0.496505,0.049647,0.344113,0.064042
514.687500,0.497008,0.049558,0.345761,0.063705
515.156250,0.497511,0.049469,0.347398,0.063374
515.625000,0.498014,0.049380,0.349024,0.063048
516.093750,0.498518,0.049292,0.350638,0.062728
516.562500,0.499022,0.049203,0.352241,0.062413
517.031250,0.499525,0.049116,0.353831,0.062104
517.500000,0.500028,0.049028,0.355409,0.061801
517.968750,0.500530,0.048942,0.356973,0.061504
518.437500,0.501030,0.048856,0.358524,0.061213
518.906250,0.501528,0.048771,0.360061,0.060929
519.375000,0.502025,0.048686,0.361584,0.060650
519.843750,0.502520,0.048603,0.363092,0.060378
520.312500,0.503012,0.048521,0.364585,0.060111
520.781250,0.503502,0.048441,0.366062,0.059851
521.250000,0.503988,0.048362,0.367523,0.059598
521.718750,0.504472,0.048284,0.368968,0.059350
522.187500,0.504952,0.048208,0.370396,0.059109
522.656250,0.505428,0.048133,0.371807,0.058874
523.125000,0.505901,0.048060,0.373200,0.058646
523.593750,0.506369,0.047990,0.374576,0.058423
524.062500,0.506833,0.047921,0.375933,0.058207
524.531250,0.507293,0.047854,0.377271,0.057996
525.000000,0.507748,0.047790,0.378590,0.057792
525.468750,0.508198,0.047728,0.379889,0.057593
525.937500,0.508643,0.047669,0.381169,0.057400
526.406250,0.509084,0.047612,0.382429,0.057213
526.875000,0.509519,0.047558,0.383668,0.057032
527.343750,0.509948,0.047507,0.384886,0.056855
527.812500,0.510372,0.047459,0.386083,0.056684
528.281250,0.510790,0.047414,0.387259,0.056518
528.750000,0.511203,0.047373,0.388413,0.056358
529.218750,0.511609,0.047334,0.389545,0.056201
529.687500,0.512009,0.047299,0.390655,0.056050
530.156250,0.512403,0.047268,0.391743,0.055902
530.625000,0.512792,0.047240,0.392807,0.055759
531.093750,0.513173,0.047215,0.393849,0.055620
531.562500,0.513548,0.047195,0.394868,0.055485
532.031250,0.513917,0.047178,0.395863,0.055353
532.500000,0.514279,0.047165,0.396834,0.055224
532.968750,0.514634,0.047156,0.397782,0.055099
533.437500,0.514983,0.047151,0.398706,0.054976
533.906250,0.515325,0.047150,0.399605,0.054856
534.375000,0.515660,0.047152,0.400480,0.054738
534.843750,0.515988,0.047159,0.401330,0.054622
535.312500,0.516309,0.047170,0.402156,0.054508
535.781250,0.516623,0.047184,0.402957,0.054396
536.250000,0.516931,0.047202,0.403733,0.054285
536.718750,0.517232,0.047225,0.404484,0.054174
537.187500,0.517525,0.047251,0.405210,0.054065
537.656250,0.517812,0.047280,0.405910,0.053955
538.125000,0.518092,0.047313,0.406585,0.053846
538.593750,0.518366,0.047350,0.407234,0.053737
539.062500,0.518633,0.047391,0.407859,0.053628
539.531250,0.518893,0.047434,0.408457,0.053518
540.000000,0.519147,0.047481,0.409029,0.053407
540.468750,0.519394,0.047531,0.409576,0.053295
540.937500,0.519635,0.047584,0.410097,0.053182
541.406250,0.519871,0.047640,0.410592,0.053068
541.875000,0.520100,0.047699,0.411062,0.052952
542.343750,0.520323,0.047761,0.411506,0.052833
542.812500,0.520541,0.047825,0.411924,0.052713
543.281250,0.520754,0.047891,0.412317,0.052591
543.750000,0.520961,0.047960,0.412684,0.052466
544.218750,0.521163,0.048031,0.413026,0.052339
544.687500,0.521361,0.048104,0.413343,0.052209
545.156250,0.521554,0.048179,0.413634,0.052076
545.625000,0.521743,0.048255,0.413901,0.051941
546.093750,0.521928,0.048333,0.414142,0.051803
546.562500,0.522109,0.048413,0.414359,0.051662
547.031250,0.522286,0.048494,0.414552,0.051518
547.500000,0.522460,0.048576,0.414721,0.051372
547.968750,0.522631,0.048659,0.414865,0.051223
548.437500,0.522800,0.048743,0.414987,0.051071
548.906250,0.522966,0.048828,0.415084,0.050917
549.375000,0.523129,0.048914,0.415160,0.050761
549.843750,0.523291,0.049000,0.415212,0.050602
550.312500,0.523451,0.049086,0.415242,0.050441
550.781250,0.523609,0.049173,0.415250,0.050279
551.250000,0.523767,0.049260,0.415237,0.050114
551.718750,0.523923,0.049347,0.415203,0.049949
552.187500,0.524080,0.049434,0.415147,0.049782
552.656250,0.524235,0.049521,0.415072,0.049614
553.125000,0.524391,0.049607,0.414977,0.049445
553.593750,0.524547,0.049693,0.414863,0.049277
554.062500,0.524703,0.049778,0.414730,0.049108
554.531250,0.524860,0.049863,0.414578,0.048939
555.000000,0.525018,0.049947,0.414409,0.048771
555.468750,0.525177,0.050030,0.414222,0.048603
555.937500,0.525338,0.050112,0.414018,0.048437
556.406250,0.525500,0.050193,0.413798,0.048272
556.875000,0.525664,0.050273,0.413562,0.048108
557.343750,0.525830,0.050352,0.413311,0.047947
557.812500,0.525999,0.050429,0.413045,0.047787
558.281250,0.526170,0.050504,0.412765,0.047630
558.750000,0.526343,0.050578,0.412470,0.047476
559.218750,0.526519,0.050651,0.412163,0.047325
559.687500,0.526699,0.050721,0.411843,0.047176
560.156250,0.526881,0.050790,0.411511,0.047031
560.625000,0.527066,0.050857,0.411167,0.046890
561.093750,0.527255,0.050922,0.410812,0.046752
561.562500,0.527447,0.050985,0.410446,0.046619
562.031250,0.527643,0.051046,0.410070,0.046489
562.500000,0.527843,0.051105,0.409684,0.046364
562.968750,0.528047,0.051161,0.409289,0.046243
563.437500,0.528254,0.051216,0.408884,0.046126
563.906250,0.528465,0.051268,0.408471,0.046014
564.375000,0.528680,0.051318,0.408050,0.045908
564.843750,0.528899,0.051365,0.407622,0.045805
565.312500,0.529123,0.051410,0.407186,0.045708
565.781250,0.529350,0.051453,0.406743,0.045616
566.250000,0.529582,0.051494,0.406293,0.045529
566.718750,0.529818,0.051532,0.405837,0.045447
567.187500,0.530058,0.051568,0.405375,0.045371
567.656250,0.530302,0.051601,0.404907,0.045300
568.125000,0.530551,0.051633,0.404433,0.045234
568.593750,0.530803,0.051661,0.403954,0.045174
569.062500,0.531060,0.051688,0.403470,0.045120
569.531250,0.531320,0.051712,0.402980,0.045071
570.000000,0.531585,0.051735,0.402487,0.045027
570.468750,0.531854,0.051754,0.401988,0.044990
570.937500,0.532126,0.051772,0.401485,0.044958
571.406250,0.532403,0.051788,0.400978,0.044931
571.875000,0.532683,0.051802,0.400466,0.044911
572.343750,0.532966,0.051813,0.399950,0.044896
572.812500,0.533253,0.051823,0.399430,0.044887
573.281250,0.533544,0.051831,0.398906,0.044884
573.750000,0.533837,0.051837,0.398378,0.044887
574.218750,0.534134,0.051841,0.397846,0.044896
574.687500,0.534434,0.051844,0.397310,0.044911
575.156250,0.534736,0.051845,0.396771,0.044931
575.625000,0.535041,0.051845,0.396228,0.044958
576.093750,0.535349,0.051843,0.395681,0.044990
576.562500,0.535659,0.051839,0.395130,0.045028
577.031250,0.535971,0.051835,0.394576,0.045072
577.500000,0.536284,0.051829,0.394018,0.045122
577.968750,0.536600,0.051822,0.393457,0.045177
578.437500,0.536917,0.051813,0.392892,0.045239
578.906250,0.537235,0.051804,0.392324,0.045306
579.375000,0.537555,0.051794,0.391753,0.045379
579.843750,0.537876,0.051782,0.391178,0.045457
580.312500,0.538197,0.051770,0.390600,0.045542
580.781250,0.538519,0.051757,0.390020,0.045631
581.250000,0.538841,0.051744,0.389437,0.045727
581.718750,0.539163,0.051729,0.388851,0.045827
582.187500,0.539485,0.051714,0.388262,0.045934
582.656250,0.539807,0.051699,0.387671,0.046045
583.125000,0.540128,0.051683,0.387078,0.046162
583.593750,0.540449,0.051666,0.386483,0.046284
584.062500,0.540768,0.051650,0.385885,0.046411
584.531250,0.541087,0.051633,0.385286,0.046543
585.000000,0.541404,0.051615,0.384686,0.046681
585.468750,0.541720,0.051598,0.384084,0.046823
585.937500,0.542034,0.051580,0.383481,0.046970
586.406250,0.542346,0.051562,0.382877,0.047122
586.875000,0.542656,0.051544,0.382271,0.047279
587.343750,0.542964,0.051526,0.381666,0.047440
587.812500,0.543270,0.051509,0.381059,0.047606
588.281250,0.543572,0.051491,0.380452,0.047777
588.750000,0.543872,0.051474,0.379845,0.047952
589.218750,0.544169,0.051457,0.379237,0.048132
589.687500,0.544463,0.051441,0.378630,0.048316
590.156250,0.544754,0.051425,0.378022,0.048504
590.625000,0.545042,0.051409,0.377415,0.048697
591.093750,0.545326,0.051394,0.376808,0.048894
591.562500,0.545606,0.051380,0.376201,0.049096
592.031250,0.545882,0.051367,0.375594,0.049302
592.500000,0.546155,0.051354,0.374988,0.049512
592.968750,0.546424,0.051343,0.374382,0.049727
593.437500,0.546689,0.051332,0.373777,0.049945
593.906250,0.546950,0.051323,0.373172,0.050168
594.375000,0.547207,0.051315,0.372567,0.050395
594.843750,0.547460,0.051308,0.371963,0.050627
595.312500,0.547709,0.051302,0.371360,0.050862
595.781250,0.547953,0.051298,0.370757,0.051102
596.250000,0.548194,0.051296,0.370154,0.051346
596.718750,0.548430,0.051295,0.369552,0.051594
597.187500,0.548662,0.051296,0.368950,0.051846
597.656250,0.548890,0.051298,0.368349,0.052103
598.125000,0.549114,0.051303,0.367747,0.052363
598.593750,0.549334,0.051309,0.367147,0.052628
599.062500,0.549551,0.051317,0.366546,0.052896
599.531250,0.549763,0.051328,0.365945,0.053168
600.000000,0.549972,0.051340,0.365345,0.053445
600.468750,0.550177,0.051355,0.364745,0.053725
600.937500,0.550380,0.051372,0.364145,0.054009
601.406250,0.550578,0.051391,0.363544,0.054297
601.875000,0.550774,0.051412,0.362943,0.054588
602.343750,0.550967,0.051435,0.362343,0.054883
602.812500,0.551157,0.051461,0.361742,0.055181
603.281250,0.551345,0.051489,0.361141,0.055483
603.750000,0.551530,0.051520,0.360539,0.055788
604.218750,0.551714,0.051553,0.359938,0.056096
604.687500,0.551895,0.051588,0.359336,0.056408
605.156250,0.552076,0.051626,0.358734,0.056722
605.625000,0.552255,0.051666,0.358131,0.057039
606.093750,0.552433,0.051708,0.357528,0.057358
606.562500,0.552610,0.051753,0.356926,0.057680
607.031250,0.552787,0.051800,0.356322,0.058004
607.500000,0.552963,0.051849,0.355719,0.058330
607.968750,0.553140,0.051901,0.355116,0.058658
608.437500,0.553317,0.051954,0.354513,0.058988
608.906250,0.553495,0.052010,0.353911,0.059319
609.375000,0.553673,0.052068,0.353309,0.059651
609.843750,0.553853,0.052127,0.352708,0.059985
610.312500,0.554035,0.052189,0.352108,0.060319
610.781250,0.554218,0.052253,0.351509,0.060653
611.250000,0.554403,0.052318,0.350912,0.060988
611.718750,0.554590,0.052386,0.350317,0.061322
612.187500,0.554780,0.052454,0.349724,0.061656
612.656250,0.554972,0.052525,0.349133,0.061990
613.125000,0.555168,0.052597,0.348546,0.062322
613.593750,0.555366,0.052670,0.347962,0.062653
614.062500,0.555568,0.052745,0.347381,0.062983
614.531250,0.555774,0.052821,0.346805,0.063311
615.000000,0.555983,0.052898,0.346233,0.063636
615.468750,0.556195,0.052976,0.345667,0.063959
615.937500,0.556412,0.053055,0.345106,0.064279
616.406250,0.556632,0.053135,0.344552,0.064595
616.875000,0.556857,0.053216,0.344003,0.064908
617.343750,0.557086,0.053297,0.343462,0.065218
617.812500,0.557319,0.053379,0.342929,0.065523
618.281250,0.557557,0.053461,0.342403,0.065823
618.750000,0.557799,0.053543,0.341886,0.066119
619.218750,0.558045,0.053626,0.341378,0.066410
619.687500,0.558296,0.053708,0.340880,0.066695
620.156250,0.558551,0.053791,0.340392,0.066975
620.625000,0.558810,0.053873,0.339915,0.067248
621.093750,0.559073,0.053955,0.339449,0.067516
621.562500,0.559341,0.054037,0.338995,0.067777
622.031250,0.559613,0.054118,0.338553,0.068031
622.500000,0.559889,0.054199,0.338124,0.068278
622.968750,0.560169,0.054279,0.337708,0.068519
623.437500,0.560453,0.054358,0.337306,0.068752
623.906250,0.560741,0.054436,0.336918,0.068978
624.375000,0.561032,0.054513,0.336545,0.069196
624.843750,0.561327,0.054589,0.336187,0.069406
625.312500,0.561626,0.054664,0.335844,0.069609
625.781250,0.561927,0.054737,0.335517,0.069804
626.250000,0.562232,0.054809,0.335207,0.069991
626.718750,0.562540,0.054879,0.334913,0.070170
627.187500,0.562851,0.054947,0.334636,0.070341
627.656250,0.563164,0.055014,0.334377,0.070504
628.125000,0.563480,0.055079,0.334135,0.070659
628.593750,0.563798,0.055143,0.333911,0.070807
629.062500,0.564119,0.055204,0.333705,0.070947
629.531250,0.564441,0.055263,0.333518,0.071079
630.000000,0.564765,0.055321,0.333349,0.071204
630.468750,0.565091,0.055376,0.333198,0.071321
630.937500,0.565418,0.055429,0.333066,0.071431
631.406250,0.565746,0.055480,0.332954,0.071534
631.875000,0.566075,0.055529,0.332859,0.071631
632.343750,0.566404,0.055575,0.332784,0.071721
632.812500,0.566734,0.055620,0.332729,0.071804
633.281250,0.567064,0.055662,0.332692,0.071882
633.750000,0.567394,0.055702,0.332674,0.071953
634.218750,0.567724,0.055740,0.332675,0.072019
634.687500,0.568053,0.055775,0.332694,0.072080
635.156250,0.568381,0.055809,0.332733,0.072135
635.625000,0.568708,0.055840,0.332790,0.072186
636.093750,0.569034,0.055870,0.332866,0.072233
636.562500,0.569358,0.055897,0.332961,0.072275
637.031250,0.569680,0.055922,0.333073,0.072313
637.500000,0.569999,0.055946,0.333204,0.072348
637.968750,0.570316,0.055967,0.333353,0.072380
638.437500,0.570630,0.055987,0.333520,0.072408
638.906250,0.570941,0.056005,0.333704,0.072434
639.375000,0.571248,0.056022,0.333906,0.072457
639.843750,0.571551,0.056037,0.334125,0.072478
640.312500,0.571850,0.056050,0.334362,0.072497
640.781250,0.572145,0.056062,0.334615,0.072515
641.250000,0.572435,0.056073,0.334885,0.072530
641.718750,0.572719,0.056083,0.335172,0.072545
642.187500,0.572998,0.056092,0.335475,0.072558
642.656250,0.573271,0.056100,0.335795,0.072571
643.125000,0.573538,0.056107,0.336131,0.072582
643.593750,0.573798,0.056113,0.336483,0.072593
644.062500,0.574051,0.056119,0.336851,0.072604
644.531250,0.574297,0.056124,0.337235,0.072614
645.000000,0.574536,0.056129,0.337635,0.072624
645.468750,0.574767,0.056133,0.338050,0.072634
645.937500,0.574990,0.056138,0.338480,0.072644
646.406250,0.575205,0.056142,0.338926,0.072654
646.875000,0.575411,0.056147,0.339388,0.072664
647.343750,0.575609,0.056152,0.339865,0.072675
647.812500,0.575797,0.056157,0.340357,0.072685
648.281250,0.575976,0.056163,0.340864,0.072696
648.750000,0.576146,0.056169,0.341386,0.072706
649.218750,0.576306,0.056176,0.341924,0.072718
649.687500,0.576457,0.056184,0.342476,0.072729
650.156250,0.576598,0.056192,0.343044,0.072740
650.625000,0.576729,0.056202,0.343627,0.072752
651.093750,0.576849,0.056213,0.344225,0.072764
651.562500,0.576960,0.056225,0.344838,0.072776
652.031250,0.577061,0.056239,0.345466,0.072789
652.500000,0.577152,0.056254,0.346109,0.072801
652.968750,0.577232,0.056270,0.346767,0.072814
653.437500,0.577303,0.056288,0.347440,0.072826
653.906250,0.577363,0.056308,0.348128,0.072839
654.375000,0.577414,0.056330,0.348831,0.072851
654.843750,0.577454,0.056353,0.349550,0.072864
655.312500,0.577485,0.056379,0.350283,0.072876
655.781250,0.577507,0.056407,0.351032,0.072888
656.250000,0.577518,0.056436,0.351796,0.072900
656.718750,0.577521,0.056468,0.352575,0.072912
657.187500,0.577514,0.056502,0.353369,0.072924
657.656250,0.577498,0.056539,0.354179,0.072935
658.125000,0.577474,0.056577,0.355003,0.072945
658.593750,0.577440,0.056618,0.355843,0.072956
659.062500,0.577399,0.056661,0.356697,0.072966
659.531250,0.577349,0.056707,0.357567,0.072975
660.000000,0.577291,0.056755,0.358452,0.072984
660.468750,0.577225,0.056805,0.359352,0.072993
660.937500,0.577151,0.056858,0.360268,0.073000
661.406250,0.577070,0.056913,0.361199,0.073008
661.875000,0.576982,0.056970,0.362144,0.073014
662.343750,0.576887,0.057030,0.363104,0.073020
662.812500,0.576786,0.057092,0.364080,0.073025
663.281250,0.576677,0.057156,0.365070,0.073030
663.750000,0.576563,0.057222,0.366076,0.073034
664.218750,0.576442,0.057290,0.367096,0.073037
664.687500,0.576316,0.057361,0.368131,0.073039
665.156250,0.576184,0.057433,0.369181,0.073040
665.625000,0.576046,0.057507,0.370245,0.073041
666.093750,0.575903,0.057584,0.371324,0.073040
666.562500,0.575756,0.057662,0.372417,0.073039
667.031250,0.575603,0.057741,0.373525,0.073037
667.500000,0.575446,0.057823,0.374647,0.073034
667.968750,0.575285,0.057905,0.375783,0.073029
668.437500,0.575120,0.057989,0.376933,0.073024
668.906250,0.574950,0.058075,0.378098,0.073018
669.375000,0.574777,0.058162,0.379275,0.073011
669.843750,0.574601,0.058249,0.380467,0.073002
670.312500,0.574421,0.058338,0.381672,0.072993
670.781250,0.574239,0.058428,0.382891,0.072982
671.250000,0.574054,0.058518,0.384122,0.072969
671.718750,0.573866,0.058609,0.385366,0.072956
672.187500,0.573675,0.058701,0.386623,0.072941
672.656250,0.573483,0.058793,0.387893,0.072925
673.125000,0.573289,0.058885,0.389174,0.072907
673.593750,0.573093,0.058978,0.390468,0.072888
674.062500,0.572896,0.059070,0.391774,0.072867
674.531250,0.572697,0.059163,0.393090,0.072845
675.000000,0.572497,0.059256,0.394418,0.072820
675.468750,0.572297,0.059349,0.395756,0.072794
675.937500,0.572096,0.059441,0.397105,0.072766
676.406250,0.571895,0.059533,0.398464,0.072736
676.875000,0.571693,0.059625,0.399832,0.072704
677.343750,0.571492,0.059716,0.401210,0.072670
677.812500,0.571291,0.059806,0.402597,0.072634
678.281250,0.571090,0.059896,0.403991,0.072596
678.750000,0.570890,0.059986,0.405393,0.072555
679.218750,0.570690,0.060074,0.406803,0.072512
679.687500,0.570492,0.060162,0.408220,0.072466
680.156250,0.570295,0.060248,0.409643,0.072418
680.625000,0.570099,0.060334,0.411071,0.072367
681.093750,0.569904,0.060419,0.412505,0.072314
681.562500,0.569711,0.060503,0.413943,0.072257
682.031250,0.569520,0.060586,0.415385,0.072198
682.500000,0.569331,0.060667,0.416831,0.072136
682.968750,0.569143,0.060748,0.418279,0.072071
683.437500,0.568958,0.060827,0.419730,0.072003
683.906250,0.568775,0.060906,0.421181,0.071932
684.375000,0.568594,0.060983,0.422634,0.071857
684.843750,0.568415,0.061059,0.424087,0.071780
685.312500,0.568238,0.061134,0.425540,0.071699
685.781250,0.568064,0.061208,0.426991,0.071616
686.250000,0.567892,0.061281,0.428441,0.071529
686.718750,0.567723,0.061353,0.429888,0.071438
687.187500,0.567555,0.061424,0.431332,0.071344
687.656250,0.567391,0.061494,0.432772,0.071247
688.125000,0.567228,0.061562,0.434208,0.071147
688.593750,0.567067,0.061630,0.435639,0.071043
689.062500,0.566908,0.061697,0.437065,0.070936
689.531250,0.566752,0.061762,0.438484,0.070825
690.000000,0.566598,0.061827,0.439896,0.070711
690.468750,0.566445,0.061891,0.441301,0.070594
690.937500,0.566294,0.061954,0.442698,0.070473
691.406250,0.566145,0.062017,0.444087,0.070348
691.875000,0.565997,0.062078,0.445466,0.070220
692.343750,0.565851,0.062139,0.446836,0.070089
692.812500,0.565706,0.062199,0.448195,0.069954
693.281250,0.565562,0.062259,0.449544,0.069816
693.750000,0.565419,0.062318,0.450882,0.069674
694.218750,0.565276,0.062376,0.452208,0.069529
694.687500,0.565135,0.062434,0.453522,0.069380
695.156250,0.564993,0.062491,0.454822,0.069228
695.625000,0.564853,0.062548,0.456111,0.069072
696.093750,0.564713,0.062604,0.457385,0.068913
696.562500,0.564572,0.062660,0.458646,0.068751
697.031250,0.564432,0.062715,0.459892,0.068585
697.500000,0.564291,0.062770,0.461123,0.068416
697.968750,0.564150,0.062825,0.462339,0.068243
698.437500,0.564008,0.062879,0.463539,0.068067
698.906250,0.563866,0.062933,0.464723,0.067888
699.375000,0.563723,0.062987,0.465890,0.067706
699.843750,0.563579,0.063040,0.467040,0.067520
700.312500,0.563433,0.063093,0.468173,0.067331
700.781250,0.563287,0.063146,0.469288,0.067139
701.250000,0.563138,0.063199,0.470385,0.066944
701.718750,0.562989,0.063251,0.471464,0.066746
702.187500,0.562837,0.063302,0.472523,0.066545
702.656250,0.562683,0.063354,0.473563,0.066342
703.125000,0.562527,0.063405,0.474583,0.066135
703.593750,0.562369,0.063455,0.475583,0.065926
704.062500,0.562208,0.063505,0.476562,0.065714
704.531250,0.562045,0.063555,0.477520,0.065499
705.000000,0.561878,0.063604,0.478457,0.065282
705.468750,0.561709,0.063653,0.479372,0.065063
705.937500,0.561536,0.063701,0.480266,0.064841
706.406250,0.561359,0.063749,0.481136,0.064617
706.875000,0.561179,0.063796,0.481984,0.064391
707.343750,0.560995,0.063843,0.482808,0.064163
707.812500,0.560807,0.063889,0.483609,0.063933
708.281250,0.560615,0.063934,0.484386,0.063701
708.750000,0.560418,0.063979,0.485138,0.063467
709.218750,0.560216,0.064023,0.485866,0.063232
709.687500,0.560010,0.064066,0.486569,0.062995
710.156250,0.559799,0.064108,0.487247,0.062756
710.625000,0.559582,0.064150,0.487899,0.062516
711.093750,0.559360,0.064191,0.488525,0.062275
711.562500,0.559132,0.064231,0.489125,0.062032
712.031250,0.558898,0.064271,0.489698,0.061789
712.500000,0.558659,0.064309,0.490245,0.061544
712.968750,0.558413,0.064347,0.490765,0.061298
713.437500,0.558161,0.064384,0.491258,0.061052
713.906250,0.557903,0.064421,0.491724,0.060804
714.375000,0.557637,0.064456,0.492163,0.060557
714.843750,0.557365,0.064491,0.492574,0.060308
715.312500,0.557086,0.064525,0.492959,0.060059
715.781250,0.556800,0.064558,0.493315,0.059810
716.250000,0.556507,0.064591,0.493645,0.059561
716.718750,0.556207,0.064623,0.493948,0.059311
717.187500,0.555899,0.064654,0.494223,0.059061
717.656250,0.555583,0.064684,0.494472,0.058812
718.125000,0.555260,0.064714,0.494695,0.058563
718.593750,0.554929,0.064744,0.494892,0.058314
719.062500,0.554590,0.064773,0.495062,0.058066
719.531250,0.554243,0.064801,0.495207,0.057819
720.000000,0.553889,0.064829,0.495328,0.057573
720.468750,0.553526,0.064857,0.495423,0.057327
720.937500,0.553156,0.064884,0.495495,0.057083
721.406250,0.552777,0.064911,0.495543,0.056841
721.875000,0.552391,0.064938,0.495569,0.056600
722.343750,0.551997,0.064965,0.495571,0.056361
722.812500,0.551595,0.064991,0.495552,0.056124
723.281250,0.551185,0.065017,0.495512,0.055890
723.750000,0.550767,0.065044,0.495452,0.055658
724.218750,0.550343,0.065070,0.495371,0.055429
724.687500,0.549910,0.065096,0.495270,0.055203
725.156250,0.549470,0.065122,0.495151,0.054980
725.625000,0.549023,0.065149,0.495013,0.054761
726.093750,0.548570,0.065175,0.494857,0.054546
726.562500,0.548109,0.065202,0.494685,0.054335
727.031250,0.547642,0.065229,0.494495,0.054128
727.500000,0.547169,0.065256,0.494289,0.053926
727.968750,0.546689,0.065283,0.494067,0.053729
728.437500,0.546204,0.065311,0.493830,0.053537
728.906250,0.545714,0.065339,0.493577,0.053350
729.375000,0.545218,0.065367,0.493310,0.053170
729.843750,0.544717,0.065396,0.493029,0.052995
730.312500,0.544212,0.065425,0.492733,0.052827
730.781250,0.543702,0.065454,0.492424,0.052665
731.250000,0.543188,0.065483,0.492101,0.052510
731.718750,0.542671,0.065513,0.491765,0.052362
732.187500,0.542151,0.065543,0.491415,0.052222
732.656250,0.541628,0.065573,0.491053,0.052089
733.125000,0.541103,0.065603,0.490678,0.051965
733.593750,0.540575,0.065633,0.490291,0.051848
734.062500,0.540046,0.065664,0.489891,0.051740
734.531250,0.539515,0.065695,0.489478,0.051640
735.000000,0.538984,0.065725,0.489054,0.051549
735.468750,0.538452,0.065756,0.488617,0.051467
735.937500,0.537920,0.065786,0.488167,0.051395
736.406250,0.537388,0.065817,0.487706,0.051332
736.875000,0.536857,0.065847,0.487232,0.051278
737.343750,0.536327,0.065877,0.486747,0.051235
737.812500,0.535798,0.065906,0.486250,0.051201
738.281250,0.535271,0.065936,0.485740,0.051178
738.750000,0.534746,0.065964,0.485219,0.051165
739.218750,0.534223,0.065992,0.484685,0.051163
739.687500,0.533704,0.066020,0.484140,0.051171
740.156250,0.533187,0.066047,0.483582,0.051189
740.625000,0.532674,0.066073,0.483013,0.051219
741.093750,0.532164,0.066098,0.482431,0.051260
741.562500,0.531658,0.066122,0.481838,0.051311
742.031250,0.531156,0.066145,0.481233,0.051374
742.500000,0.530659,0.066167,0.480616,0.051448
742.968750,0.530166,0.066187,0.479987,0.051532
743.437500,0.529678,0.066207,0.479346,0.051628
743.906250,0.529195,0.066225,0.478694,0.051736
744.375000,0.528716,0.066241,0.478029,0.051854
744.843750,0.528243,0.066256,0.477353,0.051983
745.312500,0.527774,0.066269,0.476665,0.052124
745.781250,0.527311,0.066281,0.475965,0.052275
746.250000,0.526853,0.066290,0.475253,0.052438
746.718750,0.526401,0.066298,0.474530,0.052611
747.187500,0.525953,0.066304,0.473795,0.052795
747.656250,0.525511,0.066307,0.473049,0.052989
748.125000,0.525074,0.066309,0.472291,0.053194
748.593750,0.524642,0.066309,0.471522,0.053409
749.062500,0.524216,0.066306,0.470741,0.053634
749.531250,0.523794,0.066301,0.469949,0.053869
750.000000,0.523377,0.066293,0.469146,0.054113
750.468750,0.522964,0.066283,0.468332,0.054367
750.937500,0.522556,0.066271,0.467506,0.054631
751.406250,0.522153,0.066256,0.466669,0.054903
751.875000,0.521753,0.066239,0.465821,0.055183
752.343750,0.521358,0.066219,0.464962,0.055473
752.812500,0.520967,0.066196,0.464092,0.055770
753.281250,0.520579,0.066171,0.463212,0.056075
753.750000,0.520195,0.066143,0.462320,0.056387
754.218750,0.519815,0.066112,0.461418,0.056707
754.687500,0.519437,0.066079,0.460504,0.057034
755.156250,0.519062,0.066043,0.459581,0.057367
755.625000,0.518690,0.066004,0.458646,0.057706
756.093750,0.518320,0.065963,0.457701,0.058050
756.562500,0.517952,0.065919,0.456745,0.058401
757.031250,0.517586,0.065872,0.455779,0.058756
757.500000,0.517222,0.065822,0.454802,0.059116
757.968750,0.516859,0.065770,0.453815,0.059480
758.437500,0.516498,0.065715,0.452818,0.059848
758.906250,0.516138,0.065657,0.451810,0.060220
759.375000,0.515778,0.065597,0.450792,0.060595
759.843750,0.515419,0.065534,0.449764,0.060973
760.312500,0.515060,0.065468,0.448726,0.061353
760.781250,0.514701,0.065400,0.447677,0.061735
761.250000,0.514342,0.065329,0.446619,0.062119
761.718750,0.513982,0.065256,0.445552,0.062504
762.187500,0.513622,0.065180,0.444474,0.062890
762.656250,0.513262,0.065102,0.443387,0.063276
763.125000,0.512900,0.065021,0.442291,0.063663
763.593750,0.512537,0.064937,0.441185,0.064049
764.062500,0.512173,0.064852,0.440070,0.064435
764.531250,0.511808,0.064764,0.438947,0.064820
765.000000,0.511441,0.064673,0.437815,0.065203
765.468750,0.511072,0.064581,0.436674,0.065585
765.937500,0.510701,0.064486,0.435525,0.065965
766.406250,0.510329,0.064388,0.434368,0.066343
766.875000,0.509954,0.064289,0.433204,0.066718
767.343750,0.509578,0.064187,0.432031,0.067090
767.812500,0.509199,0.064084,0.430852,0.067459
768.281250,0.508818,0.063978,0.429665,0.067824
768.750000,0.508434,0.063870,0.428472,0.068185
769.218750,0.508048,0.063760,0.427273,0.068542
769.687500,0.507660,0.063648,0.426068,0.068895
770.156250,0.507270,0.063534,0.424858,0.069242
770.625000,0.506877,0.063419,0.423642,0.069585
771.093750,0.506482,0.063301,0.422422,0.069922
771.562500,0.506084,0.063182,0.421198,0.070254
772.031250,0.505685,0.063061,0.419970,0.070580
772.500000,0.505283,0.062938,0.418738,0.070899
772.968750,0.504879,0.062813,0.417504,0.071212
773.437500,0.504473,0.062686,0.416267,0.071519
773.906250,0.504065,0.062558,0.415029,0.071818
774.375000,0.503656,0.062428,0.413789,0.072111
774.843750,0.503244,0.062297,0.412549,0.072396
775.312500,0.502831,0.062164,0.411308,0.072674
775.781250,0.502417,0.062030,0.410068,0.072944
776.250000,0.502001,0.061893,0.408828,0.073206
776.718750,0.501584,0.061756,0.407590,0.073460
777.187500,0.501167,0.061617,0.406354,0.073705
777.656250,0.500749,0.061476,0.405120,0.073943
778.125000,0.500329,0.061334,0.403890,0.074171
778.593750,0.499910,0.061190,0.402663,0.074390
779.062500,0.499491,0.061045,0.401440,0.074601
779.531250,0.499072,0.060899,0.400223,0.074802
780.000000,0.498653,0.060751,0.399010,0.074994
780.468750,0.498235,0.060601,0.397804,0.075176
780.937500,0.497817,0.060451,0.396604,0.075349
781.406250,0.497401,0.060299,0.395412,0.075512
781.875000,0.496986,0.060145,0.394226,0.075665
782.343750,0.496572,0.059990,0.393049,0.075808
782.812500,0.496160,0.059834,0.391881,0.075941
783.281250,0.495749,0.059677,0.390722,0.076064
783.750000,0.495341,0.059518,0.389573,0.076176
784.218750,0.494935,0.059358,0.388434,0.076278
784.687500,0.494532,0.059197,0.387306,0.076369
785.156250,0.494132,0.059034,0.386189,0.076449
785.625000,0.493734,0.058870,0.385084,0.076519
786.093750,0.493340,0.058705,0.383990,0.076578
786.562500,0.492949,0.058539,0.382910,0.076626
787.031250,0.492562,0.058372,0.381842,0.076663
787.500000,0.492178,0.058203,0.380788,0.076690
787.968750,0.491798,0.058034,0.379748,0.076705
788.437500,0.491422,0.057863,0.378722,0.076709
788.906250,0.491050,0.057691,0.377710,0.076703
789.375000,0.490683,0.057519,0.376714,0.076685
789.843750,0.490320,0.057345,0.375733,0.076656
790.312500,0.489962,0.057170,0.374767,0.076616
790.781250,0.489609,0.056995,0.373817,0.076565
791.250000,0.489260,0.056819,0.372884,0.076503
791.718750,0.488918,0.056641,0.371967,0.076431
792.187500,0.488580,0.056463,0.371067,0.076347
792.656250,0.488248,0.056285,0.370184,0.076253
793.125000,0.487922,0.056105,0.369318,0.076148
793.593750,0.487601,0.055925,0.368470,0.076032
794.062500,0.487287,0.055745,0.367639,0.075906
794.531250,0.486979,0.055564,0.366826,0.075769
795.000000,0.486677,0.055382,0.366032,0.075623
795.468750,0.486382,0.055200,0.365255,0.075466
795.937500,0.486094,0.055018,0.364497,0.075299
796.406250,0.485813,0.054835,0.363758,0.075122
796.875000,0.485539,0.054652,0.363037,0.074936
797.343750,0.485272,0.054469,0.362335,0.074740
797.812500,0.485014,0.054285,0.361653,0.074536
798.281250,0.484763,0.054102,0.360989,0.074322
798.750000,0.484520,0.053918,0.360344,0.074099
799.218750,0.484285,0.053735,0.359719,0.073868
799.687500,0.484059,0.053552,0.359113,0.073629
800.156250,0.483841,0.053369,0.358527,0.073382
800.625000,0.483632,0.053186,0.357960,0.073127
801.093750,0.483433,0.053003,0.357412,0.072865
801.562500,0.483242,0.052821,0.356884,0.072595
802.031250,0.483061,0.052639,0.356376,0.072319
802.500000,0.482890,0.052458,0.355887,0.072036
802.968750,0.482729,0.052277,0.355417,0.071748
803.437500,0.482577,0.052097,0.354967,0.071453
803.906250,0.482436,0.051918,0.354536,0.071153
804.375000,0.482306,0.051739,0.354125,0.070848
804.843750,0.482186,0.051562,0.353733,0.070539
805.312500,0.482076,0.051385,0.353359,0.070225
805.781250,0.481978,0.051209,0.353004,0.069908
806.250000,0.481891,0.051035,0.352668,0.069587
806.718750,0.481815,0.050861,0.352350,0.069263
807.187500,0.481750,0.050689,0.352050,0.068936
807.656250,0.481697,0.050518,0.351768,0.068608
808.125000,0.481656,0.050349,0.351503,0.068277
808.593750,0.481626,0.050181,0.351255,0.067946
809.062500,0.481608,0.050015,0.351023,0.067614
809.531250,0.481601,0.049850,0.350808,0.067281
810.000000,0.481607,0.049687,0.350609,0.066949
810.468750,0.481624,0.049526,0.350424,0.066617
810.937500,0.481653,0.049366,0.350255,0.066287
811.406250,0.481695,0.049209,0.350100,0.065958
811.875000,0.481748,0.049054,0.349959,0.065631
812.343750,0.481812,0.048901,0.349832,0.065307
812.812500,0.481889,0.048750,0.349718,0.064986
813.281250,0.481977,0.048601,0.349616,0.064668
813.750000,0.482077,0.048455,0.349526,0.064354
814.218750,0.482188,0.048312,0.349448,0.064044
814.687500,0.482310,0.048170,0.349381,0.063739
815.156250,0.482443,0.048032,0.349325,0.063439
815.625000,0.482588,0.047896,0.349280,0.063145
816.093750,0.482742,0.047763,0.349245,0.062856
816.562500,0.482907,0.047632,0.349220,0.062574
817.031250,0.483083,0.047505,0.349205,0.062298
817.500000,0.483267,0.047381,0.349199,0.062029
817.968750,0.483462,0.047259,0.349202,0.061767
818.437500,0.483665,0.047141,0.349214,0.061513
818.906250,0.483878,0.047026,0.349234,0.061266
819.375000,0.484098,0.046914,0.349264,0.061027
819.843750,0.484327,0.046806,0.349301,0.060796
820.312500,0.484564,0.046701,0.349348,0.060573
820.781250,0.484807,0.046599,0.349402,0.060359
821.250000,0.485058,0.046501,0.349465,0.060154
821.718750,0.485315,0.046407,0.349535,0.059957
822.187500,0.485578,0.046316,0.349615,0.059769
822.656250,0.485847,0.046229,0.349702,0.059590
823.125000,0.486121,0.046146,0.349797,0.059420
823.593750,0.486399,0.046066,0.349901,0.059259
824.062500,0.486681,0.045991,0.350013,0.059107
824.531250,0.486967,0.045920,0.350133,0.058964
825.000000,0.487257,0.045853,0.350261,0.058831
825.468750,0.487549,0.045790,0.350398,0.058706
825.937500,0.487843,0.045732,0.350544,0.058591
826.406250,0.488139,0.045678,0.350698,0.058484
826.875000,0.488437,0.045628,0.350860,0.058387
827.343750,0.488735,0.045583,0.351032,0.058298
827.812500,0.489034,0.045543,0.351212,0.058218
828.281250,0.489333,0.045507,0.351401,0.058147
828.750000,0.489632,0.045475,0.351599,0.058084
829.218750,0.489929,0.045449,0.351807,0.058030
829.687500,0.490225,0.045427,0.352023,0.057984
830.156250,0.490520,0.045411,0.352249,0.057946
830.625000,0.490813,0.045399,0.352485,0.057916
831.093750,0.491103,0.045392,0.352730,0.057894
831.562500,0.491390,0.045390,0.352985,0.057880
832.031250,0.491675,0.045393,0.353249,0.057873
832.500000,0.491956,0.045400,0.353523,0.057873
832.968750,0.492233,0.045413,0.353808,0.057880
833.437500,0.492507,0.045431,0.354102,0.057895
833.906250,0.492776,0.045453,0.354406,0.057915
834.375000,0.493041,0.045481,0.354721,0.057943
834.843750,0.493301,0.045513,0.355046,0.057977
835.312500,0.493557,0.045550,0.355381,0.058016
835.781250,0.493808,0.045592,0.355727,0.058062
836.250000,0.494054,0.045638,0.356084,0.058113
836.718750,0.494295,0.045688,0.356451,0.058170
837.187500,0.494531,0.045743,0.356828,0.058232
837.656250,0.494761,0.045803,0.357216,0.058299
838.125000,0.494987,0.045866,0.357615,0.058371
838.593750,0.495207,0.045933,0.358025,0.058447
839.062500,0.495421,0.046005,0.358445,0.058528
839.531250,0.495631,0.046079,0.358876,0.058613
