time_s,raw,expanding_mean,rm_60s,rm_90s,rm_120s
60.000000,-0.679248,-0.679248,-0.679248,-0.679248,-0.679248
60.468750,-0.676480,-0.677864,-0.677864,-0.677864,-0.677864
60.937500,-0.673801,-0.676510,-0.676510,-0.676510,-0.676510
61.406250,-0.671219,-0.675187,-0.675187,-0.675187,-0.675187
61.875000,-0.668740,-0.673898,-0.673898,-0.673898,-0.673898
62.343750,-0.666371,-0.672643,-0.672643,-0.672643,-0.672643
62.812500,-0.664118,-0.671425,-0.671425,-0.671425,-0.671425
63.281250,-0.661986,-0.670245,-0.670245,-0.670245,-0.670245
63.750000,-0.659981,-0.669105,-0.669105,-0.669105,-0.669105
64.218750,-0.658104,-0.668005,-0.668005,-0.668005,-0.668005
64.687500,-0.656360,-0.666946,-0.666946,-0.666946,-0.666946
65.156250,-0.654751,-0.665930,-0.665930,-0.665930,-0.665930
65.625000,-0.653278,-0.664957,-0.664957,-0.664957,-0.664957
66.093750,-0.651942,-0.664027,-0.664027,-0.664027,-0.664027
66.562500,-0.650743,-0.663142,-0.663142,-0.663142,-0.663142
67.031250,-0.649681,-0.662300,-0.662300,-0.662300,-0.662300
67.500000,-0.648753,-0.661503,-0.661503,-0.661503,-0.661503
67.968750,-0.647958,-0.660751,-0.660751,-0.660751,-0.660751
68.437500,-0.647293,-0.660043,-0.660043,-0.660043,-0.660043
68.906250,-0.646756,-0.659378,-0.659378,-0.659378,-0.659378
69.375000,-0.646343,-0.658757,-0.658757,-0.658757,-0.658757
69.843750,-0.646050,-0.658180,-0.658180,-0.658180,-0.658180
70.312500,-0.645873,-0.657645,-0.657645,-0.657645,-0.657645
70.781250,-0.645808,-0.657152,-0.657152,-0.657152,-0.657152
71.250000,-0.645850,-0.656699,-0.656699,-0.656699,-0.656699
71.718750,-0.645994,-0.656288,-0.656288,-0.656288,-0.656288
72.187500,-0.646235,-0.655915,-0.655915,-0.655915,-0.655915
72.656250,-0.646568,-0.655582,-0.655582,-0.655582,-0.655582
73.125000,-0.646989,-0.655285,-0.655285,-0.655285,-0.655285
73.593750,-0.647492,-0.655025,-0.655025,-0.655025,-0.655025
74.062500,-0.648072,-0.654801,-0.654801,-0.654801,-0.654801
74.531250,-0.648724,-0.654611,-0.654611,-0.654611,-0.654611
75.000000,-0.649443,-0.654455,-0.654455,-0.654455,-0.654455
75.468750,-0.650225,-0.654330,-0.654330,-0.654330,-0.654330
75.937500,-0.651065,-0.654237,-0.654237,-0.654237,-0.654237
76.406250,-0.651959,-0.654174,-0.654174,-0.654174,-0.654174
76.875000,-0.652902,-0.654139,-0.654139,-0.654139,-0.654139
77.343750,-0.653890,-0.654133,-0.654133,-0.654133,-0.654133
77.812500,-0.654919,-0.654153,-0.654153,-0.654153,-0.654153
78.281250,-0.655986,-0.654199,-0.654199,-0.654199,-0.654199
78.750000,-0.657086,-0.654269,-0.654269,-0.654269,-0.654269
79.218750,-0.658217,-0.654363,-0.654363,-0.654363,-0.654363
79.687500,-0.659375,-0.654480,-0.654480,-0.654480,-0.654480
80.156250,-0.660556,-0.654618,-0.654618,-0.654618,-0.654618
80.625000,-0.661759,-0.654776,-0.654776,-0.654776,-0.654776
81.093750,-0.662980,-0.654955,-0.654955,-0.654955,-0.654955
81.562500,-0.664217,-0.655152,-0.655152,-0.655152,-0.655152
82.031250,-0.665468,-0.655367,-0.655367,-0.655367,-0.655367
82.500000,-0.666729,-0.655599,-0.655599,-0.655599,-0.655599
82.968750,-0.668000,-0.655847,-0.655847,-0.655847,-0.655847
83.437500,-0.669277,-0.656110,-0.656110,-0.656110,-0.656110
83.906250,-0.670559,-0.656388,-0.656388,-0.656388,-0.656388
84.375000,-0.671844,-0.656680,-0.656680,-0.656680,-0.656680
84.843750,-0.673131,-0.656984,-0.656984,-0.656984,-0.656984
85.312500,-0.674417,-0.657301,-0.657301,-0.657301,-0.657301
85.781250,-0.675702,-0.657630,-0.657630,-0.657630,-0.657630
86.250000,-0.676983,-0.657969,-0.657969,-0.657969,-0.657969
86.718750,-0.678260,-0.658319,-0.658319,-0.658319,-0.658319
87.187500,-0.679532,-0.658679,-0.658679,-0.658679,-0.658679
87.656250,-0.680796,-0.659047,-0.659047,-0.659047,-0.659047
88.125000,-0.682052,-0.659424,-0.659424,-0.659424,-0.659424
88.593750,-0.683299,-0.659809,-0.659809,-0.659809,-0.659809
89.062500,-0.684535,-0.660202,-0.660202,-0.660202,-0.660202
89.531250,-0.685760,-0.660601,-0.660601,-0.660601,-0.660601
90.000000,-0.686971,-0.661007,-0.661007,-0.661007,-0.661007
90.468750,-0.688170,-0.661419,-0.661419,-0.661419,-0.661419
90.937500,-0.689353,-0.661835,-0.661835,-0.661835,-0.661835
91.406250,-0.690521,-0.662257,-0.662257,-0.662257,-0.662257
91.875000,-0.691672,-0.662684,-0.662684,-0.662684,-0.662684
92.343750,-0.692806,-0.663114,-0.663114,-0.663114,-0.663114
92.812500,-0.693921,-0.663548,-0.663548,-0.663548,-0.663548
93.281250,-0.695016,-0.663985,-0.663985,-0.663985,-0.663985
93.750000,-0.696091,-0.664425,-0.664425,-0.664425,-0.664425
94.218750,-0.697144,-0.664867,-0.664867,-0.664867,-0.664867
94.687500,-0.698173,-0.665311,-0.665311,-0.665311,-0.665311
95.156250,-0.699180,-0.665757,-0.665757,-0.665757,-0.665757
95.625000,-0.700161,-0.666203,-0.666203,-0.666203,-0.666203
96.093750,-0.701116,-0.666651,-0.666651,-0.666651,-0.666651
96.562500,-0.702044,-0.667099,-0.667099,-0.667099,-0.667099
97.031250,-0.702943,-0.667547,-0.667547,-0.667547,-0.667547
97.500000,-0.703814,-0.667995,-0.667995,-0.667995,-0.667995
97.968750,-0.704653,-0.668442,-0.668442,-0.668442,-0.668442
98.437500,-0.705461,-0.668888,-0.668888,-0.668888,-0.668888
98.906250,-0.706236,-0.669332,-0.669332,-0.669332,-0.669332
99.375000,-0.706976,-0.669775,-0.669775,-0.669775,-0.669775
99.843750,-0.707680,-0.670216,-0.670216,-0.670216,-0.670216
100.312500,-0.708348,-0.670654,-0.670654,-0.670654,-0.670654
100.781250,-0.708978,-0.671090,-0.671090,-0.671090,-0.671090
101.250000,-0.709568,-0.671522,-0.671522,-0.671522,-0.671522
101.718750,-0.710117,-0.671951,-0.671951,-0.671951,-0.671951
102.187500,-0.710624,-0.672376,-0.672376,-0.672376,-0.672376
102.656250,-0.711088,-0.672797,-0.672797,-0.672797,-0.672797
103.125000,-0.711507,-0.673213,-0.673213,-0.673213,-0.673213
103.593750,-0.711881,-0.673624,-0.673624,-0.673624,-0.673624
104.062500,-0.712207,-0.674031,-0.674031,-0.674031,-0.674031
104.531250,-0.712486,-0.674431,-0.674431,-0.674431,-0.674431
105.000000,-0.712715,-0.674826,-0.674826,-0.674826,-0.674826
105.468750,-0.712894,-0.675214,-0.675214,-0.675214,-0.675214
105.937500,-0.713022,-0.675596,-0.675596,-0.675596,-0.675596
106.406250,-0.713099,-0.675971,-0.675971,-0.675971,-0.675971
106.875000,-0.713122,-0.676339,-0.676339,-0.676339,-0.676339
107.343750,-0.713093,-0.676699,-0.676699,-0.676699,-0.676699
107.812500,-0.713010,-0.677052,-0.677052,-0.677052,-0.677052
108.281250,-0.712873,-0.677396,-0.677396,-0.677396,-0.677396
108.750000,-0.712682,-0.677732,-0.677732,-0.677732,-0.677732
109.218750,-0.712437,-0.678060,-0.678060,-0.678060,-0.678060
109.687500,-0.712138,-0.678378,-0.678378,-0.678378,-0.678378
110.156250,-0.711786,-0.678688,-0.678688,-0.678688,-0.678688
110.625000,-0.711381,-0.678987,-0.678987,-0.678987,-0.678987
111.093750,-0.710925,-0.679278,-0.679278,-0.679278,-0.679278
111.562500,-0.710418,-0.679558,-0.679558,-0.679558,-0.679558
112.031250,-0.709861,-0.679829,-0.679829,-0.679829,-0.679829
112.500000,-0.709257,-0.680089,-0.680089,-0.680089,-0.680089
112.968750,-0.708607,-0.680339,-0.680339,-0.680339,-0.680339
113.437500,-0.707913,-0.680579,-0.680579,-0.680579,-0.680579
113.906250,-0.707177,-0.680809,-0.680809,-0.680809,-0.680809
114.375000,-0.706403,-0.681027,-0.681027,-0.681027,-0.681027
114.843750,-0.705593,-0.681236,-0.681236,-0.681236,-0.681236
115.312500,-0.704751,-0.681433,-0.681433,-0.681433,-0.681433
115.781250,-0.703879,-0.681620,-0.681620,-0.681620,-0.681620
116.250000,-0.702981,-0.681797,-0.681797,-0.681797,-0.681797
116.718750,-0.702061,-0.681963,-0.681963,-0.681963,-0.681963
117.187500,-0.701123,-0.682119,-0.682119,-0.682119,-0.682119
117.656250,-0.700171,-0.682264,-0.682264,-0.682264,-0.682264
118.125000,-0.699210,-0.682400,-0.682400,-0.682400,-0.682400
118.593750,-0.698243,-0.682525,-0.682525,-0.682525,-0.682525
119.062500,-0.697276,-0.682642,-0.682642,-0.682642,-0.682642
119.531250,-0.696313,-0.682748,-0.682748,-0.682748,-0.682748
120.000000,-0.695358,-0.682846,-0.682874,-0.682846,-0.682846
120.468750,-0.694416,-0.682935,-0.683014,-0.682935,-0.682935
120.937500,-0.693492,-0.683016,-0.683168,-0.683016,-0.683016
121.406250,-0.692591,-0.683088,-0.683335,-0.683088,-0.683088
121.875000,-0.691716,-0.683153,-0.683515,-0.683153,-0.683153
122.343750,-0.690872,-0.683211,-0.683706,-0.683211,-0.683211
122.812500,-0.690064,-0.683262,-0.683909,-0.683262,-0.683262
123.281250,-0.689296,-0.683306,-0.684122,-0.683306,-0.683306
123.750000,-0.688571,-0.683344,-0.684346,-0.683344,-0.683344
124.218750,-0.687893,-0.683377,-0.684578,-0.683377,-0.683377
124.687500,-0.687266,-0.683405,-0.684820,-0.683405,-0.683405
125.156250,-0.686694,-0.683429,-0.685069,-0.683429,-0.683429
125.625000,-0.686178,-0.683448,-0.685326,-0.683448,-0.683448
126.093750,-0.685723,-0.683464,-0.685590,-0.683464,-0.683464
126.562500,-0.685330,-0.683477,-0.685860,-0.683477,-0.683477
127.031250,-0.685002,-0.683488,-0.686136,-0.683488,-0.683488
127.500000,-0.684741,-0.683497,-0.686418,-0.683497,-0.683497
127.968750,-0.684549,-0.683504,-0.686703,-0.683504,-0.683504
128.437500,-0.684427,-0.683510,-0.686994,-0.683510,-0.683510
128.906250,-0.684376,-0.683516,-0.687287,-0.683516,-0.683516
129.375000,-0.684397,-0.683522,-0.687585,-0.683522,-0.683522
129.843750,-0.684491,-0.683528,-0.687885,-0.683528,-0.683528
130.312500,-0.684659,-0.683536,-0.688188,-0.683536,-0.683536
130.781250,-0.684900,-0.683545,-0.688493,-0.683545,-0.683545
131.250000,-0.685214,-0.683556,-0.688801,-0.683556,-0.683556
131.718750,-0.685600,-0.683569,-0.689110,-0.683569,-0.683569
132.187500,-0.686059,-0.683585,-0.689422,-0.683585,-0.683585
132.656250,-0.686588,-0.683604,-0.689734,-0.683604,-0.683604
133.125000,-0.687188,-0.683627,-0.690048,-0.683627,-0.683627
133.593750,-0.687856,-0.683654,-0.690364,-0.683654,-0.683654
134.062500,-0.688590,-0.683685,-0.690680,-0.683685,-0.683685
134.531250,-0.689390,-0.683721,-0.690998,-0.683721,-0.683721
135.000000,-0.690252,-0.683761,-0.691317,-0.683761,-0.683761
135.468750,-0.691174,-0.683807,-0.691637,-0.683807,-0.683807
135.937500,-0.692154,-0.683858,-0.691958,-0.683858,-0.683858
136.406250,-0.693189,-0.683915,-0.692280,-0.683915,-0.683915
136.875000,-0.694275,-0.683978,-0.692603,-0.683978,-0.683978
137.343750,-0.695409,-0.684047,-0.692927,-0.684047,-0.684047
137.812500,-0.696588,-0.684122,-0.693253,-0.684122,-0.684122
138.281250,-0.697808,-0.684203,-0.693580,-0.684203,-0.684203
138.750000,-0.699065,-0.684291,-0.693908,-0.684291,-0.684291
139.218750,-0.700354,-0.684386,-0.694237,-0.684386,-0.684386
139.687500,-0.701672,-0.684487,-0.694567,-0.684487,-0.684487
140.156250,-0.703013,-0.684594,-0.694899,-0.684594,-0.684594
140.625000,-0.704373,-0.684709,-0.695232,-0.684709,-0.684709
141.093750,-0.705746,-0.684830,-0.695566,-0.684830,-0.684830
141.562500,-0.707127,-0.684957,-0.695901,-0.684957,-0.684957
142.031250,-0.708510,-0.685091,-0.696237,-0.685091,-0.685091
142.500000,-0.709890,-0.685231,-0.696575,-0.685231,-0.685231
142.968750,-0.711260,-0.685377,-0.696913,-0.685377,-0.685377
143.437500,-0.712615,-0.685529,-0.697251,-0.685529,-0.685529
143.906250,-0.713948,-0.685687,-0.697590,-0.685687,-0.685687
144.375000,-0.715253,-0.685851,-0.697929,-0.685851,-0.685851
144.843750,-0.716522,-0.686019,-0.698268,-0.686019,-0.686019
145.312500,-0.717750,-0.686193,-0.698607,-0.686193,-0.686193
145.781250,-0.718929,-0.686370,-0.698945,-0.686370,-0.686370
146.250000,-0.720052,-0.686553,-0.699281,-0.686553,-0.686553
146.718750,-0.721113,-0.686738,-0.699616,-0.686738,-0.686738
147.187500,-0.722104,-0.686927,-0.699948,-0.686927,-0.686927
147.656250,-0.723018,-0.687119,-0.700278,-0.687119,-0.687119
148.125000,-0.723848,-0.687314,-0.700605,-0.687314,-0.687314
148.593750,-0.724587,-0.687510,-0.700927,-0.687510,-0.687510
149.062500,-0.725228,-0.687707,-0.701245,-0.687707,-0.687707
149.531250,-0.725765,-0.687906,-0.701558,-0.687906,-0.687906
150.000000,-0.726191,-0.688104,-0.701864,-0.688150,-0.688104
150.468750,-0.726499,-0.688302,-0.702164,-0.688411,-0.688302
150.937500,-0.726684,-0.688499,-0.702455,-0.688686,-0.688499
151.406250,-0.726739,-0.688694,-0.702738,-0.688975,-0.688694
151.875000,-0.726659,-0.688887,-0.703012,-0.689277,-0.688887
152.343750,-0.726439,-0.689076,-0.703274,-0.689590,-0.689076
152.812500,-0.726074,-0.689262,-0.703526,-0.689912,-0.689262
153.281250,-0.725559,-0.689444,-0.703764,-0.690244,-0.689444
153.750000,-0.724890,-0.689620,-0.703989,-0.690582,-0.689620
154.218750,-0.724065,-0.689790,-0.704199,-0.690925,-0.689790
154.687500,-0.723078,-0.689954,-0.704394,-0.691273,-0.689954
155.156250,-0.721929,-0.690111,-0.704572,-0.691623,-0.690111
155.625000,-0.720615,-0.690260,-0.704732,-0.691973,-0.690260
156.093750,-0.719134,-0.690400,-0.704872,-0.692323,-0.690400
156.562500,-0.717485,-0.690531,-0.704993,-0.692671,-0.690531
157.031250,-0.715668,-0.690652,-0.705092,-0.693014,-0.690652
157.500000,-0.713683,-0.690762,-0.705169,-0.693353,-0.690762
157.968750,-0.711529,-0.690861,-0.705223,-0.693684,-0.690861
158.437500,-0.709209,-0.690948,-0.705252,-0.694006,-0.690948
158.906250,-0.706723,-0.691022,-0.705256,-0.694319,-0.691022
159.375000,-0.704073,-0.691084,-0.705234,-0.694619,-0.691084
159.843750,-0.701262,-0.691131,-0.705183,-0.694907,-0.691131
160.312500,-0.698293,-0.691164,-0.705105,-0.695180,-0.691164
160.781250,-0.695168,-0.691183,-0.704997,-0.695437,-0.691183
161.250000,-0.691892,-0.691186,-0.704859,-0.695677,-0.691186
161.718750,-0.688468,-0.691174,-0.704690,-0.695898,-0.691174
162.187500,-0.684900,-0.691145,-0.704489,-0.696099,-0.691145
162.656250,-0.681193,-0.691100,-0.704255,-0.696280,-0.691100
163.125000,-0.677351,-0.691038,-0.703988,-0.696438,-0.691038
163.593750,-0.673380,-0.690958,-0.703688,-0.696573,-0.690958
164.062500,-0.669284,-0.690861,-0.703352,-0.696683,-0.690861
164.531250,-0.665069,-0.690746,-0.702982,-0.696768,-0.690746
165.000000,-0.660740,-0.690612,-0.702576,-0.696827,-0.690612
165.468750,-0.656302,-0.690461,-0.702134,-0.696859,-0.690461
165.937500,-0.651761,-0.690290,-0.701655,-0.696862,-0.690290
166.406250,-0.647122,-0.690101,-0.701140,-0.696837,-0.690101
166.875000,-0.642391,-0.689892,-0.700587,-0.696782,-0.689892
167.343750,-0.637573,-0.689665,-0.699997,-0.696697,-0.689665
167.812500,-0.632674,-0.689418,-0.699369,-0.696582,-0.689418
168.281250,-0.627698,-0.689152,-0.698704,-0.696434,-0.689152
168.750000,-0.622651,-0.688867,-0.698001,-0.696255,-0.688867
169.218750,-0.617537,-0.688562,-0.697259,-0.696043,-0.688562
169.687500,-0.612361,-0.688238,-0.696480,-0.695798,-0.688238
170.156250,-0.607129,-0.687894,-0.695662,-0.695520,-0.687894
170.625000,-0.601844,-0.687531,-0.694806,-0.695208,-0.687531
171.093750,-0.596511,-0.687149,-0.693912,-0.694862,-0.687149
171.562500,-0.591133,-0.686747,-0.692981,-0.694481,-0.686747
172.031250,-0.585715,-0.686326,-0.692011,-0.694066,-0.686326
172.500000,-0.580261,-0.685886,-0.691003,-0.693615,-0.685886
172.968750,-0.574773,-0.685427,-0.689957,-0.693130,-0.685427
173.437500,-0.569254,-0.684949,-0.688874,-0.692609,-0.684949
173.906250,-0.563709,-0.684452,-0.687753,-0.692052,-0.684452
174.375000,-0.558138,-0.683936,-0.686595,-0.691460,-0.683936
174.843750,-0.552545,-0.683402,-0.685399,-0.690832,-0.683402
175.312500,-0.546932,-0.682849,-0.684166,-0.690168,-0.682849
175.781250,-0.541301,-0.682279,-0.682896,-0.689468,-0.682279
176.250000,-0.535654,-0.681690,-0.681589,-0.688732,-0.681690
176.718750,-0.529992,-0.681083,-0.680245,-0.687960,-0.681083
177.187500,-0.524316,-0.680458,-0.678863,-0.687151,-0.680458
177.656250,-0.518628,-0.679816,-0.677445,-0.686307,-0.679816
178.125000,-0.512929,-0.679157,-0.675990,-0.685426,-0.679157
178.593750,-0.507219,-0.678480,-0.674497,-0.684509,-0.678480
179.062500,-0.501500,-0.677786,-0.672968,-0.683555,-0.677786
179.531250,-0.495771,-0.677075,-0.671401,-0.682566,-0.677075
180.000000,-0.490033,-0.676347,-0.669797,-0.681540,-0.676336
180.468750,-0.484285,-0.675602,-0.668155,-0.680478,-0.675585
180.937500,-0.478530,-0.674842,-0.666476,-0.679380,-0.674822
181.406250,-0.472765,-0.674064,-0.664758,-0.678246,-0.674047
181.875000,-0.466992,-0.673271,-0.663003,-0.677076,-0.673259
182.343750,-0.461209,-0.672462,-0.661209,-0.675870,-0.672457
182.812500,-0.455418,-0.671636,-0.659375,-0.674627,-0.671642
183.281250,-0.449618,-0.670795,-0.657503,-0.673349,-0.670813
183.750000,-0.443808,-0.669939,-0.655591,-0.672035,-0.669968
184.218750,-0.437989,-0.669067,-0.653638,-0.670686,-0.669108
184.687500,-0.432161,-0.668180,-0.651645,-0.669300,-0.668233
185.156250,-0.426323,-0.667277,-0.649611,-0.667879,-0.667340
185.625000,-0.420476,-0.666360,-0.647535,-0.666422,-0.666431
186.093750,-0.414620,-0.665427,-0.645417,-0.664930,-0.665504
186.562500,-0.408756,-0.664480,-0.643257,-0.663403,-0.664559
187.031250,-0.402883,-0.663518,-0.641053,-0.661840,-0.663594
187.500000,-0.397003,-0.662542,-0.638805,-0.660242,-0.662611
187.968750,-0.391116,-0.661552,-0.636512,-0.658609,-0.661608
188.437500,-0.385224,-0.660547,-0.634175,-0.656941,-0.660584
188.906250,-0.379328,-0.659528,-0.631792,-0.655238,-0.659539
189.375000,-0.373430,-0.658495,-0.629362,-0.653501,-0.658473
189.843750,-0.367531,-0.657448,-0.626886,-0.651729,-0.657385
190.312500,-0.361635,-0.656388,-0.624362,-0.649924,-0.656275
190.781250,-0.355743,-0.655314,-0.621791,-0.648084,-0.655142
191.250000,-0.349858,-0.654227,-0.619171,-0.646210,-0.653986
191.718750,-0.343984,-0.653127,-0.616502,-0.644303,-0.652806
192.187500,-0.338124,-0.652014,-0.613784,-0.642363,-0.651603
192.656250,-0.332283,-0.650888,-0.611016,-0.640390,-0.650375
193.125000,-0.326464,-0.649750,-0.608197,-0.638385,-0.649123
193.593750,-0.320673,-0.648599,-0.605329,-0.636347,-0.647846
194.062500,-0.314915,-0.647437,-0.602409,-0.634278,-0.646545
194.531250,-0.309195,-0.646262,-0.599439,-0.632178,-0.645219
195.000000,-0.303519,-0.645076,-0.596418,-0.630046,-0.643867
195.468750,-0.297894,-0.643879,-0.593345,-0.627885,-0.642491
195.937500,-0.292327,-0.642671,-0.590222,-0.625694,-0.641090
196.406250,-0.286823,-0.641452,-0.587047,-0.623474,-0.639663
196.875000,-0.281392,-0.640223,-0.583821,-0.621225,-0.638212
197.343750,-0.276039,-0.638985,-0.580545,-0.618949,-0.636736
197.812500,-0.270774,-0.637737,-0.577218,-0.616645,-0.635236
198.281250,-0.265605,-0.636479,-0.573842,-0.614316,-0.633711
198.750000,-0.260539,-0.635214,-0.570416,-0.611961,-0.632162
199.218750,-0.255585,-0.633940,-0.566941,-0.609582,-0.630589
199.687500,-0.250752,-0.632658,-0.563418,-0.607179,-0.628993
200.156250,-0.246049,-0.631369,-0.559848,-0.604753,-0.627373
200.625000,-0.241484,-0.630074,-0.556232,-0.602305,-0.625732
201.093750,-0.237066,-0.628773,-0.552570,-0.599837,-0.624068
201.562500,-0.232805,-0.627466,-0.548865,-0.597350,-0.622383
202.031250,-0.228707,-0.626154,-0.545116,-0.594844,-0.620677
202.500000,-0.224783,-0.624838,-0.541326,-0.592321,-0.618950
202.968750,-0.221039,-0.623519,-0.537496,-0.589781,-0.617204
203.437500,-0.217485,-0.622196,-0.533628,-0.587227,-0.615440
203.906250,-0.214127,-0.620871,-0.529723,-0.584659,-0.613657
204.375000,-0.210973,-0.619545,-0.525784,-0.582078,-0.611856
204.843750,-0.208031,-0.618217,-0.521811,-0.579487,-0.610040
205.312500,-0.205306,-0.616889,-0.517808,-0.576886,-0.608207
205.781250,-0.202805,-0.615562,-0.513775,-0.574276,-0.606360
206.250000,-0.200533,-0.614236,-0.509717,-0.571659,-0.604499
206.718750,-0.198495,-0.612912,-0.505634,-0.569036,-0.602625
207.187500,-0.196697,-0.611591,-0.501529,-0.566409,-0.600739
207.656250,-0.195142,-0.610273,-0.497405,-0.563779,-0.598842
208.125000,-0.193834,-0.608959,-0.493264,-0.561147,-0.596934
208.593750,-0.192775,-0.607651,-0.489109,-0.558514,-0.595018
209.062500,-0.191967,-0.606347,-0.484943,-0.555882,-0.593094
209.531250,-0.191413,-0.605051,-0.480769,-0.553252,-0.591163
210.000000,-0.191113,-0.603761,-0.476588,-0.550626,-0.589226
210.468750,-0.191067,-0.602480,-0.472405,-0.548005,-0.587284
210.937500,-0.191275,-0.601207,-0.468222,-0.545389,-0.585339
211.406250,-0.191737,-0.599943,-0.464043,-0.542780,-0.583390
211.875000,-0.192450,-0.598689,-0.459869,-0.540180,-0.581440
212.343750,-0.193412,-0.597446,-0.455705,-0.537589,-0.579490
212.812500,-0.194620,-0.596214,-0.451553,-0.535008,-0.577539
213.281250,-0.196071,-0.594994,-0.447416,-0.532440,-0.575590
213.750000,-0.197760,-0.593787,-0.443298,-0.529883,-0.573644
214.218750,-0.199683,-0.592592,-0.439201,-0.527341,-0.571700
214.687500,-0.201834,-0.591412,-0.435129,-0.524812,-0.569762
215.156250,-0.204206,-0.590245,-0.431084,-0.522299,-0.567828
215.625000,-0.206793,-0.589094,-0.427070,-0.519802,-0.565901
216.093750,-0.209587,-0.587958,-0.423089,-0.517323,-0.563981
216.562500,-0.212581,-0.586837,-0.419145,-0.514860,-0.562069
217.031250,-0.215765,-0.585733,-0.415239,-0.512416,-0.560166
217.500000,-0.219131,-0.584645,-0.411376,-0.509991,-0.558273
217.968750,-0.222668,-0.583574,-0.407556,-0.507586,-0.556390
218.437500,-0.226367,-0.582520,-0.403784,-0.505200,-0.554518
218.906250,-0.230216,-0.581484,-0.400061,-0.502835,-0.552659
219.375000,-0.234205,-0.580466,-0.396391,-0.500490,-0.550812
219.843750,-0.238321,-0.579465,-0.392774,-0.498166,-0.548979
220.312500,-0.242551,-0.578483,-0.389213,-0.495863,-0.547159
220.781250,-0.246884,-0.577519,-0.385711,-0.493582,-0.545354
221.250000,-0.251306,-0.576574,-0.382269,-0.491322,-0.543564
221.718750,-0.255803,-0.575646,-0.378889,-0.489084,-0.541789
222.187500,-0.260362,-0.574738,-0.375572,-0.486866,-0.540031
222.656250,-0.264969,-0.573848,-0.372320,-0.484671,-0.538288
223.125000,-0.269609,-0.572976,-0.369135,-0.482496,-0.536562
223.593750,-0.274269,-0.572123,-0.366017,-0.480342,-0.534852
224.062500,-0.278933,-0.571287,-0.362967,-0.478208,-0.533160
224.531250,-0.283587,-0.570470,-0.359987,-0.476094,-0.531484
225.000000,-0.288216,-0.569670,-0.357077,-0.474000,-0.529826
225.468750,-0.292806,-0.568888,-0.354237,-0.471926,-0.528185
225.937500,-0.297342,-0.568123,-0.351468,-0.469869,-0.526561
226.406250,-0.301809,-0.567375,-0.348770,-0.467831,-0.524955
226.875000,-0.306193,-0.566644,-0.346144,-0.465810,-0.523365
227.343750,-0.310480,-0.565928,-0.343588,-0.463805,-0.521793
227.812500,-0.314657,-0.565228,-0.341104,-0.461815,-0.520237
228.281250,-0.318710,-0.564543,-0.338690,-0.459841,-0.518697
228.750000,-0.322625,-0.563873,-0.336346,-0.457880,-0.517173
229.218750,-0.326390,-0.563217,-0.334071,-0.455933,-0.515665
229.687500,-0.329992,-0.562575,-0.331865,-0.453997,-0.514172
230.156250,-0.333420,-0.561945,-0.329727,-0.452072,-0.512694
230.625000,-0.336662,-0.561328,-0.327655,-0.450157,-0.511231
231.093750,-0.339707,-0.560722,-0.325649,-0.448250,-0.509781
231.562500,-0.342545,-0.560128,-0.323707,-0.446351,-0.508344
232.031250,-0.345165,-0.559544,-0.321827,-0.444459,-0.506919
232.500000,-0.347558,-0.558969,-0.320009,-0.442572,-0.505506
232.968750,-0.349716,-0.558404,-0.318251,-0.440689,-0.504104
233.437500,-0.351629,-0.557846,-0.316551,-0.438809,-0.502713
233.906250,-0.353290,-0.557297,-0.314907,-0.436930,-0.501330
234.375000,-0.354692,-0.556753,-0.313318,-0.435052,-0.499956
234.843750,-0.355827,-0.556216,-0.311781,-0.433174,-0.498590
235.312500,-0.356690,-0.555684,-0.310295,-0.431293,-0.497230
235.781250,-0.357273,-0.555156,-0.308857,-0.429410,-0.495876
236.250000,-0.357572,-0.554632,-0.307466,-0.427522,-0.494527
236.718750,-0.357582,-0.554111,-0.306119,-0.425628,-0.493182
237.187500,-0.357297,-0.553592,-0.304814,-0.423728,-0.491839
237.656250,-0.356714,-0.553074,-0.303549,-0.421820,-0.490497
238.125000,-0.355829,-0.552556,-0.302321,-0.419904,-0.489156
238.593750,-0.354639,-0.552038,-0.301129,-0.417977,-0.487813
239.062500,-0.353139,-0.551518,-0.299970,-0.416039,-0.486469
239.531250,-0.351327,-0.550997,-0.298842,-0.414089,-0.485121
240.000000,-0.349200,-0.550473,-0.297742,-0.412125,-0.483769
240.468750,-0.346757,-0.549945,-0.296667,-0.410147,-0.482411
240.937500,-0.343995,-0.549413,-0.295616,-0.408154,-0.481046
241.406250,-0.340912,-0.548876,-0.294586,-0.406145,-0.479672
241.875000,-0.337507,-0.548332,-0.293574,-0.404118,-0.478289
242.343750,-0.333779,-0.547782,-0.292579,-0.402073,-0.476894
242.812500,-0.329726,-0.547224,-0.291597,-0.400008,-0.475486
243.281250,-0.325348,-0.546658,-0.290626,-0.397924,-0.474064
243.750000,-0.320644,-0.546083,-0.289664,-0.395818,-0.472627
244.218750,-0.315613,-0.545498,-0.288708,-0.393691,-0.471173
244.687500,-0.310256,-0.544903,-0.287755,-0.391541,-0.469700
245.156250,-0.304572,-0.544296,-0.286804,-0.389367,-0.468208
245.625000,-0.298562,-0.543677,-0.285852,-0.387169,-0.466694
246.093750,-0.292227,-0.543045,-0.284896,-0.384946,-0.465156
246.562500,-0.285566,-0.542400,-0.283933,-0.382696,-0.463595
247.031250,-0.278582,-0.541740,-0.282962,-0.380420,-0.462007
247.500000,-0.271275,-0.541066,-0.281980,-0.378115,-0.460392
247.968750,-0.263647,-0.540376,-0.280984,-0.375783,-0.458748
248.437500,-0.255699,-0.539669,-0.279972,-0.373421,-0.457073
248.906250,-0.247434,-0.538946,-0.278942,-0.371028,-0.455367
249.375000,-0.238854,-0.538205,-0.277890,-0.368605,-0.453626
249.843750,-0.229962,-0.537446,-0.276815,-0.366151,-0.451851
250.312500,-0.220760,-0.536668,-0.275715,-0.363664,-0.450039
250.781250,-0.211253,-0.535870,-0.274586,-0.361143,-0.448188
251.250000,-0.201443,-0.535052,-0.273427,-0.358589,-0.446299
251.718750,-0.191336,-0.534214,-0.272234,-0.356000,-0.444368
252.187500,-0.180934,-0.533355,-0.271006,-0.353375,-0.442395
252.656250,-0.170244,-0.532473,-0.269740,-0.350714,-0.440378
253.125000,-0.159271,-0.531570,-0.268434,-0.348015,-0.438316
253.593750,-0.148019,-0.530643,-0.267085,-0.345279,-0.436207
254.062500,-0.136495,-0.529693,-0.265691,-0.342504,-0.434050
254.531250,-0.124706,-0.528720,-0.264250,-0.339690,-0.431844
255.000000,-0.112659,-0.527722,-0.262759,-0.336835,-0.429588
255.468750,-0.100360,-0.526700,-0.261215,-0.333939,-0.427280
255.937500,-0.087818,-0.525652,-0.259618,-0.331002,-0.424920
256.406250,-0.075041,-0.524579,-0.257963,-0.328023,-0.422505
256.875000,-0.062037,-0.523481,-0.256249,-0.325000,-0.420035
257.343750,-0.048816,-0.522356,-0.254474,-0.321934,-0.417510
257.812500,-0.035388,-0.521205,-0.252635,-0.318823,-0.414927
258.281250,-0.021762,-0.520027,-0.250730,-0.315667,-0.412286
258.750000,-0.007949,-0.518822,-0.248757,-0.312465,-0.409586
259.218750,0.006041,-0.517590,-0.246713,-0.309217,-0.406827
259.687500,0.020195,-0.516330,-0.244596,-0.305923,-0.404007
260.156250,0.034502,-0.515043,-0.242404,-0.302581,-0.401126
260.625000,0.048950,-0.513729,-0.240135,-0.299191,-0.398184
261.093750,0.063526,-0.512386,-0.237787,-0.295754,-0.395179
261.562500,0.078218,-0.511016,-0.235357,-0.292268,-0.392111
262.031250,0.093012,-0.509618,-0.232844,-0.288733,-0.388980
262.500000,0.107894,-0.508192,-0.230245,-0.285148,-0.385785
262.968750,0.122850,-0.506738,-0.227558,-0.281515,-0.382527
263.437500,0.137867,-0.505256,-0.224782,-0.277832,-0.379205
263.906250,0.152929,-0.503746,-0.221914,-0.274100,-0.375819
264.375000,0.168022,-0.502209,-0.218953,-0.270317,-0.372368
264.843750,0.183132,-0.500644,-0.215897,-0.266486,-0.368854
265.312500,0.198242,-0.499052,-0.212745,-0.262605,-0.365276
265.781250,0.213338,-0.497433,-0.209494,-0.258674,-0.361634
266.250000,0.228404,-0.495787,-0.206142,-0.254695,-0.357930
266.718750,0.243425,-0.494115,-0.202690,-0.250667,-0.354162
267.187500,0.258386,-0.492416,-0.199135,-0.246590,-0.350332
267.656250,0.273271,-0.490692,-0.195475,-0.242466,-0.346440
268.125000,0.288065,-0.488942,-0.191710,-0.238294,-0.342487
268.593750,0.302752,-0.487167,-0.187839,-0.234075,-0.338474
269.062500,0.317318,-0.485367,-0.183860,-0.229810,-0.334402
269.531250,0.331748,-0.483543,-0.179773,-0.225500,-0.330271
270.000000,0.346026,-0.481695,-0.175577,-0.221146,-0.326082
270.468750,0.360138,-0.479825,-0.171270,-0.216748,-0.321838
270.937500,0.374071,-0.477931,-0.166854,-0.212307,-0.317538
271.406250,0.387811,-0.476016,-0.162326,-0.207825,-0.313184
271.875000,0.401344,-0.474079,-0.157687,-0.203303,-0.308778
272.343750,0.414658,-0.472122,-0.152936,-0.198741,-0.304321
272.812500,0.427739,-0.470144,-0.148074,-0.194141,-0.299814
273.281250,0.440577,-0.468147,-0.143100,-0.189505,-0.295258
273.750000,0.453159,-0.466131,-0.138015,-0.184833,-0.290657
274.218750,0.465476,-0.464097,-0.132818,-0.180127,-0.286010
274.687500,0.477516,-0.462045,-0.127511,-0.175389,-0.281320
275.156250,0.489272,-0.459977,-0.122093,-0.170621,-0.276589
275.625000,0.500733,-0.457893,-0.116566,-0.165823,-0.271818
276.093750,0.511892,-0.455794,-0.110929,-0.160997,-0.267009
276.562500,0.522741,-0.453680,-0.105184,-0.156146,-0.262165
277.031250,0.533274,-0.451553,-0.099333,-0.151270,-0.257286
277.500000,0.543485,-0.449414,-0.093375,-0.146371,-0.252375
277.968750,0.553369,-0.447262,-0.087312,-0.141452,-0.247434
278.437500,0.562921,-0.445099,-0.081146,-0.136514,-0.242465
278.906250,0.572137,-0.442925,-0.074877,-0.131558,-0.237469
279.375000,0.581016,-0.440742,-0.068508,-0.126587,-0.232449
279.843750,0.589553,-0.438550,-0.062040,-0.121602,-0.227407
280.312500,0.597749,-0.436349,-0.055476,-0.116606,-0.222345
280.781250,0.605603,-0.434142,-0.048816,-0.111599,-0.217263
281.250000,0.613113,-0.431928,-0.042062,-0.106583,-0.212166
281.718750,0.620281,-0.429708,-0.035218,-0.101561,-0.207053
282.187500,0.627108,-0.427483,-0.028285,-0.096534,-0.201928
282.656250,0.633595,-0.425254,-0.021264,-0.091503,-0.196792
283.125000,0.639746,-0.423021,-0.014160,-0.086471,-0.191648
283.593750,0.645562,-0.420786,-0.006974,-0.081438,-0.186495
284.062500,0.651046,-0.418548,0.000291,-0.076407,-0.181338
284.531250,0.656204,-0.416309,0.007634,-0.071379,-0.176177
285.000000,0.661038,-0.414069,0.015050,-0.066355,-0.171014
285.468750,0.665554,-0.411829,0.022537,-0.061337,-0.165850
285.937500,0.669756,-0.409590,0.030092,-0.056327,-0.160688
286.406250,0.673649,-0.407352,0.037713,-0.051324,-0.155529
286.875000,0.677238,-0.405116,0.045396,-0.046331,-0.150374
287.343750,0.680530,-0.402882,0.053138,-0.041349,-0.145225
287.812500,0.683529,-0.400651,0.060937,-0.036379,-0.140084
288.281250,0.686242,-0.398424,0.068788,-0.031421,-0.134951
288.750000,0.688674,-0.396201,0.076689,-0.026477,-0.129829
289.218750,0.690831,-0.393982,0.084636,-0.021548,-0.124718
289.687500,0.692718,-0.391769,0.092626,-0.016634,-0.119620
290.156250,0.694342,-0.389561,0.100655,-0.011736,-0.114536
290.625000,0.695708,-0.387360,0.108720,-0.006855,-0.109467
291.093750,0.696822,-0.385165,0.116818,-0.001991,-0.104415
291.562500,0.697689,-0.382978,0.124945,0.002855,-0.099381
292.031250,0.698315,-0.380798,0.133097,0.007683,-0.094365
292.500000,0.698704,-0.378626,0.141271,0.012493,-0.089369
292.968750,0.698860,-0.376462,0.149463,0.017284,-0.084394
293.437500,0.698790,-0.374307,0.157670,0.022057,-0.079441
293.906250,0.698495,-0.372162,0.165887,0.026810,-0.074510
294.375000,0.697981,-0.370026,0.174111,0.031544,-0.069603
294.843750,0.697251,-0.367900,0.182338,0.036259,-0.064721
295.312500,0.696308,-0.365784,0.190564,0.040955,-0.059865
295.781250,0.695155,-0.363679,0.198787,0.045632,-0.055035
296.250000,0.693794,-0.361585,0.207000,0.050290,-0.050233
296.718750,0.692228,-0.359502,0.215202,0.054929,-0.045458
297.187500,0.690459,-0.357431,0.223388,0.059549,-0.040713
297.656250,0.688487,-0.355372,0.231553,0.064152,-0.035998
298.125000,0.686314,-0.353326,0.239695,0.068736,-0.031313
298.593750,0.683940,-0.351292,0.247809,0.073302,-0.026660
299.062500,0.681366,-0.349271,0.255891,0.077851,-0.022040
299.531250,0.678591,-0.347264,0.263937,0.082382,-0.017452
300.000000,0.675614,-0.345270,0.271943,0.086896,-0.012899
300.468750,0.672436,-0.343290,0.279906,0.091394,-0.008381
300.937500,0.669055,-0.341324,0.287820,0.095874,-0.003898
301.406250,0.665469,-0.339373,0.295683,0.100339,0.000548
301.875000,0.661678,-0.337437,0.303489,0.104788,0.004957
302.343750,0.657678,-0.335515,0.311235,0.109220,0.009328
302.812500,0.653468,-0.333610,0.318916,0.113637,0.013659
303.281250,0.649045,-0.331720,0.326528,0.118039,0.017951
303.750000,0.644406,-0.329847,0.334068,0.122425,0.022202
304.218750,0.639548,-0.327990,0.341530,0.126796,0.026411
304.687500,0.634469,-0.326149,0.348911,0.131152,0.030578
305.156250,0.629166,-0.324326,0.356205,0.135493,0.034701
305.625000,0.623635,-0.322521,0.363410,0.139818,0.038779
306.093750,0.617874,-0.320733,0.370520,0.144127,0.042812
306.562500,0.611879,-0.318963,0.377532,0.148422,0.046799
307.031250,0.605648,-0.317212,0.384440,0.152700,0.050739
307.500000,0.599178,-0.315480,0.391240,0.156962,0.054630
307.968750,0.592466,-0.313766,0.397928,0.161207,0.058472
308.437500,0.585509,-0.312073,0.404500,0.165436,0.062264
308.906250,0.578307,-0.310399,0.410951,0.169647,0.066005
309.375000,0.570856,-0.308746,0.417277,0.173840,0.069694
309.843750,0.563156,-0.307113,0.423474,0.178014,0.073329
310.312500,0.555207,-0.305501,0.429536,0.182169,0.076910
310.781250,0.547007,-0.303911,0.435460,0.186304,0.080437
311.250000,0.538558,-0.302342,0.441241,0.190418,0.083907
311.718750,0.529860,-0.300795,0.446875,0.194510,0.087321
312.187500,0.520915,-0.299271,0.452358,0.198579,0.090676
312.656250,0.511726,-0.297769,0.457686,0.202624,0.093973
313.125000,0.502296,-0.296290,0.462855,0.206645,0.097210
313.593750,0.492629,-0.294834,0.467860,0.210639,0.100387
314.062500,0.482732,-0.293402,0.472698,0.214606,0.103503
314.531250,0.472610,-0.291994,0.477364,0.218544,0.106557
315.000000,0.462270,-0.290610,0.481856,0.222453,0.109549
315.468750,0.451722,-0.289251,0.486169,0.226331,0.112477
315.937500,0.440975,-0.287916,0.490300,0.230176,0.115341
316.406250,0.430040,-0.286606,0.494246,0.233988,0.118141
316.875000,0.418930,-0.285320,0.498004,0.237765,0.120877
317.343750,0.407657,-0.284060,0.501570,0.241505,0.123548
317.812500,0.396237,-0.282826,0.504942,0.245208,0.126153
318.281250,0.384685,-0.281617,0.508117,0.248871,0.128693
318.750000,0.373019,-0.280433,0.511094,0.252494,0.131168
319.218750,0.361257,-0.279274,0.513869,0.256076,0.133578
319.687500,0.349418,-0.278142,0.516441,0.259614,0.135922
320.156250,0.337524,-0.277034,0.518808,0.263109,0.138202
320.625000,0.325595,-0.275952,0.520969,0.266558,0.140417
321.093750,0.313656,-0.274896,0.522923,0.269961,0.142568
321.562500,0.301729,-0.273864,0.524670,0.273317,0.144656
322.031250,0.289839,-0.272858,0.526207,0.276624,0.146682
322.500000,0.278010,-0.271876,0.527536,0.279882,0.148646
322.968750,0.266269,-0.270918,0.528657,0.283090,0.150549
323.437500,0.254642,-0.269985,0.529569,0.286248,0.152394
323.906250,0.243154,-0.269075,0.530274,0.289355,0.154180
324.375000,0.231831,-0.268188,0.530773,0.292409,0.155910
324.843750,0.220701,-0.267325,0.531066,0.295412,0.157584
325.312500,0.209788,-0.266483,0.531156,0.298363,0.159206
325.781250,0.199118,-0.265663,0.531045,0.301260,0.160776
326.250000,0.188716,-0.264865,0.530735,0.304106,0.162296
326.718750,0.178605,-0.264087,0.530229,0.306898,0.163769
327.187500,0.168810,-0.263329,0.529529,0.309638,0.165197
327.656250,0.159351,-0.262590,0.528639,0.312326,0.166582
328.125000,0.150249,-0.261869,0.527562,0.314962,0.167926
328.593750,0.141523,-0.261166,0.526303,0.317546,0.169232
329.062500,0.133192,-0.260481,0.524864,0.320079,0.170502
329.531250,0.125272,-0.259811,0.523251,0.322562,0.171739
330.000000,0.117775,-0.259157,0.521468,0.324994,0.172946
330.468750,0.110717,-0.258517,0.519519,0.327376,0.174124
330.937500,0.104106,-0.257890,0.517410,0.329710,0.175278
331.406250,0.097952,-0.257277,0.515146,0.331996,0.176410
331.875000,0.092263,-0.256675,0.512731,0.334234,0.177522
332.343750,0.087044,-0.256085,0.510171,0.336426,0.178618
332.812500,0.082297,-0.255504,0.507473,0.338572,0.179699
333.281250,0.078025,-0.254933,0.504640,0.340673,0.180770
333.750000,0.074228,-0.254370,0.501680,0.342730,0.181832
334.218750,0.070905,-0.253815,0.498597,0.344743,0.182889
334.687500,0.068050,-0.253267,0.495398,0.346713,0.183944
335.156250,0.065661,-0.252725,0.492089,0.348641,0.184998
335.625000,0.063730,-0.252187,0.488675,0.350528,0.186055
336.093750,0.062251,-0.251654,0.485162,0.352375,0.187116
336.562500,0.061213,-0.251125,0.481556,0.354181,0.188186
337.031250,0.060608,-0.250598,0.477864,0.355947,0.189265
337.500000,0.060424,-0.250074,0.474090,0.357675,0.190357
337.968750,0.060650,-0.249551,0.470240,0.359364,0.191464
338.437500,0.061274,-0.249028,0.466321,0.361015,0.192588
338.906250,0.062281,-0.248506,0.462338,0.362628,0.193730
339.375000,0.063658,-0.247983,0.458296,0.364204,0.194894
339.843750,0.065390,-0.247459,0.454201,0.365742,0.196080
340.312500,0.067463,-0.246933,0.450058,0.367243,0.197291
340.781250,0.069862,-0.246405,0.445873,0.368707,0.198529
341.250000,0.072570,-0.245875,0.441650,0.370134,0.199794
341.718750,0.075573,-0.245341,0.437394,0.371524,0.201088
342.187500,0.078855,-0.244803,0.433111,0.372878,0.202413
342.656250,0.082399,-0.244261,0.428805,0.374193,0.203770
343.125000,0.086190,-0.243715,0.424480,0.375472,0.205160
343.593750,0.090213,-0.243164,0.420141,0.376713,0.206584
344.062500,0.094450,-0.242608,0.415793,0.377915,0.208042
344.531250,0.098888,-0.242046,0.411439,0.379080,0.209536
345.000000,0.103509,-0.241479,0.407083,0.380206,0.211066
345.468750,0.108299,-0.240905,0.402730,0.381293,0.212633
345.937500,0.113243,-0.240326,0.398382,0.382340,0.214237
346.406250,0.118325,-0.239740,0.394043,0.383347,0.215878
346.875000,0.123531,-0.239147,0.389718,0.384313,0.217557
347.343750,0.128846,-0.238548,0.385408,0.385239,0.219273
347.812500,0.134256,-0.237942,0.381116,0.386122,0.221027
348.281250,0.139747,-0.237329,0.376847,0.386963,0.222817
348.750000,0.145305,-0.236708,0.372602,0.387762,0.224645
349.218750,0.150917,-0.236081,0.368384,0.388516,0.226510
349.687500,0.156569,-0.235447,0.364195,0.389227,0.228410
350.156250,0.162249,-0.234805,0.360038,0.389892,0.230347
350.625000,0.167944,-0.234157,0.355915,0.390512,0.232318
351.093750,0.173642,-0.233501,0.351828,0.391085,0.234323
351.562500,0.179330,-0.232839,0.347778,0.391612,0.236362
352.031250,0.184998,-0.232169,0.343768,0.392091,0.238432
352.500000,0.190634,-0.231492,0.339798,0.392522,0.240535
352.968750,0.196226,-0.230809,0.335872,0.392904,0.242667
353.437500,0.201765,-0.230119,0.331989,0.393237,0.244829
353.906250,0.207240,-0.229423,0.328151,0.393520,0.247019
354.375000,0.212641,-0.228720,0.324359,0.393752,0.249235
354.843750,0.217959,-0.228011,0.320614,0.393933,0.251476
355.312500,0.223184,-0.227296,0.316918,0.394063,0.253741
355.781250,0.228307,-0.226575,0.313271,0.394141,0.256029
356.250000,0.233321,-0.225849,0.309673,0.394167,0.258337
356.718750,0.238218,-0.225117,0.306126,0.394140,0.260664
357.187500,0.242990,-0.224379,0.302631,0.394060,0.263009
357.656250,0.247630,-0.223637,0.299186,0.393926,0.265370
358.125000,0.252132,-0.222890,0.295794,0.393739,0.267745
358.593750,0.256490,-0.222139,0.292455,0.393498,0.270132
359.062500,0.260697,-0.221383,0.289168,0.393203,0.272530
359.531250,0.264749,-0.220624,0.285935,0.392854,0.274936
360.000000,0.268642,-0.219860,0.282756,0.392451,0.277350
360.468750,0.272370,-0.219094,0.279630,0.391994,0.279768
360.937500,0.275931,-0.218324,0.276559,0.391483,0.282190
361.406250,0.279322,-0.217551,0.273542,0.390918,0.284613
361.875000,0.282540,-0.216776,0.270580,0.390299,0.287035
362.343750,0.285582,-0.215998,0.267673,0.389627,0.289454
362.812500,0.288449,-0.215219,0.264822,0.388901,0.291869
363.281250,0.291137,-0.214437,0.262025,0.388123,0.294277
363.750000,0.293647,-0.213654,0.259285,0.387292,0.296676
364.218750,0.295979,-0.212870,0.256601,0.386409,0.299065
364.687500,0.298134,-0.212085,0.253973,0.385475,0.301442
365.156250,0.300112,-0.211300,0.251403,0.384490,0.303804
365.625000,0.301915,-0.210514,0.248889,0.383454,0.306150
366.093750,0.303545,-0.209728,0.246433,0.382369,0.308477
366.562500,0.305004,-0.208942,0.244036,0.381235,0.310784
367.031250,0.306295,-0.208156,0.241697,0.380053,0.313068
367.500000,0.307423,-0.207372,0.239418,0.378823,0.315329
367.968750,0.308389,-0.206588,0.237199,0.377548,0.317564
368.437500,0.309199,-0.205805,0.235040,0.376226,0.319770
368.906250,0.309858,-0.205024,0.232943,0.374860,0.321947
369.375000,0.310369,-0.204244,0.230908,0.373450,0.324092
369.843750,0.310740,-0.203466,0.228936,0.371998,0.326205
370.312500,0.310974,-0.202690,0.227028,0.370505,0.328282
370.781250,0.311079,-0.201917,0.225184,0.368971,0.330322
371.250000,0.311060,-0.201145,0.223407,0.367397,0.332324
371.718750,0.310925,-0.200376,0.221697,0.365786,0.334286
372.187500,0.310679,-0.199610,0.220054,0.364138,0.336206
372.656250,0.310331,-0.198847,0.218481,0.362455,0.338084
373.125000,0.309888,-0.198086,0.216978,0.360736,0.339916
373.593750,0.309357,-0.197329,0.215546,0.358985,0.341703
374.062500,0.308746,-0.196575,0.214187,0.357203,0.343442
374.531250,0.308063,-0.195824,0.212901,0.355389,0.345133
375.000000,0.307317,-0.195076,0.211690,0.353547,0.346773
375.468750,0.306514,-0.194332,0.210556,0.351677,0.348362
375.937500,0.305665,-0.193591,0.209499,0.349781,0.349899
376.406250,0.304777,-0.192854,0.208520,0.347860,0.351383
376.875000,0.303858,-0.192120,0.207621,0.345915,0.352812
377.343750,0.302917,-0.191390,0.206803,0.343948,0.354186
377.812500,0.301964,-0.190664,0.206066,0.341961,0.355504
378.281250,0.301006,-0.189940,0.205413,0.339954,0.356765
378.750000,0.300051,-0.189221,0.204843,0.337930,0.357968
379.218750,0.299110,-0.188505,0.204357,0.335890,0.359113
379.687500,0.298189,-0.187792,0.203957,0.333835,0.360199
380.156250,0.297298,-0.187083,0.203643,0.331767,0.361225
380.625000,0.296445,-0.186377,0.203415,0.329688,0.362192
381.093750,0.295638,-0.185675,0.203274,0.327598,0.363099
381.562500,0.294885,-0.184975,0.203221,0.325500,0.363945
382.031250,0.294194,-0.184279,0.203255,0.323396,0.364731
382.500000,0.293573,-0.183585,0.203376,0.321286,0.365456
382.968750,0.293030,-0.182894,0.203585,0.319172,0.366121
383.437500,0.292571,-0.182206,0.203882,0.317056,0.366725
383.906250,0.292205,-0.181521,0.204265,0.314940,0.367269
384.375000,0.291939,-0.180838,0.204734,0.312825,0.367754
384.843750,0.291778,-0.180156,0.205290,0.310713,0.368178
385.312500,0.291731,-0.179478,0.205930,0.308606,0.368543
385.781250,0.291802,-0.178800,0.206654,0.306505,0.368850
386.250000,0.291999,-0.178125,0.207461,0.304413,0.369098
386.718750,0.292326,-0.177451,0.208349,0.302330,0.369289
387.187500,0.292790,-0.176778,0.209318,0.300259,0.369423
387.656250,0.293394,-0.176107,0.210365,0.298201,0.369502
388.125000,0.294145,-0.175436,0.211489,0.296158,0.369526
388.593750,0.295047,-0.174765,0.212689,0.294133,0.369496
389.062500,0.296103,-0.174096,0.213962,0.292126,0.369413
389.531250,0.297319,-0.173426,0.215306,0.290141,0.369278
390.000000,0.298696,-0.172756,0.216719,0.288177,0.369093
390.468750,0.300238,-0.172086,0.218200,0.286239,0.368859
390.937500,0.301949,-0.171416,0.219745,0.284327,0.368578
391.406250,0.303830,-0.170745,0.221354,0.282443,0.368250
391.875000,0.305882,-0.170072,0.223023,0.280590,0.367877
392.343750,0.308108,-0.169399,0.224750,0.278770,0.367461
392.812500,0.310509,-0.168724,0.226533,0.276983,0.367003
393.281250,0.313085,-0.168047,0.228369,0.275234,0.366505
393.750000,0.315836,-0.167369,0.230257,0.273522,0.365968
394.218750,0.318762,-0.166688,0.232193,0.271851,0.365395
394.687500,0.321862,-0.166004,0.234176,0.270223,0.364787
395.156250,0.325136,-0.165319,0.236203,0.268640,0.364146
395.625000,0.328581,-0.164630,0.238272,0.267103,0.363473
396.093750,0.332196,-0.163938,0.240381,0.265615,0.362772
396.562500,0.335977,-0.163242,0.242528,0.264178,0.362042
397.031250,0.339921,-0.162544,0.244710,0.262794,0.361287
397.500000,0.344025,-0.161841,0.246926,0.261465,0.360508
397.968750,0.348285,-0.161134,0.249173,0.260193,0.359706
398.437500,0.352695,-0.160424,0.251449,0.258981,0.358885
398.906250,0.357250,-0.159709,0.253754,0.257830,0.358046
399.375000,0.361944,-0.158989,0.256084,0.256742,0.357190
399.843750,0.366772,-0.158265,0.258439,0.255719,0.356320
400.312500,0.371726,-0.157536,0.260816,0.254763,0.355437
400.781250,0.376798,-0.156802,0.263214,0.253877,0.354543
401.250000,0.381982,-0.156063,0.265631,0.253061,0.353640
401.718750,0.387267,-0.155319,0.268066,0.252318,0.352730
402.187500,0.392647,-0.154569,0.270518,0.251650,0.351814
402.656250,0.398109,-0.153814,0.272984,0.251059,0.350894
403.125000,0.403646,-0.153054,0.275464,0.250545,0.349972
403.593750,0.409246,-0.152287,0.277957,0.250110,0.349049
404.062500,0.414899,-0.151516,0.280460,0.249757,0.348127
404.531250,0.420593,-0.150738,0.282974,0.249486,0.347206
405.000000,0.426317,-0.149955,0.285495,0.249299,0.346289
405.468750,0.432058,-0.149167,0.288025,0.249197,0.345377
405.937500,0.437805,-0.148373,0.290560,0.249180,0.344471
406.406250,0.443545,-0.147573,0.293101,0.249250,0.343572
406.875000,0.449264,-0.146767,0.295646,0.249408,0.342682
407.343750,0.454951,-0.145956,0.298194,0.249655,0.341801
407.812500,0.460591,-0.145140,0.300743,0.249990,0.340930
408.281250,0.466172,-0.144318,0.303293,0.250414,0.340070
408.750000,0.471679,-0.143491,0.305843,0.250928,0.339223
409.218750,0.477100,-0.142660,0.308392,0.251532,0.338388
409.687500,0.482422,-0.141823,0.310937,0.252224,0.337566
410.156250,0.487630,-0.140981,0.313479,0.253006,0.336759
410.625000,0.492713,-0.140135,0.316017,0.253876,0.335966
411.093750,0.497656,-0.139285,0.318548,0.254835,0.335188
411.562500,0.502449,-0.138430,0.321072,0.255880,0.334425
412.031250,0.507077,-0.137572,0.323589,0.257012,0.333678
412.500000,0.511530,-0.136710,0.326096,0.258228,0.332947
412.968750,0.515796,-0.135844,0.328592,0.259528,0.332232
413.437500,0.519864,-0.134976,0.331077,0.260909,0.331533
413.906250,0.523724,-0.134105,0.333550,0.262370,0.330850
414.375000,0.527365,-0.133231,0.336009,0.263909,0.330184
414.843750,0.530778,-0.132355,0.338453,0.265524,0.329533
415.312500,0.533955,-0.131477,0.340880,0.267213,0.328899
415.781250,0.536888,-0.130598,0.343291,0.268972,0.328281
416.250000,0.539569,-0.129717,0.345684,0.270799,0.327679
416.718750,0.541992,-0.128835,0.348057,0.272692,0.327092
417.187500,0.544152,-0.127953,0.350410,0.274647,0.326520
417.656250,0.546043,-0.127071,0.352741,0.276661,0.325964
418.125000,0.547661,-0.126189,0.355050,0.278731,0.325422
418.593750,0.549004,-0.125308,0.357335,0.280853,0.324895
419.062500,0.550068,-0.124427,0.359596,0.283024,0.324382
419.531250,0.550853,-0.123548,0.361831,0.285241,0.323883
420.000000,0.551357,-0.122670,0.364040,0.287499,0.323398
420.468750,0.551581,-0.121795,0.366221,0.289795,0.322926
420.937500,0.551525,-0.120921,0.368374,0.292126,0.322467
421.406250,0.551192,-0.120051,0.370498,0.294486,0.322020
421.875000,0.550583,-0.119183,0.372592,0.296873,0.321586
422.343750,0.549702,-0.118319,0.374656,0.299283,0.321165
422.812500,0.548553,-0.117458,0.376688,0.301711,0.320755
423.281250,0.547141,-0.116602,0.378688,0.304155,0.320357
423.750000,0.545470,-0.115750,0.380655,0.306609,0.319970
424.218750,0.543548,-0.114903,0.382589,0.309071,0.319595
424.687500,0.541381,-0.114060,0.384490,0.311536,0.319232
425.156250,0.538975,-0.113223,0.386356,0.314001,0.318879
425.625000,0.536339,-0.112391,0.388187,0.316463,0.318538
426.093750,0.533481,-0.111565,0.389984,0.318917,0.318209
426.562500,0.530409,-0.110745,0.391745,0.321361,0.317890
427.031250,0.527132,-0.109932,0.393470,0.323791,0.317584
427.500000,0.523661,-0.109125,0.395159,0.326203,0.317289
427.968750,0.520004,-0.108324,0.396813,0.328596,0.317006
428.437500,0.516172,-0.107531,0.398430,0.330965,0.316735
428.906250,0.512175,-0.106744,0.400010,0.333308,0.316476
429.375000,0.508023,-0.105965,0.401554,0.335623,0.316231
429.843750,0.503727,-0.105193,0.403062,0.337906,0.315999
430.312500,0.499297,-0.104429,0.404533,0.340155,0.315780
430.781250,0.494746,-0.103673,0.405968,0.342368,0.315576
431.250000,0.490082,-0.102924,0.407367,0.344542,0.315387
431.718750,0.485318,-0.102183,0.408729,0.346676,0.315213
432.187500,0.480463,-0.101450,0.410056,0.348768,0.315055
432.656250,0.475529,-0.100725,0.411346,0.350816,0.314914
433.125000,0.470527,-0.100008,0.412601,0.352817,0.314789
433.593750,0.465467,-0.099300,0.413821,0.354772,0.314683
434.062500,0.460359,-0.098599,0.415005,0.356678,0.314596
434.531250,0.455214,-0.097907,0.416155,0.358533,0.314528
435.000000,0.450041,-0.097223,0.417270,0.360338,0.314480
435.468750,0.444852,-0.096547,0.418351,0.362091,0.314453
435.937500,0.439656,-0.095879,0.419398,0.363791,0.314448
436.406250,0.434462,-0.095220,0.420411,0.365438,0.314465
436.875000,0.429279,-0.094568,0.421391,0.367030,0.314506
437.343750,0.424118,-0.093925,0.422337,0.368568,0.314570
437.812500,0.418985,-0.093289,0.423252,0.370051,0.314659
438.281250,0.413891,-0.092661,0.424134,0.371479,0.314773
438.750000,0.408844,-0.092041,0.424984,0.372851,0.314913
439.218750,0.403851,-0.091429,0.425802,0.374169,0.315079
439.687500,0.398920,-0.090825,0.426589,0.375431,0.315273
440.156250,0.394060,-0.090228,0.427345,0.376638,0.315494
440.625000,0.389278,-0.089638,0.428070,0.377791,0.315742
441.093750,0.384580,-0.089055,0.428765,0.378890,0.316020
441.562500,0.379974,-0.088480,0.429430,0.379935,0.316325
442.031250,0.375466,-0.087911,0.430065,0.380927,0.316660
442.500000,0.371063,-0.087349,0.430670,0.381867,0.317023
442.968750,0.366771,-0.086794,0.431246,0.382755,0.317416
443.437500,0.362595,-0.086245,0.431793,0.383593,0.317837
443.906250,0.358542,-0.085703,0.432311,0.384381,0.318288
444.375000,0.354618,-0.085167,0.432801,0.385120,0.318768
444.843750,0.350826,-0.084636,0.433262,0.385812,0.319276
445.312500,0.347174,-0.084112,0.433696,0.386458,0.319813
445.781250,0.343666,-0.083592,0.434101,0.387059,0.320377
446.250000,0.340306,-0.083079,0.434478,0.387616,0.320970
446.718750,0.337100,-0.082570,0.434828,0.388131,0.321589
447.187500,0.334051,-0.082066,0.435150,0.388605,0.322234
447.656250,0.331164,-0.081567,0.435445,0.389040,0.322905
448.125000,0.328444,-0.081073,0.435713,0.389438,0.323601
448.593750,0.325893,-0.080582,0.435954,0.389799,0.324322
449.062500,0.323516,-0.080096,0.436168,0.390126,0.325065
449.531250,0.321317,-0.079613,0.436356,0.390421,0.325831
450.000000,0.319299,-0.079135,0.436517,0.390685,0.326618
450.468750,0.317466,-0.078659,0.436651,0.390920,0.327426
450.937500,0.315821,-0.078187,0.436760,0.391127,0.328253
451.406250,0.314366,-0.077717,0.436842,0.391310,0.329098
451.875000,0.313105,-0.077250,0.436899,0.391469,0.329961
452.343750,0.312039,-0.076786,0.436929,0.391607,0.330840
452.812500,0.311172,-0.076323,0.436934,0.391725,0.331734
453.281250,0.310506,-0.075863,0.436914,0.391826,0.332642
453.750000,0.310042,-0.075404,0.436869,0.391912,0.333563
454.218750,0.309782,-0.074946,0.436799,0.391983,0.334496
454.687500,0.309728,-0.074490,0.436704,0.392044,0.335440
455.156250,0.309881,-0.074035,0.436585,0.392095,0.336394
455.625000,0.310242,-0.073580,0.436442,0.392138,0.337357
456.093750,0.310812,-0.073125,0.436275,0.392176,0.338328
456.562500,0.311590,-0.072671,0.436084,0.392210,0.339306
457.031250,0.312578,-0.072217,0.435870,0.392243,0.340290
457.500000,0.313773,-0.071762,0.435634,0.392276,0.341280
457.968750,0.315175,-0.071307,0.435375,0.392311,0.342274
458.437500,0.316783,-0.070851,0.435095,0.392351,0.343272
458.906250,0.318596,-0.070394,0.434793,0.392396,0.344273
459.375000,0.320611,-0.069936,0.434470,0.392450,0.345277
459.843750,0.322825,-0.069476,0.434127,0.392513,0.346283
460.312500,0.325236,-0.069014,0.433763,0.392587,0.347290
460.781250,0.327840,-0.068550,0.433381,0.392674,0.348297
461.250000,0.330633,-0.068085,0.432980,0.392776,0.349305
461.718750,0.333610,-0.067616,0.432561,0.392894,0.350313
462.187500,0.336766,-0.067146,0.432124,0.393030,0.351321
462.656250,0.340096,-0.066672,0.431671,0.393185,0.352327
463.125000,0.343592,-0.066196,0.431202,0.393361,0.353333
463.593750,0.347249,-0.065716,0.430717,0.393558,0.354337
464.062500,0.351060,-0.065233,0.430219,0.393779,0.355339
464.531250,0.355016,-0.064747,0.429706,0.394023,0.356340
465.000000,0.359110,-0.064257,0.429181,0.394293,0.357338
465.468750,0.363333,-0.063763,0.428644,0.394589,0.358335
465.937500,0.367676,-0.063265,0.428096,0.394912,0.359328
466.406250,0.372129,-0.062764,0.427538,0.395263,0.360320
466.875000,0.376683,-0.062258,0.426971,0.395642,0.361309
467.343750,0.381328,-0.061748,0.426396,0.396050,0.362295
467.812500,0.386054,-0.061234,0.425814,0.396488,0.363279
468.281250,0.390850,-0.060716,0.425225,0.396956,0.364259
468.750000,0.395705,-0.060193,0.424632,0.397454,0.365238
469.218750,0.400610,-0.059665,0.424034,0.397983,0.366213
469.687500,0.405553,-0.059134,0.423434,0.398542,0.367186
470.156250,0.410523,-0.058598,0.422831,0.399132,0.368155
470.625000,0.415511,-0.058057,0.422228,0.399752,0.369122
471.093750,0.420506,-0.057512,0.421625,0.400402,0.370087
471.562500,0.425498,-0.056962,0.421024,0.401083,0.371048
472.031250,0.430477,-0.056409,0.420426,0.401792,0.372007
472.500000,0.435433,-0.055850,0.419831,0.402531,0.372963
472.968750,0.440358,-0.055288,0.419242,0.403299,0.373917
473.437500,0.445243,-0.054721,0.418659,0.404094,0.374868
473.906250,0.450079,-0.054150,0.418084,0.404916,0.375817
474.375000,0.454859,-0.053575,0.417517,0.405765,0.376763
474.843750,0.459577,-0.052995,0.416961,0.406639,0.377707
475.312500,0.464224,-0.052412,0.416416,0.407537,0.378648
475.781250,0.468796,-0.051825,0.415884,0.408459,0.379588
476.250000,0.473286,-0.051235,0.415366,0.409403,0.380525
476.718750,0.477690,-0.050640,0.414864,0.410368,0.381461
477.187500,0.482004,-0.050043,0.414378,0.411354,0.382394
477.656250,0.486224,-0.049441,0.413911,0.412358,0.383326
478.125000,0.490346,-0.048837,0.413463,0.413380,0.384257
478.593750,0.494370,-0.048229,0.413037,0.414418,0.385186
479.062500,0.498291,-0.047619,0.412632,0.415471,0.386114
479.531250,0.502109,-0.047005,0.412251,0.416538,0.387041
480.000000,0.505823,-0.046389,0.411896,0.417617,0.387968
480.468750,0.509433,-0.045770,0.411566,0.418706,0.388894
480.937500,0.512937,-0.045148,0.411265,0.419805,0.389820
481.406250,0.516337,-0.044525,0.410992,0.420912,0.390745
481.875000,0.519633,-0.043898,0.410751,0.422025,0.391672
482.343750,0.522826,-0.043270,0.410541,0.423144,0.392598
482.812500,0.525917,-0.042640,0.410364,0.424266,0.393526
483.281250,0.528909,-0.042008,0.410221,0.425390,0.394455
483.750000,0.531802,-0.041374,0.410115,0.426514,0.395385
484.218750,0.534598,-0.040738,0.410045,0.427639,0.396317
484.687500,0.537301,-0.040101,0.410013,0.428761,0.397251
485.156250,0.539912,-0.039462,0.410020,0.429879,0.398188
485.625000,0.542433,-0.038822,0.410068,0.430993,0.399128
486.093750,0.544868,-0.038180,0.410157,0.432101,0.400070
486.562500,0.547218,-0.037538,0.410288,0.433201,0.401016
487.031250,0.549487,-0.036894,0.410463,0.434292,0.401966
487.500000,0.551678,-0.036249,0.410682,0.435374,0.402920
487.968750,0.553793,-0.035604,0.410946,0.436444,0.403879
488.437500,0.555834,-0.034957,0.411255,0.437502,0.404842
488.906250,0.557805,-0.034310,0.411612,0.438547,0.405811
489.375000,0.559709,-0.033662,0.412016,0.439577,0.406785
489.843750,0.561548,-0.033014,0.412467,0.440591,0.407765
490.312500,0.563324,-0.032365,0.412968,0.441589,0.408750
490.781250,0.565041,-0.031716,0.413517,0.442570,0.409743
491.250000,0.566701,-0.031066,0.414115,0.443532,0.410741
491.718750,0.568307,-0.030416,0.414764,0.444475,0.411746
492.187500,0.569860,-0.029766,0.415462,0.445398,0.412759
492.656250,0.571364,-0.029115,0.416211,0.446300,0.413779
493.125000,0.572820,-0.028464,0.417010,0.447181,0.414806
493.593750,0.574231,-0.027813,0.417860,0.448040,0.415840
494.062500,0.575599,-0.027162,0.418760,0.448877,0.416883
494.531250,0.576926,-0.026512,0.419711,0.449692,0.417933
495.000000,0.578213,-0.025861,0.420712,0.450483,0.418991
495.468750,0.579464,-0.025210,0.421764,0.451251,0.420057
495.937500,0.580679,-0.024559,0.422866,0.451995,0.421132
496.406250,0.581859,-0.023908,0.424017,0.452715,0.422214
496.875000,0.583008,-0.023258,0.425218,0.453412,0.423304
497.343750,0.584126,-0.022607,0.426468,0.454084,0.424403
497.812500,0.585215,-0.021957,0.427767,0.454734,0.425509
498.281250,0.586276,-0.021308,0.429114,0.455359,0.426624
498.750000,0.587310,-0.020658,0.430508,0.455961,0.427746
499.218750,0.588319,-0.020009,0.431949,0.456541,0.428876
499.687500,0.589304,-0.019360,0.433437,0.457097,0.430013
500.156250,0.590265,-0.018711,0.434969,0.457632,0.431157
500.625000,0.591204,-0.018063,0.436547,0.458145,0.432308
501.093750,0.592122,-0.017415,0.438168,0.458637,0.433467
501.562500,0.593019,-0.016768,0.439833,0.459109,0.434631
502.031250,0.593896,-0.016121,0.441539,0.459561,0.435802
502.500000,0.594755,-0.015475,0.443287,0.459994,0.436978
502.968750,0.595595,-0.014829,0.445075,0.460410,0.438160
503.437500,0.596417,-0.014183,0.446901,0.460808,0.439347
503.906250,0.597222,-0.013538,0.448766,0.461191,0.440539
504.375000,0.598010,-0.012894,0.450667,0.461559,0.441734
504.843750,0.598782,-0.012250,0.452605,0.461913,0.442933
505.312500,0.599537,-0.011607,0.454576,0.462255,0.444136
505.781250,0.600276,-0.010964,0.456581,0.462585,0.445341
506.250000,0.601000,-0.010322,0.458618,0.462905,0.446548
506.718750,0.601708,-0.009680,0.460685,0.463216,0.447756
507.187500,0.602401,-0.009039,0.462781,0.463520,0.448966
507.656250,0.603079,-0.008399,0.464906,0.463817,0.450176
508.125000,0.603741,-0.007760,0.467056,0.464109,0.451385
508.593750,0.604388,-0.007121,0.469232,0.464397,0.452593
509.062500,0.605019,-0.006482,0.471431,0.464683,0.453800
509.531250,0.605634,-0.005845,0.473653,0.464969,0.455004
510.000000,0.606233,-0.005208,0.475894,0.465254,0.456206
510.468750,0.606816,-0.004572,0.478155,0.465542,0.457403
510.937500,0.607381,-0.003936,0.480433,0.465833,0.458596
511.406250,0.607930,-0.003301,0.482726,0.466129,0.459784
511.875000,0.608460,-0.002667,0.485034,0.466430,0.460966
512.343750,0.608972,-0.002034,0.487353,0.466739,0.462141
512.812500,0.609465,-0.001402,0.489684,0.467056,0.463309
513.281250,0.609938,-0.000770,0.492023,0.467383,0.464469
513.750000,0.610390,-0.000140,0.494370,0.467721,0.465619
514.218750,0.610820,0.000490,0.496721,0.468072,0.466760
514.687500,0.611228,0.001119,0.499077,0.468435,0.467891
515.156250,0.611612,0.001747,0.501434,0.468814,0.469010
515.625000,0.611971,0.002374,0.503791,0.469208,0.470117
516.093750,0.612304,0.003001,0.506147,0.469618,0.471211
516.562500,0.612609,0.003626,0.508499,0.470046,0.472291
517.031250,0.612885,0.004250,0.510845,0.470493,0.473358
517.500000,0.613130,0.004873,0.513183,0.470959,0.474409
517.968750,0.613344,0.005496,0.515513,0.471445,0.475444
518.437500,0.613523,0.006117,0.517831,0.471952,0.476463
518.906250,0.613666,0.006737,0.520136,0.472481,0.477465
519.375000,0.613772,0.007355,0.522427,0.473031,0.478448
519.843750,0.613837,0.007973,0.524700,0.473605,0.479413
520.312500,0.613861,0.008589,0.526955,0.474202,0.480359
520.781250,0.613840,0.009204,0.529190,0.474822,0.481285
521.250000,0.613772,0.009818,0.531402,0.475466,0.482191
521.718750,0.613655,0.010431,0.533589,0.476134,0.483075
522.187500,0.613486,0.011042,0.535751,0.476827,0.483938
522.656250,0.613262,0.011651,0.537885,0.477545,0.484778
523.125000,0.612981,0.012259,0.539990,0.478287,0.485596
523.593750,0.612639,0.012866,0.542063,0.479053,0.486390
524.062500,0.612234,0.013470,0.544104,0.479844,0.487161
524.531250,0.611763,0.014074,0.546110,0.480660,0.487908
525.000000,0.611223,0.014675,0.548079,0.481499,0.488630
525.468750,0.610610,0.015274,0.550011,0.482362,0.489328
525.937500,0.609921,0.015872,0.551904,0.483249,0.490000
526.406250,0.609153,0.016468,0.553755,0.484159,0.490647
526.875000,0.608303,0.017061,0.555565,0.485091,0.491268
527.343750,0.607368,0.017653,0.557331,0.486046,0.491864
527.812500,0.606345,0.018242,0.559052,0.487022,0.492433
528.281250,0.605231,0.018829,0.560727,0.488018,0.492976
528.750000,0.604022,0.019414,0.562354,0.489035,0.493493
529.218750,0.602718,0.019996,0.563933,0.490071,0.493984
529.687500,0.601314,0.020575,0.565463,0.491125,0.494448
530.156250,0.599810,0.021152,0.566941,0.492196,0.494886
530.625000,0.598202,0.021727,0.568369,0.493284,0.495298
531.093750,0.596490,0.022298,0.569744,0.494388,0.495685
531.562500,0.594672,0.022866,0.571065,0.495506,0.496045
532.031250,0.592747,0.023432,0.572333,0.496638,0.496379
532.500000,0.590717,0.023994,0.573546,0.497782,0.496689
532.968750,0.588579,0.024553,0.574704,0.498937,0.496973
533.437500,0.586337,0.025108,0.575806,0.500103,0.497233
533.906250,0.583990,0.025661,0.576853,0.501277,0.497468
534.375000,0.581542,0.026209,0.577842,0.502459,0.497680
534.843750,0.578994,0.026755,0.578775,0.503647,0.497868
535.312500,0.576351,0.027296,0.579651,0.504841,0.498034
535.781250,0.573616,0.027834,0.580470,0.506038,0.498177
536.250000,0.570794,0.028368,0.581232,0.507239,0.498299
536.718750,0.567891,0.028898,0.581937,0.508441,0.498400
537.187500,0.564913,0.029424,0.582584,0.509643,0.498481
537.656250,0.561866,0.029946,0.583175,0.510845,0.498543
538.125000,0.558758,0.030464,0.583710,0.512044,0.498587
538.593750,0.555596,0.030977,0.584188,0.513241,0.498612
539.062500,0.552389,0.031487,0.584611,0.514433,0.498621
539.531250,0.549146,0.031993,0.584978,0.515619,0.498615
540.000000,0.545876,0.032494,0.585291,0.516799,0.498593
540.468750,0.542586,0.032991,0.585550,0.517972,0.498558
540.937500,0.539287,0.033484,0.585756,0.519136,0.498510
541.406250,0.535988,0.033973,0.585909,0.520290,0.498451
541.875000,0.532697,0.034458,0.586012,0.521434,0.498381
542.343750,0.529423,0.034938,0.586063,0.522566,0.498302
542.812500,0.526176,0.035415,0.586065,0.523686,0.498214
543.281250,0.522962,0.035887,0.586019,0.524792,0.498120
543.750000,0.519790,0.036356,0.585925,0.525885,0.498020
544.218750,0.516667,0.036820,0.585785,0.526962,0.497915
544.687500,0.513598,0.037281,0.585600,0.528024,0.497806
545.156250,0.510591,0.037738,0.585370,0.529070,0.497695
545.625000,0.507650,0.038191,0.585099,0.530098,0.497583
546.093750,0.504779,0.038640,0.584786,0.531108,0.497471
546.562500,0.501981,0.039086,0.584432,0.532100,0.497360
547.031250,0.499261,0.039529,0.584040,0.533072,0.497251
547.500000,0.496618,0.039968,0.583610,0.534024,0.497146
547.968750,0.494056,0.040404,0.583143,0.534956,0.497044
548.437500,0.491574,0.040836,0.582641,0.535866,0.496948
548.906250,0.489173,0.041266,0.582105,0.536755,0.496858
549.375000,0.486852,0.041692,0.581535,0.537621,0.496776
549.843750,0.484608,0.042115,0.580934,0.538463,0.496701
550.312500,0.482441,0.042536,0.580302,0.539282,0.496635
550.781250,0.480347,0.042954,0.579641,0.540076,0.496579
551.250000,0.478324,0.043369,0.578950,0.540845,0.496533
551.718750,0.476367,0.043781,0.578232,0.541589,0.496498
552.187500,0.474473,0.044191,0.577487,0.542306,0.496475
552.656250,0.472637,0.044598,0.576716,0.542997,0.496463
553.125000,0.470856,0.045003,0.575919,0.543659,0.496464
553.593750,0.469123,0.045405,0.575098,0.544294,0.496479
554.062500,0.467434,0.045805,0.574253,0.544900,0.496506
554.531250,0.465783,0.046203,0.573384,0.545477,0.496548
555.000000,0.464164,0.046599,0.572493,0.546024,0.496603
555.468750,0.462573,0.046992,0.571580,0.546541,0.496672
555.937500,0.461003,0.047383,0.570645,0.547027,0.496755
556.406250,0.459448,0.047771,0.569689,0.547482,0.496853
556.875000,0.457902,0.048158,0.568712,0.547905,0.496965
557.343750,0.456359,0.048542,0.567713,0.548296,0.497091
557.812500,0.454813,0.048925,0.566695,0.548654,0.497231
558.281250,0.453259,0.049305,0.565655,0.548979,0.497385
558.750000,0.451691,0.049682,0.564596,0.549271,0.497552
559.218750,0.450102,0.050058,0.563516,0.549528,0.497733
559.687500,0.448486,0.050431,0.562416,0.549752,0.497926
560.156250,0.446839,0.050803,0.561295,0.549941,0.498132
560.625000,0.445154,0.051171,0.560154,0.550096,0.498351
561.093750,0.443425,0.051538,0.558993,0.550215,0.498581
561.562500,0.441647,0.051902,0.557810,0.550299,0.498821
562.031250,0.439815,0.052264,0.556606,0.550348,0.499073
562.500000,0.437924,0.052624,0.555381,0.550361,0.499334
562.968750,0.435968,0.052981,0.554134,0.550338,0.499604
563.437500,0.433942,0.053335,0.552865,0.550279,0.499883
563.906250,0.431842,0.053687,0.551573,0.550184,0.500169
564.375000,0.429663,0.054036,0.550257,0.550053,0.500462
564.843750,0.427400,0.054382,0.548918,0.549885,0.500762
565.312500,0.425048,0.054726,0.547555,0.549681,0.501066
565.781250,0.422604,0.055066,0.546167,0.549440,0.501374
566.250000,0.420064,0.055404,0.544754,0.549163,0.501686
566.718750,0.417423,0.055739,0.543314,0.548849,0.501999
567.187500,0.414678,0.056070,0.541847,0.548499,0.502314
567.656250,0.411826,0.056398,0.540353,0.548111,0.502629
568.125000,0.408864,0.056723,0.538831,0.547687,0.502944
568.593750,0.405787,0.057044,0.537279,0.547225,0.503256
569.062500,0.402594,0.057362,0.535698,0.546727,0.503565
569.531250,0.399282,0.057677,0.534086,0.546192,0.503869
570.000000,0.395849,0.057987,0.532442,0.545619,0.504168
570.468750,0.392292,0.058294,0.530766,0.545009,0.504460
570.937500,0.388610,0.058597,0.529057,0.544361,0.504745
571.406250,0.384802,0.058895,0.527314,0.543676,0.505020
571.875000,0.380867,0.059190,0.525536,0.542953,0.505285
572.343750,0.376802,0.059480,0.523722,0.542193,0.505538
572.812500,0.372609,0.059766,0.521871,0.541394,0.505778
573.281250,0.368287,0.060048,0.519983,0.540558,0.506003
573.750000,0.363835,0.060325,0.518057,0.539683,0.506213
574.218750,0.359254,0.060597,0.516092,0.538770,0.506407
574.687500,0.354545,0.060864,0.514086,0.537818,0.506582
575.156250,0.349709,0.061127,0.512040,0.536827,0.506737
575.625000,0.344747,0.061384,0.509953,0.535797,0.506872
576.093750,0.339661,0.061637,0.507823,0.534729,0.506985
576.562500,0.334453,0.061884,0.505650,0.533621,0.507074
577.031250,0.329125,0.062126,0.503433,0.532473,0.507139
577.500000,0.323680,0.062363,0.501171,0.531285,0.507177
577.968750,0.318120,0.062594,0.498865,0.530058,0.507189
578.437500,0.312450,0.062820,0.496513,0.528790,0.507172
578.906250,0.306671,0.063040,0.494114,0.527482,0.507125
579.375000,0.300789,0.063255,0.491669,0.526134,0.507048
579.843750,0.294806,0.063463,0.489177,0.524744,0.506939
580.312500,0.288728,0.063666,0.486637,0.523314,0.506796
580.781250,0.282558,0.063863,0.484049,0.521843,0.506619
581.250000,0.276301,0.064054,0.481412,0.520330,0.506407
581.718750,0.269962,0.064238,0.478727,0.518777,0.506158
582.187500,0.263546,0.064417,0.475993,0.517181,0.505872
582.656250,0.257057,0.064590,0.473210,0.515544,0.505548
583.125000,0.250501,0.064756,0.470378,0.513865,0.505184
583.593750,0.243883,0.064916,0.467497,0.512145,0.504780
584.062500,0.237208,0.065070,0.464568,0.510382,0.504336
584.531250,0.230482,0.065218,0.461589,0.508578,0.503849
585.000000,0.223710,0.065360,0.458561,0.506732,0.503320
585.468750,0.216897,0.065495,0.455485,0.504843,0.502748
585.937500,0.210048,0.065623,0.452361,0.502913,0.502133
586.406250,0.203169,0.065746,0.449190,0.500941,0.501473
586.875000,0.196266,0.065862,0.445971,0.498926,0.500768
587.343750,0.189342,0.065971,0.442705,0.496870,0.500018
587.812500,0.182404,0.066075,0.439393,0.494772,0.499222
588.281250,0.175456,0.066172,0.436035,0.492632,0.498381
588.750000,0.168504,0.066262,0.432633,0.490451,0.497493
589.218750,0.161551,0.066347,0.429186,0.488228,0.496560
589.687500,0.154602,0.066425,0.425696,0.485964,0.495579
590.156250,0.147662,0.066496,0.422164,0.483659,0.494553
590.625000,0.140736,0.066562,0.418590,0.481313,0.493479
591.093750,0.133826,0.066621,0.414975,0.478926,0.492359
591.562500,0.126938,0.066674,0.411321,0.476499,0.491193
592.031250,0.120075,0.066721,0.407628,0.474031,0.489981
592.500000,0.113241,0.066762,0.403898,0.471523,0.488722
592.968750,0.106439,0.066797,0.400131,0.468975,0.487418
593.437500,0.099672,0.066826,0.396329,0.466388,0.486068
593.906250,0.092944,0.066849,0.392493,0.463761,0.484673
594.375000,0.086257,0.066866,0.388623,0.461096,0.483233
594.843750,0.079614,0.066877,0.384722,0.458392,0.481749
595.312500,0.073018,0.066882,0.380790,0.455650,0.480220
595.781250,0.066472,0.066882,0.376828,0.452870,0.478649
596.250000,0.059977,0.066876,0.372837,0.450052,0.477034
596.718750,0.053536,0.066864,0.368819,0.447197,0.475378
597.187500,0.047151,0.066847,0.364774,0.444305,0.473679
597.656250,0.040823,0.066825,0.360703,0.441376,0.471939
598.125000,0.034555,0.066796,0.356608,0.438412,0.470159
598.593750,0.028348,0.066763,0.352488,0.435412,0.468338
599.062500,0.022204,0.066724,0.348346,0.432376,0.466479
599.531250,0.016124,0.066680,0.344182,0.429306,0.464580
600.000000,0.010110,0.066631,0.339996,0.426201,0.462644
600.468750,0.004162,0.066577,0.335790,0.423062,0.460670
600.937500,-0.001717,0.066518,0.331563,0.419890,0.458660
601.406250,-0.007527,0.066454,0.327317,0.416684,0.456613
601.875000,-0.013266,0.066385,0.323052,0.413446,0.454532
602.343750,-0.018934,0.066311,0.318768,0.410176,0.452415
602.812500,-0.024530,0.066233,0.314465,0.406874,0.450265
603.281250,-0.030052,0.066150,0.310145,0.403540,0.448082
603.750000,-0.035499,0.066063,0.305807,0.400176,0.445866
604.218750,-0.040870,0.065971,0.301451,0.396782,0.443618
604.687500,-0.046165,0.065874,0.297078,0.393358,0.441339
605.156250,-0.051382,0.065773,0.292688,0.389905,0.439029
605.625000,-0.056520,0.065668,0.288280,0.386423,0.436689
606.093750,-0.061579,0.065559,0.283855,0.382914,0.434320
606.562500,-0.066557,0.065446,0.279414,0.379376,0.431923
607.031250,-0.071452,0.065329,0.274955,0.375812,0.429497
607.500000,-0.076265,0.065208,0.270479,0.372221,0.427044
607.968750,-0.080992,0.065083,0.265987,0.368605,0.424565
608.437500,-0.085635,0.064954,0.261477,0.364964,0.422059
608.906250,-0.090190,0.064822,0.256951,0.361298,0.419528
609.375000,-0.094657,0.064686,0.252408,0.357608,0.416972
609.843750,-0.099034,0.064546,0.247848,0.353895,0.414391
610.312500,-0.103320,0.064403,0.243272,0.350160,0.411787
610.781250,-0.107513,0.064257,0.238679,0.346403,0.409160
611.250000,-0.111612,0.064108,0.234070,0.342625,0.406510
611.718750,-0.115615,0.063955,0.229446,0.338826,0.403839
612.187500,-0.119520,0.063800,0.224805,0.335009,0.401146
612.656250,-0.123325,0.063641,0.220149,0.331172,0.398432
613.125000,-0.127028,0.063480,0.215478,0.327318,0.395699
613.593750,-0.130629,0.063315,0.210793,0.323447,0.392945
614.062500,-0.134123,0.063148,0.206093,0.319560,0.390173
614.531250,-0.137511,0.062979,0.201380,0.315657,0.387382
615.000000,-0.140788,0.062807,0.196653,0.311740,0.384573
615.468750,-0.143954,0.062633,0.191915,0.307810,0.381748
615.937500,-0.147006,0.062456,0.187165,0.303868,0.378905
616.406250,-0.149942,0.062277,0.182404,0.299914,0.376046
616.875000,-0.152760,0.062096,0.177633,0.295951,0.373172
617.343750,-0.155457,0.061914,0.172853,0.291978,0.370283
617.812500,-0.158031,0.061729,0.168066,0.287996,0.367380
618.281250,-0.160480,0.061543,0.163271,0.284008,0.364463
618.750000,-0.162801,0.061354,0.158470,0.280014,0.361533
619.218750,-0.164993,0.061165,0.153665,0.276016,0.358590
619.687500,-0.167053,0.060974,0.148856,0.272014,0.355636
620.156250,-0.168979,0.060782,0.144045,0.268010,0.352670
620.625000,-0.170769,0.060588,0.139233,0.264005,0.349694
621.093750,-0.172421,0.060394,0.134421,0.260000,0.346707
621.562500,-0.173933,0.060198,0.129612,0.255997,0.343711
622.031250,-0.175303,0.060002,0.124807,0.251997,0.340706
622.500000,-0.176531,0.059805,0.120006,0.248001,0.337694
622.968750,-0.177613,0.059608,0.115213,0.244010,0.334673
623.437500,-0.178550,0.059410,0.110427,0.240026,0.331646
623.906250,-0.179340,0.059211,0.105653,0.236051,0.328613
624.375000,-0.179982,0.059013,0.100890,0.232084,0.325574
624.843750,-0.180476,0.058814,0.096141,0.228129,0.322530
625.312500,-0.180821,0.058616,0.091407,0.224185,0.319481
625.781250,-0.181018,0.058417,0.086692,0.220255,0.316429
626.250000,-0.181068,0.058219,0.081995,0.216339,0.313374
626.718750,-0.180970,0.058022,0.077320,0.212439,0.310317
627.187500,-0.180725,0.057824,0.072669,0.208555,0.307258
627.656250,-0.180337,0.057628,0.068042,0.204689,0.304198
628.125000,-0.179805,0.057432,0.063443,0.200843,0.301137
628.593750,-0.179134,0.057237,0.058874,0.197016,0.298076
629.062500,-0.178325,0.057043,0.054335,0.193210,0.295016
629.531250,-0.177382,0.056851,0.049830,0.189426,0.291958
630.000000,-0.176308,0.056659,0.045360,0.185665,0.288901
630.468750,-0.175109,0.056469,0.040927,0.181927,0.285847
630.937500,-0.173789,0.056280,0.036534,0.178213,0.282795
631.406250,-0.172352,0.056092,0.032181,0.174524,0.279747
631.875000,-0.170806,0.055907,0.027871,0.170860,0.276703
632.343750,-0.169156,0.055722,0.023606,0.167221,0.273664
632.812500,-0.167409,0.055540,0.019387,0.163609,0.270629
633.281250,-0.165573,0.055359,0.015216,0.160023,0.267600
633.750000,-0.163654,0.055181,0.011095,0.156463,0.264576
634.218750,-0.161663,0.055004,0.007025,0.152930,0.261559
634.687500,-0.159607,0.054829,0.003008,0.149424,0.258547
635.156250,-0.157495,0.054656,-0.000954,0.145944,0.255543
635.625000,-0.155337,0.054485,-0.004861,0.142491,0.252546
636.093750,-0.153144,0.054316,-0.008711,0.139064,0.249556
636.562500,-0.150925,0.054149,-0.012503,0.135664,0.246573
637.031250,-0.148691,0.053985,-0.016236,0.132289,0.243598
637.500000,-0.146453,0.053822,-0.019909,0.128940,0.240631
637.968750,-0.144222,0.053662,-0.023521,0.125615,0.237672
638.437500,-0.142009,0.053503,-0.027071,0.122315,0.234721
638.906250,-0.139826,0.053347,-0.030560,0.119039,0.231777
639.375000,-0.137686,0.053193,-0.033985,0.115787,0.228842
639.843750,-0.135598,0.053040,-0.037348,0.112556,0.225914
640.312500,-0.133576,0.052889,-0.040647,0.109348,0.222995
640.781250,-0.131631,0.052741,-0.043883,0.106161,0.220083
641.250000,-0.129775,0.052594,-0.047055,0.102993,0.217178
641.718750,-0.128019,0.052448,-0.050165,0.099846,0.214281
642.187500,-0.126375,0.052304,-0.053211,0.096716,0.211391
642.656250,-0.124854,0.052162,-0.056195,0.093604,0.208508
643.125000,-0.123468,0.052021,-0.059116,0.090509,0.205631
643.593750,-0.122226,0.051881,-0.061976,0.087429,0.202761
644.062500,-0.121141,0.051742,-0.064776,0.084363,0.199896
644.531250,-0.120221,0.051604,-0.067516,0.081311,0.197036
645.000000,-0.119477,0.051467,-0.070197,0.078271,0.194182
645.468750,-0.118918,0.051331,-0.072821,0.075243,0.191332
645.937500,-0.118553,0.051195,-0.075388,0.072224,0.188487
646.406250,-0.118391,0.051060,-0.077900,0.069215,0.185645
646.875000,-0.118439,0.050925,-0.080359,0.066213,0.182806
647.343750,-0.118704,0.050789,-0.082765,0.063218,0.179970
647.812500,-0.119194,0.050654,-0.085121,0.060228,0.177136
648.281250,-0.119915,0.050518,-0.087429,0.057243,0.174303
648.750000,-0.120872,0.050382,-0.089690,0.054261,0.171471
649.218750,-0.122069,0.050245,-0.091906,0.051281,0.168640
649.687500,-0.123512,0.050107,-0.094078,0.048302,0.165809
650.156250,-0.125203,0.049967,-0.096210,0.045322,0.162977
650.625000,-0.127146,0.049827,-0.098303,0.042341,0.160143
651.093750,-0.129342,0.049685,-0.100359,0.039358,0.157308
651.562500,-0.131792,0.049541,-0.102380,0.036372,0.154470
652.031250,-0.134496,0.049396,-0.104369,0.033380,0.151630
652.500000,-0.137456,0.049248,-0.106328,0.030384,0.148785
652.968750,-0.140669,0.049098,-0.108258,0.027380,0.145937
653.437500,-0.144134,0.048946,-0.110163,0.024370,0.143083
653.906250,-0.147848,0.048790,-0.112044,0.021350,0.140224
654.375000,-0.151808,0.048632,-0.113904,0.018322,0.137360
654.843750,-0.156010,0.048471,-0.115745,0.015283,0.134489
655.312500,-0.160449,0.048307,-0.117569,0.012234,0.131611
655.781250,-0.165120,0.048139,-0.119378,0.009173,0.128725
656.250000,-0.170017,0.047968,-0.121175,0.006099,0.125831
656.718750,-0.175133,0.047792,-0.122961,0.003013,0.122929
657.187500,-0.180461,0.047613,-0.124740,-0.000087,0.120017
657.656250,-0.185993,0.047430,-0.126512,-0.003200,0.117096
658.125000,-0.191721,0.047243,-0.128279,-0.006328,0.114164
658.593750,-0.197637,0.047051,-0.130045,-0.009471,0.111222
659.062500,-0.203731,0.046855,-0.131810,-0.012629,0.108268
659.531250,-0.209993,0.046655,-0.133577,-0.015802,0.105303
660.000000,-0.216414,0.046449,-0.135346,-0.018991,0.102325
660.468750,-0.222984,0.046239,-0.137121,-0.022196,0.099335
660.937500,-0.229692,0.046024,-0.138902,-0.025416,0.096331
661.406250,-0.236528,0.045804,-0.140691,-0.028652,0.093313
661.875000,-0.243482,0.045579,-0.142489,-0.031904,0.090281
662.343750,-0.250542,0.045349,-0.144299,-0.035171,0.087234
662.812500,-0.257698,0.045113,-0.146121,-0.038454,0.084172
663.281250,-0.264940,0.044872,-0.147956,-0.041752,0.081095
663.750000,-0.272257,0.044626,-0.149805,-0.045065,0.078001
664.218750,-0.279638,0.044375,-0.151671,-0.048393,0.074890
664.687500,-0.287074,0.044118,-0.153553,-0.051735,0.071763
665.156250,-0.294553,0.043856,-0.155453,-0.055090,0.068618
665.625000,-0.302068,0.043589,-0.157371,-0.058459,0.065455
666.093750,-0.309607,0.043316,-0.159309,-0.061841,0.062273
666.562500,-0.317162,0.043037,-0.161266,-0.065234,0.059074
667.031250,-0.324724,0.042754,-0.163245,-0.068640,0.055855
667.500000,-0.332284,0.042464,-0.165245,-0.072056,0.052617
667.968750,-0.339834,0.042170,-0.167267,-0.075483,0.049360
668.437500,-0.347367,0.041870,-0.169312,-0.078920,0.046082
668.906250,-0.354875,0.041565,-0.171380,-0.082365,0.042785
669.375000,-0.362350,0.041254,-0.173471,-0.085819,0.039468
669.843750,-0.369787,0.040939,-0.175587,-0.089281,0.036131
670.312500,-0.377179,0.040618,-0.177726,-0.092749,0.032773
670.781250,-0.384520,0.040292,-0.179890,-0.096223,0.029394
671.250000,-0.391804,0.039961,-0.182079,-0.099703,0.025996
671.718750,-0.399027,0.039625,-0.184294,-0.103187,0.022576
672.187500,-0.406184,0.039283,-0.186533,-0.106675,0.019136
672.656250,-0.413271,0.038937,-0.188798,-0.110167,0.015675
673.125000,-0.420282,0.038587,-0.191089,-0.113660,0.012194
673.593750,-0.427216,0.038231,-0.193406,-0.117156,0.008693
674.062500,-0.434067,0.037871,-0.195750,-0.120652,0.005172
674.531250,-0.440833,0.037506,-0.198119,-0.124148,0.001630
675.000000,-0.447512,0.037137,-0.200516,-0.127644,-0.001931
675.468750,-0.454099,0.036763,-0.202939,-0.131139,-0.005512
675.937500,-0.460593,0.036384,-0.205389,-0.134632,-0.009112
676.406250,-0.466992,0.036002,-0.207866,-0.138122,-0.012731
676.875000,-0.473293,0.035615,-0.210370,-0.141610,-0.016368
677.343750,-0.479493,0.035224,-0.212901,-0.145093,-0.020024
677.812500,-0.485592,0.034830,-0.215460,-0.148572,-0.023697
678.281250,-0.491587,0.034431,-0.218047,-0.152047,-0.027388
678.750000,-0.497476,0.034028,-0.220662,-0.155515,-0.031096
679.218750,-0.503257,0.033622,-0.223304,-0.158978,-0.034820
679.687500,-0.508930,0.033212,-0.225975,-0.162434,-0.038560
680.156250,-0.514491,0.032798,-0.228675,-0.165882,-0.042315
680.625000,-0.519939,0.032381,-0.231403,-0.169323,-0.046085
681.093750,-0.525272,0.031960,-0.234159,-0.172756,-0.049869
681.562500,-0.530488,0.031536,-0.236945,-0.176180,-0.053666
682.031250,-0.535586,0.031109,-0.239760,-0.179595,-0.057476
682.500000,-0.540563,0.030679,-0.242604,-0.183000,-0.061299
682.968750,-0.545417,0.030246,-0.245477,-0.186395,-0.065132
683.437500,-0.550145,0.029810,-0.248380,-0.189780,-0.068976
683.906250,-0.554745,0.029371,-0.251313,-0.193153,-0.072830
684.375000,-0.559214,0.028930,-0.254276,-0.196515,-0.076693
684.843750,-0.563550,0.028485,-0.257268,-0.199865,-0.080564
685.312500,-0.567750,0.028039,-0.260291,-0.203202,-0.084442
685.781250,-0.571810,0.027590,-0.263344,-0.206527,-0.088326
686.250000,-0.575727,0.027139,-0.266428,-0.209838,-0.092216
686.718750,-0.579498,0.026685,-0.269541,-0.213135,-0.096110
687.187500,-0.583119,0.026230,-0.272685,-0.216417,-0.100008
687.656250,-0.586586,0.025772,-0.275859,-0.219685,-0.103908
688.125000,-0.589895,0.025313,-0.279063,-0.222937,-0.107810
688.593750,-0.593042,0.024853,-0.282296,-0.226174,-0.111711
689.062500,-0.596022,0.024390,-0.285559,-0.229394,-0.115612
689.531250,-0.598831,0.023927,-0.288852,-0.232597,-0.119511
690.000000,-0.601464,0.023462,-0.292174,-0.235782,-0.123407
690.468750,-0.603917,0.022995,-0.295524,-0.238949,-0.127298
690.937500,-0.606183,0.022528,-0.298902,-0.242097,-0.131184
691.406250,-0.608258,0.022060,-0.302307,-0.245226,-0.135063
691.875000,-0.610136,0.021592,-0.305739,-0.248335,-0.138934
692.343750,-0.611813,0.021123,-0.309198,-0.251423,-0.142796
692.812500,-0.613282,0.020653,-0.312681,-0.254489,-0.146647
693.281250,-0.614537,0.020183,-0.316189,-0.257533,-0.150486
693.750000,-0.615573,0.019713,-0.319719,-0.260554,-0.154312
694.218750,-0.616384,0.019244,-0.323272,-0.263552,-0.158123
694.687500,-0.616964,0.018774,-0.326845,-0.266525,-0.161918
695.156250,-0.617307,0.018305,-0.330437,-0.269472,-0.165696
695.625000,-0.617407,0.017836,-0.334047,-0.272394,-0.169454
696.093750,-0.617259,0.017369,-0.337673,-0.275288,-0.173192
696.562500,-0.616857,0.016902,-0.341313,-0.278154,-0.176908
697.031250,-0.616194,0.016437,-0.344965,-0.280991,-0.180601
697.500000,-0.615267,0.015972,-0.348628,-0.283798,-0.184268
697.968750,-0.614068,0.015510,-0.352299,-0.286575,-0.187910
698.437500,-0.612594,0.015049,-0.355975,-0.289319,-0.191523
698.906250,-0.610839,0.014590,-0.359655,-0.292031,-0.195107
699.375000,-0.608799,0.014133,-0.363335,-0.294709,-0.198660
699.843750,-0.606470,0.013679,-0.367014,-0.297352,-0.202181
700.312500,-0.603847,0.013227,-0.370688,-0.299959,-0.205668
700.781250,-0.600927,0.012778,-0.374355,-0.302529,-0.209119
701.250000,-0.597708,0.012333,-0.378010,-0.305060,-0.212533
701.718750,-0.594187,0.011890,-0.381652,-0.307553,-0.215908
702.187500,-0.590362,0.011451,-0.385277,-0.310005,-0.219244
702.656250,-0.586231,0.011015,-0.388882,-0.312416,-0.222538
703.125000,-0.581795,0.010583,-0.392462,-0.314785,-0.225789
703.593750,-0.577053,0.010155,-0.396016,-0.317110,-0.228996
704.062500,-0.572006,0.009732,-0.399538,-0.319391,-0.232157
704.531250,-0.566654,0.009313,-0.403026,-0.321626,-0.235271
705.000000,-0.561001,0.008899,-0.406475,-0.323814,-0.238336
705.468750,-0.555049,0.008490,-0.409882,-0.325955,-0.241352
705.937500,-0.548803,0.008086,-0.413244,-0.328048,-0.244316
706.406250,-0.542266,0.007687,-0.416555,-0.330092,-0.247228
706.875000,-0.535444,0.007294,-0.419813,-0.332085,-0.250086
707.343750,-0.528343,0.006906,-0.423013,-0.334027,-0.252889
707.812500,-0.520972,0.006524,-0.426152,-0.335917,-0.255637
708.281250,-0.513337,0.006149,-0.429226,-0.337755,-0.258327
708.750000,-0.505447,0.005779,-0.432230,-0.339539,-0.260960
709.218750,-0.497312,0.005416,-0.435162,-0.341270,-0.263534
709.687500,-0.488943,0.005060,-0.438017,-0.342947,-0.266048
710.156250,-0.480350,0.004710,-0.440792,-0.344569,-0.268501
710.625000,-0.471546,0.004367,-0.443482,-0.346135,-0.270893
711.093750,-0.462543,0.004031,-0.446085,-0.347646,-0.273222
711.562500,-0.453353,0.003703,-0.448598,-0.349101,-0.275489
712.031250,-0.443992,0.003381,-0.451015,-0.350501,-0.277692
712.500000,-0.434473,0.003067,-0.453336,-0.351844,-0.279832
712.968750,-0.424810,0.002760,-0.455556,-0.353132,-0.281907
713.437500,-0.415019,0.002460,-0.457672,-0.354363,-0.283917
713.906250,-0.405115,0.002168,-0.459682,-0.355539,-0.285863
714.375000,-0.395114,0.001884,-0.461583,-0.356660,-0.287743
714.843750,-0.385032,0.001607,-0.463372,-0.357725,-0.289558
715.312500,-0.374883,0.001338,-0.465047,-0.358736,-0.291308
715.781250,-0.364685,0.001077,-0.466606,-0.359693,-0.292992
716.250000,-0.354453,0.000823,-0.468047,-0.360596,-0.294611
716.718750,-0.344202,0.000577,-0.469368,-0.361446,-0.296165
717.187500,-0.333949,0.000338,-0.470567,-0.362244,-0.297653
717.656250,-0.323708,0.000107,-0.471643,-0.362991,-0.299077
718.125000,-0.313493,-0.000116,-0.472594,-0.363687,-0.300437
718.593750,-0.303320,-0.000331,-0.473420,-0.364334,-0.301732
719.062500,-0.293203,-0.000540,-0.474119,-0.364932,-0.302965
719.531250,-0.283154,-0.000740,-0.474691,-0.365483,-0.304134
720.000000,-0.273187,-0.000934,-0.475134,-0.365987,-0.305240
720.468750,-0.263314,-0.001120,-0.475449,-0.366447,-0.306285
720.937500,-0.253547,-0.001299,-0.475636,-0.366862,-0.307269
721.406250,-0.243896,-0.001470,-0.475693,-0.367235,-0.308192
721.875000,-0.234372,-0.001635,-0.475622,-0.367566,-0.309056
722.343750,-0.224984,-0.001793,-0.475422,-0.367857,-0.309861
722.812500,-0.215741,-0.001944,-0.475095,-0.368108,-0.310608
723.281250,-0.206650,-0.002089,-0.474639,-0.368322,-0.311297
723.750000,-0.197720,-0.002227,-0.474057,-0.368500,-0.311931
724.218750,-0.188956,-0.002359,-0.473348,-0.368642,-0.312510
724.687500,-0.180364,-0.002484,-0.472515,-0.368750,-0.313034
725.156250,-0.171949,-0.002604,-0.471557,-0.368825,-0.313505
725.625000,-0.163715,-0.002717,-0.470476,-0.368869,-0.313923
726.093750,-0.155666,-0.002824,-0.469273,-0.368882,-0.314291
726.562500,-0.147803,-0.002926,-0.467950,-0.368866,-0.314608
727.031250,-0.140129,-0.003023,-0.466508,-0.368821,-0.314877
727.500000,-0.132646,-0.003114,-0.464948,-0.368749,-0.315097
727.968750,-0.125354,-0.003199,-0.463273,-0.368651,-0.315270
728.437500,-0.118253,-0.003280,-0.461483,-0.368527,-0.315398
728.906250,-0.111343,-0.003356,-0.459580,-0.368379,-0.315480
729.375000,-0.104622,-0.003427,-0.457567,-0.368207,-0.315519
729.843750,-0.098089,-0.003493,-0.455444,-0.368011,-0.315515
730.312500,-0.091742,-0.003554,-0.453214,-0.367794,-0.315470
730.781250,-0.085579,-0.003612,-0.450879,-0.367554,-0.315385
731.250000,-0.079596,-0.003665,-0.448440,-0.367292,-0.315259
731.718750,-0.073790,-0.003714,-0.445899,-0.367010,-0.315096
732.187500,-0.068157,-0.003759,-0.443258,-0.366707,-0.314895
732.656250,-0.062695,-0.003800,-0.440519,-0.366383,-0.314659
733.125000,-0.057397,-0.003837,-0.437684,-0.366039,-0.314387
733.593750,-0.052261,-0.003871,-0.434755,-0.365674,-0.314081
734.062500,-0.047281,-0.003901,-0.431733,-0.365290,-0.313741
734.531250,-0.042453,-0.003928,-0.428620,-0.364885,-0.313370
735.000000,-0.037771,-0.003951,-0.425419,-0.364459,-0.312968
735.468750,-0.033231,-0.003971,-0.422131,-0.364013,-0.312535
735.937500,-0.028826,-0.003989,-0.418758,-0.363546,-0.312073
736.406250,-0.024553,-0.004003,-0.415302,-0.363057,-0.311584
736.875000,-0.020405,-0.004014,-0.411763,-0.362546,-0.311067
737.343750,-0.016377,-0.004023,-0.408145,-0.362013,-0.310523
737.812500,-0.012464,-0.004028,-0.404449,-0.361457,-0.309955
738.281250,-0.008660,-0.004032,-0.400676,-0.360878,-0.309362
738.750000,-0.004959,-0.004032,-0.396828,-0.360274,-0.308745
739.218750,-0.001358,-0.004030,-0.392907,-0.359646,-0.308106
739.687500,0.002151,-0.004026,-0.388914,-0.358991,-0.307445
740.156250,0.005572,-0.004020,-0.384851,-0.358310,-0.306763
740.625000,0.008910,-0.004011,-0.380720,-0.357601,-0.306061
741.093750,0.012170,-0.004000,-0.376521,-0.356864,-0.305340
741.562500,0.015358,-0.003986,-0.372257,-0.356098,-0.304601
742.031250,0.018479,-0.003971,-0.367928,-0.355301,-0.303844
742.500000,0.021537,-0.003953,-0.363537,-0.354473,-0.303070
742.968750,0.024537,-0.003934,-0.359084,-0.353613,-0.302280
743.437500,0.027484,-0.003912,-0.354571,-0.352719,-0.301476
743.906250,0.030382,-0.003889,-0.350000,-0.351790,-0.300656
744.375000,0.033235,-0.003863,-0.345371,-0.350827,-0.299823
744.843750,0.036049,-0.003836,-0.340687,-0.349826,-0.298978
745.312500,0.038827,-0.003807,-0.335948,-0.348788,-0.298120
745.781250,0.041573,-0.003776,-0.331156,-0.347712,-0.297250
746.250000,0.044292,-0.003743,-0.326312,-0.346596,-0.296370
746.718750,0.046986,-0.003709,-0.321418,-0.345439,-0.295479
747.187500,0.049661,-0.003672,-0.316474,-0.344240,-0.294579
747.656250,0.052318,-0.003634,-0.311483,-0.342999,-0.293671
748.125000,0.054962,-0.003594,-0.306445,-0.341714,-0.292754
748.593750,0.057597,-0.003552,-0.301362,-0.340385,-0.291829
749.062500,0.060225,-0.003509,-0.296235,-0.339010,-0.290897
749.531250,0.062849,-0.003464,-0.291065,-0.337589,-0.289959
750.000000,0.065473,-0.003417,-0.285855,-0.336121,-0.289014
750.468750,0.068100,-0.003369,-0.280605,-0.334605,-0.288064
750.937500,0.070732,-0.003318,-0.275316,-0.333040,-0.287109
751.406250,0.073371,-0.003267,-0.269991,-0.331426,-0.286149
751.875000,0.076022,-0.003213,-0.264630,-0.329762,-0.285185
752.343750,0.078685,-0.003157,-0.259236,-0.328047,-0.284217
752.812500,0.081364,-0.003100,-0.253809,-0.326281,-0.283245
753.281250,0.084061,-0.003041,-0.248351,-0.324464,-0.282270
753.750000,0.086778,-0.002981,-0.242864,-0.322594,-0.281292
754.218750,0.089518,-0.002918,-0.237349,-0.320671,-0.280311
754.687500,0.092282,-0.002854,-0.231808,-0.318695,-0.279327
755.156250,0.095072,-0.002788,-0.226243,-0.316666,-0.278340
755.625000,0.097891,-0.002720,-0.220655,-0.314583,-0.277351
756.093750,0.100740,-0.002651,-0.215045,-0.312446,-0.276359
756.562500,0.103622,-0.002579,-0.209416,-0.310254,-0.275365
757.031250,0.106537,-0.002506,-0.203770,-0.308008,-0.274368
757.500000,0.109488,-0.002431,-0.198108,-0.305707,-0.273368
757.968750,0.112477,-0.002354,-0.192432,-0.303351,-0.272365
758.437500,0.115504,-0.002275,-0.186744,-0.300940,-0.271359
758.906250,0.118572,-0.002194,-0.181045,-0.298474,-0.270350
759.375000,0.121682,-0.002111,-0.175338,-0.295953,-0.269337
759.843750,0.124836,-0.002026,-0.169625,-0.293377,-0.268320
760.312500,0.128035,-0.001939,-0.163907,-0.290746,-0.267298
760.781250,0.131280,-0.001850,-0.158187,-0.288060,-0.266271
761.250000,0.134573,-0.001758,-0.152466,-0.285318,-0.265238
761.718750,0.137915,-0.001665,-0.146746,-0.282521,-0.264199
762.187500,0.141307,-0.001570,-0.141030,-0.279670,-0.263154
762.656250,0.144751,-0.001472,-0.135319,-0.276764,-0.262100
763.125000,0.148249,-0.001373,-0.129616,-0.273802,-0.261039
763.593750,0.151800,-0.001271,-0.123922,-0.270787,-0.259969
764.062500,0.155407,-0.001166,-0.118239,-0.267717,-0.258888
764.531250,0.159071,-0.001060,-0.112569,-0.264592,-0.257797
765.000000,0.162793,-0.000951,-0.106914,-0.261413,-0.256695
765.468750,0.166573,-0.000840,-0.101277,-0.258181,-0.255580
765.937500,0.170414,-0.000726,-0.095658,-0.254894,-0.254451
766.406250,0.174316,-0.000610,-0.090059,-0.251554,-0.253307
766.875000,0.178281,-0.000491,-0.084483,-0.248160,-0.252148
767.343750,0.182308,-0.000370,-0.078932,-0.244714,-0.250972
767.812500,0.186401,-0.000247,-0.073405,-0.241214,-0.249779
768.281250,0.190559,-0.000121,-0.067906,-0.237661,-0.248566
768.750000,0.194784,0.000008,-0.062435,-0.234055,-0.247333
769.218750,0.199077,0.000140,-0.056995,-0.230397,-0.246078
769.687500,0.203438,0.000274,-0.051586,-0.226687,-0.244801
770.156250,0.207869,0.000411,-0.046209,-0.222925,-0.243500
770.625000,0.212371,0.000551,-0.040866,-0.219111,-0.242174
771.093750,0.216944,0.000693,-0.035557,-0.215245,-0.240821
771.562500,0.221590,0.000839,-0.030284,-0.211328,-0.239441
772.031250,0.226310,0.000987,-0.025048,-0.207360,-0.238032
772.500000,0.231104,0.001138,-0.019848,-0.203341,-0.236592
772.968750,0.235973,0.001293,-0.014685,-0.199271,-0.235121
773.437500,0.240919,0.001450,-0.009561,-0.195151,-0.233616
773.906250,0.245941,0.001610,-0.004475,-0.190980,-0.232078
774.375000,0.251041,0.001774,0.000574,-0.186760,-0.230505
774.843750,0.256220,0.001941,0.005583,-0.182491,-0.228894
775.312500,0.261477,0.002111,0.010555,-0.178172,-0.227246
775.781250,0.266815,0.002284,0.015488,-0.173804,-0.225559
776.250000,0.272232,0.002460,0.020384,-0.169388,-0.223831
776.718750,0.277731,0.002640,0.025243,-0.164923,-0.222062
777.187500,0.283311,0.002824,0.030066,-0.160410,-0.220251
777.656250,0.288972,0.003010,0.034852,-0.155850,-0.218395
778.125000,0.294715,0.003201,0.039604,-0.151243,-0.216495
778.593750,0.300541,0.003394,0.044322,-0.146589,-0.214549
779.062500,0.306449,0.003592,0.049006,-0.141888,-0.212556
779.531250,0.312439,0.003793,0.053659,-0.137142,-0.210516
780.000000,0.318512,0.003998,0.058282,-0.132350,-0.208426
780.468750,0.324667,0.004206,0.062876,-0.127514,-0.206287
780.937500,0.330904,0.004419,0.067442,-0.122633,-0.204097
781.406250,0.337222,0.004635,0.071982,-0.117709,-0.201856
781.875000,0.343622,0.004855,0.076497,-0.112742,-0.199562
782.343750,0.350101,0.005079,0.080990,-0.107732,-0.197216
782.812500,0.356660,0.005306,0.085462,-0.102680,-0.194816
783.281250,0.363297,0.005538,0.089915,-0.097587,-0.192362
783.750000,0.370011,0.005774,0.094350,-0.092454,-0.189853
784.218750,0.376800,0.006014,0.098770,-0.087281,-0.187289
784.687500,0.383664,0.006258,0.103176,-0.082069,-0.184669
785.156250,0.390599,0.006507,0.107571,-0.076820,-0.181993
785.625000,0.397604,0.006759,0.111957,-0.071533,-0.179260
786.093750,0.404677,0.007016,0.116334,-0.066211,-0.176470
786.562500,0.411815,0.007277,0.120706,-0.060853,-0.173622
787.031250,0.419015,0.007542,0.125075,-0.055461,-0.170717
787.500000,0.426274,0.007812,0.129441,-0.050037,-0.167754
787.968750,0.433588,0.008086,0.133808,-0.044580,-0.164732
788.437500,0.440954,0.008364,0.138177,-0.039093,-0.161653
788.906250,0.448367,0.008647,0.142550,-0.033576,-0.158515
789.375000,0.455823,0.008934,0.146928,-0.028031,-0.155319
789.843750,0.463318,0.009226,0.151314,-0.022459,-0.152065
790.312500,0.470845,0.009522,0.155709,-0.016862,-0.148752
790.781250,0.478400,0.009822,0.160115,-0.011240,-0.145382
791.250000,0.485977,0.010127,0.164534,-0.005596,-0.141953
791.718750,0.493569,0.010437,0.168966,0.000069,-0.138466
792.187500,0.501170,0.010751,0.173414,0.005754,-0.134922
792.656250,0.508773,0.011069,0.177879,0.011457,-0.131320
793.125000,0.516371,0.011392,0.182361,0.017177,-0.127661
793.593750,0.523955,0.011719,0.186863,0.022911,-0.123946
794.062500,0.531520,0.012051,0.191385,0.028659,-0.120174
794.531250,0.539055,0.012387,0.195928,0.034418,-0.116346
795.000000,0.546554,0.012728,0.200493,0.040186,-0.112463
795.468750,0.554007,0.013072,0.205081,0.045963,-0.108525
795.937500,0.561406,0.013421,0.209692,0.051745,-0.104533
796.406250,0.568741,0.013775,0.214327,0.057531,-0.100487
796.875000,0.576004,0.014132,0.218987,0.063320,-0.096388
797.343750,0.583186,0.014494,0.223671,0.069109,-0.092237
797.812500,0.590277,0.014859,0.228380,0.074897,-0.088035
798.281250,0.597269,0.015229,0.233113,0.080682,-0.083781
798.750000,0.604152,0.015602,0.237872,0.086461,-0.079478
799.218750,0.610919,0.015980,0.242655,0.092233,-0.075126
799.687500,0.617561,0.016361,0.247463,0.097996,-0.070726
800.156250,0.624069,0.016745,0.252295,0.103748,-0.066278
800.625000,0.630437,0.017133,0.257151,0.109488,-0.061784
801.093750,0.636657,0.017525,0.262030,0.115213,-0.057246
801.562500,0.642721,0.017920,0.266931,0.120921,-0.052663
802.031250,0.648625,0.018318,0.271854,0.126612,-0.048037
802.500000,0.654362,0.018719,0.276798,0.132283,-0.043369
802.968750,0.659927,0.019124,0.281762,0.137933,-0.038661
803.437500,0.665316,0.019531,0.286745,0.143559,-0.033913
803.906250,0.670526,0.019941,0.291746,0.149162,-0.029127
804.375000,0.675553,0.020353,0.296764,0.154738,-0.024303
804.843750,0.680396,0.020768,0.301798,0.160287,-0.019444
805.312500,0.685054,0.021186,0.306847,0.165808,-0.014551
805.781250,0.689525,0.021606,0.311909,0.171298,-0.009623
806.250000,0.693811,0.022028,0.316983,0.176758,-0.004664
806.718750,0.697912,0.022452,0.322069,0.182186,0.000326
807.187500,0.701830,0.022878,0.327164,0.187580,0.005345
807.656250,0.705567,0.023305,0.332267,0.192941,0.010392
808.125000,0.709126,0.023735,0.337378,0.198267,0.015467
808.593750,0.712511,0.024166,0.342495,0.203558,0.020566
809.062500,0.715726,0.024598,0.347616,0.208813,0.025690
809.531250,0.718776,0.025032,0.352740,0.214031,0.030837
810.000000,0.721665,0.025467,0.357867,0.219213,0.036006
810.468750,0.724400,0.025904,0.362994,0.224357,0.041195
810.937500,0.726986,0.026341,0.368121,0.229464,0.046402
811.406250,0.729431,0.026779,0.373246,0.234534,0.051628
811.875000,0.731739,0.027219,0.378369,0.239565,0.056869
812.343750,0.733919,0.027659,0.383488,0.244560,0.062126
812.812500,0.735976,0.028099,0.388602,0.249517,0.067397
813.281250,0.737917,0.028541,0.393711,0.254436,0.072680
813.750000,0.739748,0.028983,0.398812,0.259319,0.077974
814.218750,0.741477,0.029425,0.403905,0.264165,0.083278
814.687500,0.743110,0.029868,0.408990,0.268975,0.088591
815.156250,0.744654,0.030312,0.414065,0.273749,0.093911
815.625000,0.746114,0.030756,0.419129,0.278487,0.099237
816.093750,0.747498,0.031200,0.424182,0.283191,0.104568
816.562500,0.748811,0.031644,0.429222,0.287861,0.109903
817.031250,0.750060,0.032089,0.434250,0.292498,0.115240
817.500000,0.751249,0.032533,0.439264,0.297101,0.120578
817.968750,0.752383,0.032978,0.444263,0.301673,0.125916
818.437500,0.753467,0.033423,0.449247,0.306213,0.131252
818.906250,0.754505,0.033868,0.454215,0.310723,0.136585
819.375000,0.755501,0.034314,0.459167,0.315202,0.141914
819.843750,0.756458,0.034759,0.464102,0.319653,0.147238
820.312500,0.757380,0.035204,0.469018,0.324076,0.152556
820.781250,0.758271,0.035649,0.473917,0.328471,0.157865
821.250000,0.759131,0.036094,0.478796,0.332839,0.163165
821.718750,0.759966,0.036540,0.483656,0.337182,0.168455
822.187500,0.760775,0.036985,0.488495,0.341499,0.173733
822.656250,0.761560,0.037430,0.493314,0.345792,0.178997
823.125000,0.762322,0.037875,0.498112,0.350061,0.184248
823.593750,0.763061,0.038320,0.502887,0.354308,0.189483
824.062500,0.763777,0.038765,0.507640,0.358532,0.194701
824.531250,0.764470,0.039209,0.512370,0.362735,0.199900
825.000000,0.765140,0.039654,0.517076,0.366917,0.205081
825.468750,0.765785,0.040098,0.521757,0.371078,0.210240
825.937500,0.766406,0.040542,0.526413,0.375220,0.215378
826.406250,0.767000,0.040986,0.531043,0.379343,0.220492
826.875000,0.767566,0.041430,0.535647,0.383447,0.225582
827.343750,0.768102,0.041874,0.540224,0.387532,0.230646
827.812500,0.768606,0.042317,0.544772,0.391600,0.235684
828.281250,0.769074,0.042760,0.549292,0.395651,0.240693
828.750000,0.769504,0.043203,0.553782,0.399685,0.245673
829.218750,0.769892,0.043646,0.558241,0.403702,0.250623
829.687500,0.770236,0.044088,0.562669,0.407702,0.255542
830.156250,0.770531,0.044530,0.567065,0.411686,0.260428
830.625000,0.770775,0.044971,0.571428,0.415654,0.265281
831.093750,0.770965,0.045413,0.575756,0.419606,0.270099
831.562500,0.771095,0.045853,0.580049,0.423543,0.274882
832.031250,0.771164,0.046293,0.584306,0.427463,0.279629
832.500000,0.771167,0.046733,0.588525,0.431367,0.284339
832.968750,0.771101,0.047172,0.592706,0.435256,0.289010
833.437500,0.770962,0.047610,0.596847,0.439128,0.293643
833.906250,0.770746,0.048048,0.600947,0.442984,0.298236
834.375000,0.770450,0.048485,0.605005,0.446824,0.302789
834.843750,0.770072,0.048921,0.609019,0.450647,0.307301
835.312500,0.769608,0.049357,0.612989,0.454453,0.311772
835.781250,0.769057,0.049791,0.616913,0.458242,0.316201
836.250000,0.768416,0.050225,0.620789,0.462013,0.320587
836.718750,0.767684,0.050658,0.624617,0.465767,0.324930
837.187500,0.766859,0.051089,0.628394,0.469502,0.329230
837.656250,0.765941,0.051520,0.632121,0.473219,0.333487
838.125000,0.764930,0.051950,0.635794,0.476917,0.337699
838.593750,0.763825,0.052378,0.639414,0.480595,0.341868
839.062500,0.762628,0.052805,0.642978,0.484253,0.345992
839.531250,0.761340,0.053231,0.646485,0.487891,0.350072
