time_s,raw,expanding_mean,rm_90s
60.000000,-0.686944,-0.686944,-0.686944
60.468750,-0.688599,-0.687771,-0.687771
60.937500,-0.690401,-0.688648,-0.688648
61.406250,-0.692349,-0.689573,-0.689573
61.875000,-0.694442,-0.690547,-0.690547
62.343750,-0.696679,-0.691569,-0.691569
62.812500,-0.699055,-0.692638,-0.692638
63.281250,-0.701569,-0.693755,-0.693755
63.750000,-0.704214,-0.694917,-0.694917
64.218750,-0.706987,-0.696124,-0.696124
64.687500,-0.709880,-0.697374,-0.697374
65.156250,-0.712888,-0.698667,-0.698667
65.625000,-0.716002,-0.700001,-0.700001
66.093750,-0.719216,-0.701373,-0.701373
66.562500,-0.722520,-0.702783,-0.702783
67.031250,-0.725905,-0.704228,-0.704228
67.500000,-0.729362,-0.705706,-0.705706
67.968750,-0.732882,-0.707216,-0.707216
68.437500,-0.736454,-0.708755,-0.708755
68.906250,-0.740068,-0.710321,-0.710321
69.375000,-0.743715,-0.711911,-0.711911
69.843750,-0.747384,-0.713523,-0.713523
70.312500,-0.751066,-0.715156,-0.715156
70.781250,-0.754750,-0.716805,-0.716805
71.250000,-0.758428,-0.718470,-0.718470
71.718750,-0.762091,-0.720148,-0.720148
72.187500,-0.765729,-0.721836,-0.721836
72.656250,-0.769336,-0.723533,-0.723533
73.125000,-0.772902,-0.725235,-0.725235
73.593750,-0.776421,-0.726941,-0.726941
74.062500,-0.779886,-0.728649,-0.728649
74.531250,-0.783291,-0.730357,-0.730357
75.000000,-0.786630,-0.732062,-0.732062
75.468750,-0.789899,-0.733763,-0.733763
75.937500,-0.793094,-0.735458,-0.735458
76.406250,-0.796209,-0.737146,-0.737146
76.875000,-0.799243,-0.738824,-0.738824
77.343750,-0.802191,-0.740491,-0.740491
77.812500,-0.805052,-0.742147,-0.742147
78.281250,-0.807824,-0.743789,-0.743789
78.750000,-0.810504,-0.745416,-0.745416
79.218750,-0.813093,-0.747027,-0.747027
79.687500,-0.815589,-0.748622,-0.748622
80.156250,-0.817992,-0.750198,-0.750198
80.625000,-0.820301,-0.751756,-0.751756
81.093750,-0.822516,-0.753294,-0.753294
81.562500,-0.824639,-0.754812,-0.754812
82.031250,-0.826669,-0.756309,-0.756309
82.500000,-0.828606,-0.757785,-0.757785
82.968750,-0.830453,-0.759238,-0.759238
83.437500,-0.832209,-0.760669,-0.760669
83.906250,-0.833876,-0.762077,-0.762077
84.375000,-0.835455,-0.763461,-0.763461
84.843750,-0.836947,-0.764822,-0.764822
85.312500,-0.838353,-0.766159,-0.766159
85.781250,-0.839673,-0.767472,-0.767472
86.250000,-0.840910,-0.768760,-0.768760
86.718750,-0.842065,-0.770024,-0.770024
87.187500,-0.843138,-0.771263,-0.771263
87.656250,-0.844132,-0.772478,-0.772478
88.125000,-0.845045,-0.773668,-0.773668
88.593750,-0.845881,-0.774832,-0.774832
89.062500,-0.846639,-0.775972,-0.775972
89.531250,-0.847321,-0.777087,-0.777087
90.000000,-0.847926,-0.778177,-0.778177
90.468750,-0.848457,-0.779242,-0.779242
90.937500,-0.848913,-0.780281,-0.780281
91.406250,-0.849295,-0.781296,-0.781296
91.875000,-0.849603,-0.782286,-0.782286
92.343750,-0.849838,-0.783251,-0.783251
92.812500,-0.850000,-0.784191,-0.784191
93.281250,-0.850089,-0.785107,-0.785107
93.750000,-0.850105,-0.785997,-0.785997
94.218750,-0.850048,-0.786863,-0.786863
94.687500,-0.849918,-0.787703,-0.787703
95.156250,-0.849715,-0.788519,-0.788519
95.625000,-0.849438,-0.789310,-0.789310
96.093750,-0.849087,-0.790077,-0.790077
96.562500,-0.848661,-0.790818,-0.790818
97.031250,-0.848161,-0.791535,-0.791535
97.500000,-0.847585,-0.792227,-0.792227
97.968750,-0.846932,-0.792894,-0.792894
98.437500,-0.846203,-0.793537,-0.793537
98.906250,-0.845396,-0.794154,-0.794154
99.375000,-0.844511,-0.794746,-0.794746
99.843750,-0.843546,-0.795314,-0.795314
100.312500,-0.842501,-0.795856,-0.795856
100.781250,-0.841375,-0.796373,-0.796373
101.250000,-0.840168,-0.796866,-0.796866
101.718750,-0.838878,-0.797332,-0.797332
102.187500,-0.837504,-0.797774,-0.797774
102.656250,-0.836047,-0.798190,-0.798190
103.125000,-0.834505,-0.798580,-0.798580
103.593750,-0.832877,-0.798945,-0.798945
104.062500,-0.831163,-0.799284,-0.799284
104.531250,-0.829362,-0.799598,-0.799598
105.000000,-0.827474,-0.799885,-0.799885
105.468750,-0.825499,-0.800146,-0.800146
105.937500,-0.823437,-0.800382,-0.800382
106.406250,-0.821287,-0.800591,-0.800591
106.875000,-0.819049,-0.800773,-0.800773
107.343750,-0.816724,-0.800930,-0.800930
107.812500,-0.814312,-0.801060,-0.801060
108.281250,-0.811814,-0.801163,-0.801163
108.750000,-0.809230,-0.801240,-0.801240
109.218750,-0.806562,-0.801290,-0.801290
109.687500,-0.803811,-0.801314,-0.801314
110.156250,-0.800977,-0.801311,-0.801311
110.625000,-0.798064,-0.801281,-0.801281
111.093750,-0.795071,-0.801224,-0.801224
111.562500,-0.792003,-0.801141,-0.801141
112.031250,-0.788860,-0.801032,-0.801032
112.500000,-0.785645,-0.800895,-0.800895
112.968750,-0.782361,-0.800733,-0.800733
113.437500,-0.779011,-0.800544,-0.800544
113.906250,-0.775598,-0.800329,-0.800329
114.375000,-0.772126,-0.800088,-0.800088
114.843750,-0.768596,-0.799821,-0.799821
115.312500,-0.765015,-0.799529,-0.799529
115.781250,-0.761384,-0.799211,-0.799211
116.250000,-0.757708,-0.798868,-0.798868
116.718750,-0.753991,-0.798500,-0.798500
117.187500,-0.750236,-0.798107,-0.798107
117.656250,-0.746449,-0.797691,-0.797691
118.125000,-0.742633,-0.797250,-0.797250
118.593750,-0.738793,-0.796786,-0.796786
119.062500,-0.734932,-0.796299,-0.796299
119.531250,-0.731055,-0.795790,-0.795790
120.000000,-0.727166,-0.795258,-0.795258
120.468750,-0.723268,-0.794704,-0.794704
120.937500,-0.719367,-0.794129,-0.794129
121.406250,-0.715465,-0.793533,-0.793533
121.875000,-0.711566,-0.792917,-0.792917
122.343750,-0.707673,-0.792280,-0.792280
122.812500,-0.703791,-0.791625,-0.791625
123.281250,-0.699922,-0.790951,-0.790951
123.750000,-0.696069,-0.790258,-0.790258
124.218750,-0.692235,-0.789548,-0.789548
124.687500,-0.688422,-0.788820,-0.788820
125.156250,-0.684632,-0.788076,-0.788076
125.625000,-0.680868,-0.787316,-0.787316
126.093750,-0.677132,-0.786540,-0.786540
126.562500,-0.673424,-0.785749,-0.785749
127.031250,-0.669746,-0.784943,-0.784943
127.500000,-0.666099,-0.784124,-0.784124
127.968750,-0.662485,-0.783290,-0.783290
128.437500,-0.658903,-0.782444,-0.782444
128.906250,-0.655354,-0.781586,-0.781586
129.375000,-0.651838,-0.780715,-0.780715
129.843750,-0.648355,-0.779832,-0.779832
130.312500,-0.644905,-0.778939,-0.778939
130.781250,-0.641488,-0.778035,-0.778035
131.250000,-0.638103,-0.777120,-0.777120
131.718750,-0.634748,-0.776195,-0.776195
132.187500,-0.631424,-0.775261,-0.775261
132.656250,-0.628130,-0.774318,-0.774318
133.125000,-0.624863,-0.773366,-0.773366
133.593750,-0.621623,-0.772406,-0.772406
134.062500,-0.618409,-0.771437,-0.771437
134.531250,-0.615218,-0.770461,-0.770461
135.000000,-0.612050,-0.769477,-0.769477
135.468750,-0.608902,-0.768486,-0.768486
135.937500,-0.605773,-0.767488,-0.767488
136.406250,-0.602661,-0.766483,-0.766483
136.875000,-0.599564,-0.765471,-0.765471
137.343750,-0.596481,-0.764453,-0.764453
137.812500,-0.593409,-0.763429,-0.763429
138.281250,-0.590346,-0.762399,-0.762399
138.750000,-0.587291,-0.761362,-0.761362
139.218750,-0.584242,-0.760321,-0.760321
139.687500,-0.581196,-0.759273,-0.759273
140.156250,-0.578151,-0.758220,-0.758220
140.625000,-0.575106,-0.757162,-0.757162
141.093750,-0.572058,-0.756098,-0.756098
141.562500,-0.569006,-0.755029,-0.755029
142.031250,-0.565948,-0.753954,-0.753954
142.500000,-0.562881,-0.752875,-0.752875
142.968750,-0.559805,-0.751790,-0.751790
143.437500,-0.556717,-0.750700,-0.750700
143.906250,-0.553615,-0.749605,-0.749605
144.375000,-0.550499,-0.748505,-0.748505
144.843750,-0.547367,-0.747400,-0.747400
145.312500,-0.544216,-0.746290,-0.746290
145.781250,-0.541046,-0.745174,-0.745174
146.250000,-0.537855,-0.744054,-0.744054
146.718750,-0.534642,-0.742928,-0.742928
147.187500,-0.531405,-0.741797,-0.741797
147.656250,-0.528145,-0.740660,-0.740660
148.125000,-0.524860,-0.739519,-0.739519
148.593750,-0.521549,-0.738371,-0.738371
149.062500,-0.518212,-0.737219,-0.737219
149.531250,-0.514848,-0.736060,-0.736060
150.000000,-0.511456,-0.734897,-0.735146
150.468750,-0.508036,-0.733727,-0.734206
150.937500,-0.504588,-0.732552,-0.733238
151.406250,-0.501112,-0.731371,-0.732242
151.875000,-0.497606,-0.730185,-0.731217
152.343750,-0.494073,-0.728992,-0.730162
152.812500,-0.490510,-0.727794,-0.729076
153.281250,-0.486920,-0.726590,-0.727958
153.750000,-0.483301,-0.725379,-0.726807
154.218750,-0.479654,-0.724163,-0.725623
154.687500,-0.475980,-0.722940,-0.724405
155.156250,-0.472279,-0.721711,-0.723152
155.625000,-0.468552,-0.720476,-0.721863
156.093750,-0.464798,-0.719235,-0.720538
156.562500,-0.461018,-0.717988,-0.719176
157.031250,-0.457214,-0.716734,-0.717776
157.500000,-0.453385,-0.715474,-0.716339
157.968750,-0.449533,-0.714208,-0.714863
158.437500,-0.445657,-0.712935,-0.713349
158.906250,-0.441759,-0.711656,-0.711795
159.375000,-0.437839,-0.710370,-0.710202
159.843750,-0.433897,-0.709078,-0.708569
160.312500,-0.429934,-0.707780,-0.706897
160.781250,-0.425952,-0.706475,-0.705184
161.250000,-0.421950,-0.705164,-0.703432
161.718750,-0.417929,-0.703847,-0.701639
162.187500,-0.413889,-0.702523,-0.699807
162.656250,-0.409832,-0.701192,-0.697934
163.125000,-0.405757,-0.699855,-0.696022
163.593750,-0.401665,-0.698512,-0.694070
164.062500,-0.397557,-0.697163,-0.692079
164.531250,-0.393432,-0.695807,-0.690048
165.000000,-0.389292,-0.694444,-0.687979
165.468750,-0.385137,-0.693076,-0.685871
165.937500,-0.380967,-0.691701,-0.683724
166.406250,-0.376783,-0.690320,-0.681540
166.875000,-0.372585,-0.688932,-0.679318
167.343750,-0.368373,-0.687538,-0.677058
167.812500,-0.364148,-0.686138,-0.674762
168.281250,-0.359910,-0.684732,-0.672429
168.750000,-0.355660,-0.683320,-0.670060
169.218750,-0.351396,-0.681901,-0.667655
169.687500,-0.347121,-0.680477,-0.665215
170.156250,-0.342834,-0.679046,-0.662740
170.625000,-0.338535,-0.677609,-0.660231
171.093750,-0.334226,-0.676167,-0.657688
171.562500,-0.329906,-0.674718,-0.655111
172.031250,-0.325575,-0.673263,-0.652501
172.500000,-0.321235,-0.671802,-0.649859
172.968750,-0.316884,-0.670336,-0.647184
173.437500,-0.312525,-0.668863,-0.644477
173.906250,-0.308156,-0.667385,-0.641739
174.375000,-0.303779,-0.665901,-0.638970
174.843750,-0.299394,-0.664411,-0.636170
175.312500,-0.295001,-0.662915,-0.633340
175.781250,-0.290602,-0.661414,-0.630481
176.250000,-0.286197,-0.659907,-0.627591
176.718750,-0.281786,-0.658395,-0.624673
177.187500,-0.277371,-0.656877,-0.621727
177.656250,-0.272953,-0.655353,-0.618752
178.125000,-0.268532,-0.653824,-0.615749
178.593750,-0.264109,-0.652290,-0.612719
179.062500,-0.259686,-0.650750,-0.609662
179.531250,-0.255264,-0.649205,-0.606578
180.000000,-0.250845,-0.647655,-0.603469
180.468750,-0.246430,-0.646100,-0.600333
180.937500,-0.242021,-0.644540,-0.597172
181.406250,-0.237619,-0.642975,-0.593986
181.875000,-0.233228,-0.641405,-0.590776
182.343750,-0.228848,-0.639831,-0.587542
182.812500,-0.224482,-0.638251,-0.584284
183.281250,-0.220133,-0.636667,-0.581003
183.750000,-0.215803,-0.635079,-0.577699
184.218750,-0.211494,-0.633487,-0.574373
184.687500,-0.207211,-0.631890,-0.571026
185.156250,-0.202954,-0.630290,-0.567657
185.625000,-0.198728,-0.628686,-0.564268
186.093750,-0.194536,-0.627078,-0.560859
186.562500,-0.190381,-0.625466,-0.557431
187.031250,-0.186265,-0.623851,-0.553983
187.500000,-0.182193,-0.622234,-0.550518
187.968750,-0.178168,-0.620613,-0.547034
188.437500,-0.174193,-0.618990,-0.543534
188.906250,-0.170272,-0.617364,-0.540018
189.375000,-0.166407,-0.615736,-0.536486
189.843750,-0.162603,-0.614106,-0.532940
190.312500,-0.158862,-0.612474,-0.529379
190.781250,-0.155188,-0.610841,-0.525805
191.250000,-0.151585,-0.609207,-0.522219
191.718750,-0.148054,-0.607571,-0.518621
192.187500,-0.144600,-0.605935,-0.515012
192.656250,-0.141224,-0.604299,-0.511393
193.125000,-0.137929,-0.602663,-0.507765
193.593750,-0.134718,-0.601027,-0.504129
194.062500,-0.131593,-0.599391,-0.500485
194.531250,-0.128555,-0.597756,-0.496835
195.000000,-0.125607,-0.596122,-0.493180
195.468750,-0.122750,-0.594490,-0.489519
195.937500,-0.119984,-0.592859,-0.485856
196.406250,-0.117312,-0.591231,-0.482189
196.875000,-0.114733,-0.589604,-0.478521
197.343750,-0.112247,-0.587981,-0.474852
197.812500,-0.109854,-0.586360,-0.471183
198.281250,-0.107553,-0.584742,-0.467515
198.750000,-0.105344,-0.583128,-0.463849
199.218750,-0.103225,-0.581518,-0.460185
199.687500,-0.101194,-0.579911,-0.456526
200.156250,-0.099250,-0.578309,-0.452871
200.625000,-0.097390,-0.576712,-0.449222
201.093750,-0.095610,-0.575118,-0.445579
201.562500,-0.093907,-0.573530,-0.441943
202.031250,-0.092278,-0.571947,-0.438315
202.500000,-0.090717,-0.570369,-0.434695
202.968750,-0.089221,-0.568797,-0.431085
203.437500,-0.087783,-0.567230,-0.427485
203.906250,-0.086399,-0.565669,-0.423895
204.375000,-0.085063,-0.564114,-0.420317
204.843750,-0.083767,-0.562564,-0.416750
205.312500,-0.082505,-0.561021,-0.413195
205.781250,-0.081270,-0.559483,-0.409653
206.250000,-0.080054,-0.557951,-0.406124
206.718750,-0.078848,-0.556425,-0.402607
207.187500,-0.077644,-0.554906,-0.399104
207.656250,-0.076433,-0.553391,-0.395615
208.125000,-0.075206,-0.551883,-0.392138
208.593750,-0.073952,-0.550380,-0.388676
209.062500,-0.072663,-0.548882,-0.385226
209.531250,-0.071328,-0.547390,-0.381790
210.000000,-0.069935,-0.545903,-0.378367
210.468750,-0.068475,-0.544420,-0.374957
210.937500,-0.066935,-0.542942,-0.371559
211.406250,-0.065304,-0.541467,-0.368173
211.875000,-0.063571,-0.539997,-0.364798
212.343750,-0.061723,-0.538530,-0.361433
212.812500,-0.059750,-0.537066,-0.358079
213.281250,-0.057638,-0.535604,-0.354734
213.750000,-0.055375,-0.534144,-0.351397
214.218750,-0.052950,-0.532686,-0.348067
214.687500,-0.050349,-0.531229,-0.344744
215.156250,-0.047562,-0.529772,-0.341426
215.625000,-0.044575,-0.528315,-0.338112
216.093750,-0.041377,-0.526857,-0.334800
216.562500,-0.037957,-0.525398,-0.331491
217.031250,-0.034303,-0.523936,-0.328181
217.500000,-0.030404,-0.522472,-0.324870
217.968750,-0.026251,-0.521004,-0.321556
218.437500,-0.021832,-0.519531,-0.318238
218.906250,-0.017139,-0.518054,-0.314914
219.375000,-0.012163,-0.516570,-0.311583
219.843750,-0.006896,-0.515080,-0.308242
220.312500,-0.001330,-0.513582,-0.304890
220.781250,0.004541,-0.512076,-0.301525
221.250000,0.010721,-0.510560,-0.298146
221.718750,0.017217,-0.509035,-0.294750
222.187500,0.024030,-0.507499,-0.291336
222.656250,0.031163,-0.505951,-0.287903
223.125000,0.038618,-0.504391,-0.284447
223.593750,0.046394,-0.502817,-0.280968
224.062500,0.054489,-0.501229,-0.277463
224.531250,0.062903,-0.499627,-0.273931
225.000000,0.071630,-0.498008,-0.270370
225.468750,0.080666,-0.496374,-0.266779
225.937500,0.090005,-0.494722,-0.263155
226.406250,0.099638,-0.493052,-0.259497
226.875000,0.109558,-0.491364,-0.255804
227.343750,0.119754,-0.489657,-0.252073
227.812500,0.130216,-0.487931,-0.248304
228.281250,0.140931,-0.486184,-0.244496
228.750000,0.151886,-0.484416,-0.240646
229.218750,0.163068,-0.482628,-0.236754
229.687500,0.174461,-0.480817,-0.232818
230.156250,0.186051,-0.478985,-0.228838
230.625000,0.197820,-0.477131,-0.224812
231.093750,0.209752,-0.475254,-0.220740
231.562500,0.221830,-0.473355,-0.216621
232.031250,0.234035,-0.471433,-0.212455
232.500000,0.246350,-0.469487,-0.208240
232.968750,0.258757,-0.467519,-0.203976
233.437500,0.271237,-0.465528,-0.199664
233.906250,0.283772,-0.463514,-0.195303
234.375000,0.296345,-0.461477,-0.190892
234.843750,0.308935,-0.459417,-0.186432
235.312500,0.321527,-0.457334,-0.181923
235.781250,0.334103,-0.455229,-0.177365
236.250000,0.346644,-0.453102,-0.172758
236.718750,0.359136,-0.450954,-0.168103
237.187500,0.371561,-0.448783,-0.163400
237.656250,0.383904,-0.446592,-0.158650
238.125000,0.396151,-0.444380,-0.153853
238.593750,0.408287,-0.442148,-0.149010
239.062500,0.420299,-0.439896,-0.144122
239.531250,0.432174,-0.437625,-0.139190
240.000000,0.443900,-0.435335,-0.134214
240.468750,0.455467,-0.433028,-0.129196
240.937500,0.466862,-0.430702,-0.124136
241.406250,0.478078,-0.428360,-0.119036
241.875000,0.489105,-0.426002,-0.113897
242.343750,0.499936,-0.423627,-0.108720
242.812500,0.510563,-0.421238,-0.103506
243.281250,0.520980,-0.418835,-0.098256
243.750000,0.531181,-0.416417,-0.092973
244.218750,0.541163,-0.413987,-0.087656
244.687500,0.550920,-0.411544,-0.082308
245.156250,0.560450,-0.409090,-0.076929
245.625000,0.569749,-0.406624,-0.071521
246.093750,0.578816,-0.404148,-0.066085
246.562500,0.587650,-0.401662,-0.060624
247.031250,0.596250,-0.399167,-0.055137
247.500000,0.604616,-0.396664,-0.049626
247.968750,0.612748,-0.394153,-0.044094
248.437500,0.620646,-0.391635,-0.038540
248.906250,0.628313,-0.389111,-0.032967
249.375000,0.635751,-0.386580,-0.027375
249.843750,0.642961,-0.384044,-0.021766
250.312500,0.649945,-0.381504,-0.016142
250.781250,0.656707,-0.378959,-0.010503
251.250000,0.663250,-0.376411,-0.004851
251.718750,0.669578,-0.373860,0.000813
252.187500,0.675693,-0.371306,0.006488
252.656250,0.681599,-0.368750,0.012172
253.125000,0.687302,-0.366193,0.017865
253.593750,0.692804,-0.363635,0.023566
254.062500,0.698110,-0.361077,0.029272
254.531250,0.703224,-0.358519,0.034984
255.000000,0.708151,-0.355961,0.040700
255.468750,0.712895,-0.353404,0.046419
255.937500,0.717460,-0.350848,0.052140
256.406250,0.721851,-0.348294,0.057862
256.875000,0.726072,-0.345742,0.063584
257.343750,0.730128,-0.343192,0.069305
257.812500,0.734022,-0.340646,0.075025
258.281250,0.737760,-0.338102,0.080742
258.750000,0.741344,-0.335562,0.086456
259.218750,0.744780,-0.333026,0.092165
259.687500,0.748070,-0.330495,0.097869
260.156250,0.751219,-0.327967,0.103567
260.625000,0.754230,-0.325445,0.109259
261.093750,0.757107,-0.322927,0.114943
261.562500,0.759853,-0.320415,0.120619
262.031250,0.762472,-0.317908,0.126285
262.500000,0.764966,-0.315407,0.131943
262.968750,0.767338,-0.312912,0.137590
263.437500,0.769590,-0.310424,0.143226
263.906250,0.771726,-0.307942,0.148850
264.375000,0.773748,-0.305467,0.154462
264.843750,0.775658,-0.302998,0.160062
265.312500,0.777457,-0.300537,0.165647
265.781250,0.779149,-0.298083,0.171219
266.250000,0.780734,-0.295637,0.176776
266.718750,0.782214,-0.293199,0.182317
267.187500,0.783591,-0.290768,0.187843
267.656250,0.784866,-0.288345,0.193353
268.125000,0.786040,-0.285931,0.198845
268.593750,0.787114,-0.283525,0.204320
269.062500,0.788090,-0.281128,0.209778
269.531250,0.788967,-0.278739,0.215216
270.000000,0.789746,-0.276359,0.220636
270.468750,0.790430,-0.273989,0.226036
270.937500,0.791017,-0.271627,0.231417
271.406250,0.791508,-0.269275,0.236777
271.875000,0.791905,-0.266933,0.242116
272.343750,0.792207,-0.264600,0.247434
272.812500,0.792415,-0.262277,0.252730
273.281250,0.792529,-0.259963,0.258005
273.750000,0.792550,-0.257660,0.263257
274.218750,0.792478,-0.255367,0.268486
274.687500,0.792314,-0.253085,0.273691
275.156250,0.792057,-0.250813,0.278874
275.625000,0.791709,-0.248551,0.284032
276.093750,0.791270,-0.246301,0.289167
276.562500,0.790740,-0.244061,0.294277
277.031250,0.790121,-0.241832,0.299362
277.500000,0.789412,-0.239614,0.304422
277.968750,0.788614,-0.237408,0.309458
278.437500,0.787728,-0.235213,0.314468
278.906250,0.786755,-0.233029,0.319452
279.375000,0.785696,-0.230857,0.324411
279.843750,0.784551,-0.228696,0.329344
280.312500,0.783322,-0.226548,0.334251
280.781250,0.782009,-0.224411,0.339133
281.250000,0.780614,-0.222286,0.343988
281.718750,0.779136,-0.220173,0.348817
282.187500,0.777579,-0.218073,0.353620
282.656250,0.775942,-0.215985,0.358397
283.125000,0.774226,-0.213909,0.363148
283.593750,0.772434,-0.211845,0.367873
284.062500,0.770565,-0.209794,0.372571
284.531250,0.768622,-0.207756,0.377244
285.000000,0.766605,-0.205730,0.381891
285.468750,0.764516,-0.203717,0.386512
285.937500,0.762355,-0.201717,0.391108
286.406250,0.760124,-0.199730,0.395678
286.875000,0.757823,-0.197756,0.400222
287.343750,0.755455,-0.195794,0.404742
287.812500,0.753019,-0.193846,0.409236
288.281250,0.750518,-0.191911,0.413705
288.750000,0.747951,-0.189989,0.418149
289.218750,0.745320,-0.188080,0.422568
289.687500,0.742626,-0.186184,0.426963
290.156250,0.739870,-0.184302,0.431334
290.625000,0.737051,-0.182433,0.435680
291.093750,0.734172,-0.180578,0.440002
291.562500,0.731233,-0.178736,0.444299
292.031250,0.728235,-0.176907,0.448573
292.500000,0.725177,-0.175092,0.452822
292.968750,0.722061,-0.173291,0.457048
293.437500,0.718887,-0.171503,0.461249
293.906250,0.715655,-0.169728,0.465426
294.375000,0.712366,-0.167968,0.469580
294.843750,0.709020,-0.166221,0.473709
295.312500,0.705617,-0.164488,0.477814
295.781250,0.702158,-0.162768,0.481894
296.250000,0.698642,-0.161062,0.485950
296.718750,0.695070,-0.159370,0.489980
297.187500,0.691441,-0.157692,0.493986
297.656250,0.687756,-0.156028,0.497966
298.125000,0.684014,-0.154377,0.501921
298.593750,0.680214,-0.152741,0.505848
299.062500,0.676358,-0.151119,0.509750
299.531250,0.672444,-0.149510,0.513623
300.000000,0.668471,-0.147915,0.517469
300.468750,0.664440,-0.146335,0.521287
300.937500,0.660350,-0.144769,0.525075
301.406250,0.656200,-0.143216,0.528832
301.875000,0.651989,-0.141678,0.532559
302.343750,0.647718,-0.140154,0.536254
302.812500,0.643384,-0.138645,0.539916
303.281250,0.638987,-0.137149,0.543545
303.750000,0.634527,-0.135668,0.547138
304.218750,0.630002,-0.134201,0.550695
304.687500,0.625411,-0.132749,0.554215
305.156250,0.620754,-0.131311,0.557695
305.625000,0.616028,-0.129887,0.561136
306.093750,0.611234,-0.128478,0.564535
306.562500,0.606369,-0.127084,0.567891
307.031250,0.601432,-0.125704,0.571202
307.500000,0.596423,-0.124339,0.574467
307.968750,0.591340,-0.122989,0.577683
308.437500,0.586181,-0.121653,0.580850
308.906250,0.580946,-0.120333,0.583965
309.375000,0.575632,-0.119027,0.587026
309.843750,0.570239,-0.117736,0.590032
310.312500,0.564764,-0.116460,0.592981
310.781250,0.559207,-0.115200,0.595870
311.250000,0.553566,-0.113954,0.598697
311.718750,0.547838,-0.112724,0.601461
312.187500,0.542024,-0.111510,0.604159
312.656250,0.536121,-0.110310,0.606789
313.125000,0.530128,-0.109126,0.609348
313.593750,0.524043,-0.107958,0.611836
314.062500,0.517865,-0.106806,0.614250
314.531250,0.511593,-0.105669,0.616587
315.000000,0.505224,-0.104548,0.618845
315.468750,0.498757,-0.103443,0.621022
315.937500,0.492191,-0.102354,0.623117
316.406250,0.485525,-0.101281,0.625127
316.875000,0.478757,-0.100225,0.627050
317.343750,0.471885,-0.099185,0.628884
317.812500,0.464910,-0.098161,0.630627
318.281250,0.457829,-0.097154,0.632278
318.750000,0.450642,-0.096163,0.633834
319.218750,0.443348,-0.095189,0.635293
319.687500,0.435946,-0.094232,0.636655
320.156250,0.428436,-0.093292,0.637918
320.625000,0.420816,-0.092369,0.639079
321.093750,0.413088,-0.091463,0.640138
321.562500,0.405249,-0.090575,0.641094
322.031250,0.397302,-0.089704,0.641944
322.500000,0.389246,-0.088850,0.642688
322.968750,0.381082,-0.088014,0.643325
323.437500,0.372812,-0.087195,0.643854
323.906250,0.364435,-0.086394,0.644274
324.375000,0.355955,-0.085611,0.644585
324.843750,0.347373,-0.084846,0.644785
325.312500,0.338692,-0.084099,0.644874
325.781250,0.329915,-0.083371,0.644853
326.250000,0.321044,-0.082660,0.644719
326.718750,0.312085,-0.081967,0.644474
327.187500,0.303042,-0.081293,0.644117
327.656250,0.293921,-0.080637,0.643649
328.125000,0.284727,-0.079999,0.643068
328.593750,0.275466,-0.079380,0.642377
329.062500,0.266147,-0.078779,0.641574
329.531250,0.256778,-0.078197,0.640660
330.000000,0.247367,-0.077632,0.639637
330.468750,0.237924,-0.077086,0.638504
330.937500,0.228460,-0.076559,0.637262
331.406250,0.218986,-0.076049,0.635912
331.875000,0.209516,-0.075558,0.634456
332.343750,0.200062,-0.075084,0.632894
332.812500,0.190638,-0.074628,0.631228
333.281250,0.181261,-0.074190,0.629459
333.750000,0.171945,-0.073769,0.627588
334.218750,0.162709,-0.073366,0.625617
334.687500,0.153569,-0.072979,0.623547
335.156250,0.144545,-0.072609,0.621381
335.625000,0.135656,-0.072256,0.619120
336.093750,0.126921,-0.071918,0.616766
336.562500,0.118361,-0.071596,0.614322
337.031250,0.109997,-0.071289,0.611790
337.500000,0.101850,-0.070997,0.609171
337.968750,0.093942,-0.070720,0.606469
338.437500,0.086294,-0.070456,0.603686
338.906250,0.078928,-0.070205,0.600825
339.375000,0.071863,-0.069967,0.597888
339.843750,0.065121,-0.069741,0.594878
340.312500,0.058722,-0.069527,0.591799
340.781250,0.052684,-0.069323,0.588653
341.250000,0.047026,-0.069130,0.585443
341.718750,0.041764,-0.068945,0.582173
342.187500,0.036914,-0.068770,0.578846
342.656250,0.032490,-0.068602,0.575466
343.125000,0.028504,-0.068442,0.572034
343.593750,0.024966,-0.068288,0.568556
344.062500,0.021884,-0.068139,0.565034
344.531250,0.019266,-0.067995,0.561472
345.000000,0.017113,-0.067856,0.557873
345.468750,0.015428,-0.067719,0.554240
345.937500,0.014210,-0.067585,0.550577
346.406250,0.013457,-0.067453,0.546888
346.875000,0.013162,-0.067321,0.543175
347.343750,0.013317,-0.067190,0.539441
347.812500,0.013914,-0.067058,0.535691
348.281250,0.014941,-0.066925,0.531926
348.750000,0.016382,-0.066790,0.528150
349.218750,0.018222,-0.066652,0.524366
349.687500,0.020443,-0.066511,0.520576
350.156250,0.023025,-0.066367,0.516784
350.625000,0.025947,-0.066218,0.512990
351.093750,0.029187,-0.066065,0.509199
351.562500,0.032722,-0.065906,0.505412
352.031250,0.036527,-0.065742,0.501631
352.500000,0.040579,-0.065572,0.497858
352.968750,0.044853,-0.065396,0.494095
353.437500,0.049324,-0.065213,0.490344
353.906250,0.053966,-0.065023,0.486606
354.375000,0.058756,-0.064826,0.482882
354.843750,0.063667,-0.064622,0.479173
355.312500,0.068676,-0.064411,0.475482
355.781250,0.073758,-0.064192,0.471808
356.250000,0.078891,-0.063966,0.468152
356.718750,0.084053,-0.063733,0.464516
357.187500,0.089222,-0.063492,0.460900
357.656250,0.094379,-0.063244,0.457303
358.125000,0.099505,-0.062988,0.453728
358.593750,0.104580,-0.062726,0.450173
359.062500,0.109590,-0.062456,0.446639
359.531250,0.114516,-0.062179,0.443126
360.000000,0.119343,-0.061896,0.439635
360.468750,0.124059,-0.061607,0.436164
360.937500,0.128649,-0.061311,0.432714
361.406250,0.133102,-0.061009,0.429285
361.875000,0.137407,-0.060701,0.425876
362.343750,0.141554,-0.060388,0.422487
362.812500,0.145536,-0.060070,0.419118
363.281250,0.149343,-0.059747,0.415768
363.750000,0.152970,-0.059419,0.412437
364.218750,0.156410,-0.059087,0.409124
364.687500,0.159658,-0.058751,0.405829
365.156250,0.162710,-0.058411,0.402551
365.625000,0.165563,-0.058068,0.399290
366.093750,0.168215,-0.057722,0.396045
366.562500,0.170662,-0.057374,0.392815
367.031250,0.172905,-0.057022,0.389601
367.500000,0.174944,-0.056669,0.386400
367.968750,0.176779,-0.056315,0.383214
368.437500,0.178411,-0.055958,0.380040
368.906250,0.179842,-0.055601,0.376879
369.375000,0.181075,-0.055243,0.373730
369.843750,0.182113,-0.054885,0.370592
370.312500,0.182959,-0.054526,0.367465
370.781250,0.183617,-0.054167,0.364349
371.250000,0.184093,-0.053809,0.361242
371.718750,0.184391,-0.053451,0.358144
372.187500,0.184516,-0.053094,0.355055
372.656250,0.184475,-0.052739,0.351975
373.125000,0.184273,-0.052385,0.348902
373.593750,0.183917,-0.052032,0.345837
374.062500,0.183414,-0.051681,0.342779
374.531250,0.182771,-0.051332,0.339728
375.000000,0.181994,-0.050985,0.336683
375.468750,0.181091,-0.050641,0.333644
375.937500,0.180069,-0.050299,0.330611
376.406250,0.178935,-0.049960,0.327584
376.875000,0.177697,-0.049624,0.324563
377.343750,0.176361,-0.049291,0.321547
377.812500,0.174936,-0.048960,0.318536
378.281250,0.173428,-0.048633,0.315530
378.750000,0.171844,-0.048310,0.312530
379.218750,0.170191,-0.047989,0.309534
379.687500,0.168476,-0.047672,0.306544
380.156250,0.166705,-0.047359,0.303559
380.625000,0.164886,-0.047049,0.300579
381.093750,0.163023,-0.046743,0.297604
381.562500,0.161123,-0.046440,0.294635
382.031250,0.159192,-0.046141,0.291671
382.500000,0.157235,-0.045846,0.288713
382.968750,0.155257,-0.045555,0.285761
383.437500,0.153263,-0.045267,0.282815
383.906250,0.151258,-0.044983,0.279875
384.375000,0.149246,-0.044703,0.276942
384.843750,0.147232,-0.044426,0.274016
385.312500,0.145220,-0.044153,0.271097
385.781250,0.143212,-0.043884,0.268186
386.250000,0.141213,-0.043618,0.265283
386.718750,0.139226,-0.043357,0.262388
387.187500,0.137253,-0.043098,0.259502
387.656250,0.135297,-0.042843,0.256624
388.125000,0.133362,-0.042592,0.253756
388.593750,0.131448,-0.042344,0.250898
389.062500,0.129558,-0.042099,0.248050
389.531250,0.127694,-0.041858,0.245213
390.000000,0.125858,-0.041620,0.242387
390.468750,0.124051,-0.041386,0.239572
390.937500,0.122275,-0.041154,0.236770
391.406250,0.120530,-0.040926,0.233980
391.875000,0.118818,-0.040701,0.231203
392.343750,0.117139,-0.040478,0.228439
392.812500,0.115494,-0.040259,0.225690
393.281250,0.113885,-0.040042,0.222955
393.750000,0.112310,-0.039829,0.220235
394.218750,0.110772,-0.039618,0.217531
394.687500,0.109269,-0.039410,0.214843
395.156250,0.107803,-0.039204,0.212171
395.625000,0.106373,-0.039001,0.209517
396.093750,0.104980,-0.038800,0.206880
396.562500,0.103622,-0.038602,0.204261
397.031250,0.102302,-0.038407,0.201662
397.500000,0.101017,-0.038213,0.199082
397.968750,0.099768,-0.038022,0.196521
398.437500,0.098555,-0.037833,0.193982
398.906250,0.097377,-0.037646,0.191463
399.375000,0.096234,-0.037462,0.188966
399.843750,0.095126,-0.037279,0.186492
400.312500,0.094052,-0.037099,0.184040
400.781250,0.093012,-0.036920,0.181612
401.250000,0.092005,-0.036743,0.179208
401.718750,0.091031,-0.036568,0.176829
402.187500,0.090088,-0.036395,0.174475
402.656250,0.089178,-0.036223,0.172147
403.125000,0.088299,-0.036053,0.169846
403.593750,0.087450,-0.035885,0.167572
404.062500,0.086631,-0.035718,0.165326
404.531250,0.085841,-0.035553,0.163108
405.000000,0.085080,-0.035389,0.160920
405.468750,0.084347,-0.035227,0.158762
405.937500,0.083642,-0.035066,0.156634
406.406250,0.082963,-0.034907,0.154537
406.875000,0.082310,-0.034749,0.152472
407.343750,0.081683,-0.034592,0.150440
407.812500,0.081080,-0.034436,0.148441
408.281250,0.080501,-0.034282,0.146476
408.750000,0.079945,-0.034128,0.144545
409.218750,0.079411,-0.033976,0.142650
409.687500,0.078899,-0.033825,0.140790
410.156250,0.078408,-0.033675,0.138967
410.625000,0.077936,-0.033526,0.137181
411.093750,0.077484,-0.033378,0.135433
411.562500,0.077050,-0.033231,0.133724
412.031250,0.076634,-0.033085,0.132054
412.500000,0.076234,-0.032940,0.130423
412.968750,0.075850,-0.032795,0.128834
413.437500,0.075480,-0.032652,0.127285
413.906250,0.075124,-0.032509,0.125778
414.375000,0.074780,-0.032368,0.124314
414.843750,0.074448,-0.032227,0.122892
415.312500,0.074127,-0.032087,0.121514
415.781250,0.073815,-0.031947,0.120180
416.250000,0.073511,-0.031809,0.118891
416.718750,0.073215,-0.031671,0.117647
417.187500,0.072924,-0.031534,0.116448
417.656250,0.072638,-0.031397,0.115296
418.125000,0.072356,-0.031262,0.114190
418.593750,0.072075,-0.031127,0.113131
419.062500,0.071795,-0.030993,0.112118
419.531250,0.071514,-0.030859,0.111153
420.000000,0.071231,-0.030726,0.110236
420.468750,0.070944,-0.030594,0.109366
420.937500,0.070652,-0.030463,0.108544
421.406250,0.070352,-0.030332,0.107770
421.875000,0.070045,-0.030203,0.107044
422.343750,0.069727,-0.030073,0.106365
422.812500,0.069396,-0.029945,0.105734
423.281250,0.069052,-0.029818,0.105149
423.750000,0.068693,-0.029691,0.104611
424.218750,0.068316,-0.029565,0.104120
424.687500,0.067919,-0.029440,0.103674
425.156250,0.067502,-0.029315,0.103272
425.625000,0.067061,-0.029192,0.102915
426.093750,0.066595,-0.029069,0.102601
426.562500,0.066102,-0.028948,0.102329
427.031250,0.065581,-0.028827,0.102097
427.500000,0.065028,-0.028708,0.101906
427.968750,0.064443,-0.028589,0.101752
428.437500,0.063823,-0.028472,0.101635
428.906250,0.063167,-0.028356,0.101553
429.375000,0.062472,-0.028240,0.101504
429.843750,0.061738,-0.028127,0.101486
430.312500,0.060962,-0.028014,0.101498
430.781250,0.060143,-0.027903,0.101537
431.250000,0.059280,-0.027793,0.101601
431.718750,0.058372,-0.027684,0.101687
432.187500,0.057417,-0.027577,0.101794
432.656250,0.056415,-0.027472,0.101919
433.125000,0.055366,-0.027368,0.102058
433.593750,0.054268,-0.027265,0.102211
434.062500,0.053123,-0.027165,0.102374
434.531250,0.051930,-0.027066,0.102544
435.000000,0.050690,-0.026969,0.102719
435.468750,0.049404,-0.026874,0.102896
435.937500,0.048074,-0.026780,0.103072
436.406250,0.046702,-0.026689,0.103245
436.875000,0.045289,-0.026599,0.103413
437.343750,0.043840,-0.026512,0.103572
437.812500,0.042357,-0.026427,0.103720
438.281250,0.040845,-0.026343,0.103855
438.750000,0.039308,-0.026262,0.103974
439.218750,0.037751,-0.026183,0.104076
439.687500,0.036180,-0.026106,0.104158
440.156250,0.034601,-0.026032,0.104218
440.625000,0.033021,-0.025959,0.104255
441.093750,0.031447,-0.025888,0.104267
441.562500,0.029887,-0.025820,0.104252
442.031250,0.028350,-0.025754,0.104209
442.500000,0.026845,-0.025689,0.104138
442.968750,0.025381,-0.025627,0.104036
443.437500,0.023967,-0.025566,0.103904
443.906250,0.022613,-0.025508,0.103741
444.375000,0.021329,-0.025450,0.103546
444.843750,0.020125,-0.025395,0.103319
445.312500,0.019011,-0.025341,0.103061
445.781250,0.017996,-0.025288,0.102770
446.250000,0.017092,-0.025237,0.102448
446.718750,0.016306,-0.025187,0.102095
447.187500,0.015648,-0.025137,0.101712
447.656250,0.015127,-0.025089,0.101299
448.125000,0.014749,-0.025041,0.100858
448.593750,0.014522,-0.024993,0.100389
449.062500,0.014452,-0.024946,0.099893
449.531250,0.014545,-0.024898,0.099373
450.000000,0.014804,-0.024850,0.098828
450.468750,0.015233,-0.024802,0.098261
450.937500,0.015836,-0.024754,0.097674
451.406250,0.016612,-0.024704,0.097067
451.875000,0.017564,-0.024654,0.096443
452.343750,0.018689,-0.024602,0.095803
452.812500,0.019987,-0.024549,0.095149
453.281250,0.021455,-0.024494,0.094483
453.750000,0.023091,-0.024438,0.093807
454.218750,0.024890,-0.024379,0.093122
454.687500,0.026847,-0.024318,0.092430
455.156250,0.028957,-0.024255,0.091733
455.625000,0.031214,-0.024189,0.091034
456.093750,0.033612,-0.024121,0.090333
456.562500,0.036143,-0.024050,0.089632
457.031250,0.038801,-0.023976,0.088933
457.500000,0.041578,-0.023899,0.088239
457.968750,0.044467,-0.023818,0.087550
458.437500,0.047459,-0.023734,0.086868
458.906250,0.050547,-0.023647,0.086194
459.375000,0.053723,-0.023557,0.085531
459.843750,0.056980,-0.023462,0.084879
460.312500,0.060310,-0.023364,0.084240
460.781250,0.063706,-0.023263,0.083616
461.250000,0.067161,-0.023157,0.083007
461.718750,0.070666,-0.023048,0.082415
462.187500,0.074217,-0.022934,0.081840
462.656250,0.077806,-0.022817,0.081285
463.125000,0.081428,-0.022696,0.080749
463.593750,0.085076,-0.022571,0.080234
464.062500,0.088745,-0.022442,0.079741
464.531250,0.092429,-0.022309,0.079270
465.000000,0.096124,-0.022172,0.078823
465.468750,0.099825,-0.022032,0.078400
465.937500,0.103527,-0.021887,0.078001
466.406250,0.107227,-0.021738,0.077628
466.875000,0.110921,-0.021585,0.077280
467.343750,0.114604,-0.021429,0.076958
467.812500,0.118274,-0.021268,0.076663
468.281250,0.121927,-0.021104,0.076395
468.750000,0.125560,-0.020936,0.076154
469.218750,0.129172,-0.020764,0.075940
469.687500,0.132758,-0.020589,0.075754
470.156250,0.136317,-0.020410,0.075596
470.625000,0.139847,-0.020227,0.075466
471.093750,0.143345,-0.020041,0.075363
471.562500,0.146811,-0.019851,0.075289
472.031250,0.150241,-0.019658,0.075242
472.500000,0.153634,-0.019461,0.075223
472.968750,0.156989,-0.019261,0.075232
473.437500,0.160304,-0.019058,0.075269
473.906250,0.163578,-0.018851,0.075333
474.375000,0.166809,-0.018641,0.075425
474.843750,0.169997,-0.018428,0.075543
475.312500,0.173140,-0.018212,0.075689
475.781250,0.176238,-0.017993,0.075861
476.250000,0.179289,-0.017771,0.076059
476.718750,0.182292,-0.017547,0.076283
477.187500,0.185246,-0.017319,0.076533
477.656250,0.188150,-0.017089,0.076808
478.125000,0.191005,-0.016856,0.077109
478.593750,0.193807,-0.016620,0.077433
479.062500,0.196558,-0.016382,0.077782
479.531250,0.199256,-0.016141,0.078155
480.000000,0.201900,-0.015898,0.078551
480.468750,0.204491,-0.015653,0.078970
480.937500,0.207026,-0.015405,0.079412
481.406250,0.209505,-0.015155,0.079875
481.875000,0.211928,-0.014903,0.080360
482.343750,0.214294,-0.014649,0.080866
482.812500,0.216602,-0.014393,0.081392
483.281250,0.218852,-0.014135,0.081939
483.750000,0.221042,-0.013875,0.082506
484.218750,0.223172,-0.013613,0.083091
484.687500,0.225242,-0.013350,0.083695
485.156250,0.227250,-0.013085,0.084317
485.625000,0.229196,-0.012818,0.084957
486.093750,0.231079,-0.012550,0.085614
486.562500,0.232898,-0.012281,0.086287
487.031250,0.234653,-0.012010,0.086976
487.500000,0.236343,-0.011738,0.087681
487.968750,0.237966,-0.011465,0.088401
488.437500,0.239522,-0.011191,0.089135
488.906250,0.241010,-0.010915,0.089883
489.375000,0.242429,-0.010639,0.090645
489.843750,0.243778,-0.010362,0.091419
490.312500,0.245056,-0.010084,0.092205
490.781250,0.246263,-0.009805,0.093003
491.250000,0.247396,-0.009526,0.093813
491.718750,0.248455,-0.009246,0.094633
492.187500,0.249439,-0.008966,0.095463
492.656250,0.250346,-0.008685,0.096302
493.125000,0.251175,-0.008404,0.097150
493.593750,0.251926,-0.008123,0.098007
494.062500,0.252596,-0.007842,0.098871
494.531250,0.253185,-0.007561,0.099743
495.000000,0.253691,-0.007280,0.100621
495.468750,0.254113,-0.006999,0.101505
495.937500,0.254449,-0.006718,0.102395
496.406250,0.254698,-0.006437,0.103289
496.875000,0.254858,-0.006157,0.104188
497.343750,0.254928,-0.005878,0.105090
497.812500,0.254906,-0.005599,0.105996
498.281250,0.254792,-0.005321,0.106904
498.750000,0.254582,-0.005043,0.107813
499.218750,0.254277,-0.004767,0.108724
499.687500,0.253873,-0.004491,0.109635
500.156250,0.253371,-0.004217,0.110546
500.625000,0.252768,-0.003944,0.111457
501.093750,0.252062,-0.003672,0.112366
501.562500,0.251253,-0.003402,0.113274
502.031250,0.250338,-0.003133,0.114178
502.500000,0.249317,-0.002866,0.115080
502.968750,0.248188,-0.002600,0.115977
503.437500,0.246949,-0.002337,0.116870
503.906250,0.245600,-0.002075,0.117758
504.375000,0.244140,-0.001816,0.118640
504.843750,0.242567,-0.001559,0.119516
505.312500,0.240881,-0.001304,0.120385
505.781250,0.239080,-0.001051,0.121245
506.250000,0.237165,-0.000801,0.122098
506.718750,0.235134,-0.000554,0.122941
507.187500,0.232987,-0.000309,0.123775
507.656250,0.230724,-0.000068,0.124598
508.125000,0.228345,0.000171,0.125410
508.593750,0.225851,0.000407,0.126211
509.062500,0.223241,0.000639,0.127000
509.531250,0.220516,0.000868,0.127776
510.000000,0.217677,0.001094,0.128539
510.468750,0.214726,0.001316,0.129288
510.937500,0.211663,0.001534,0.130022
511.406250,0.208490,0.001749,0.130742
511.875000,0.205209,0.001960,0.131446
512.343750,0.201822,0.002166,0.132134
512.812500,0.198332,0.002369,0.132805
513.281250,0.194742,0.002568,0.133460
513.750000,0.191053,0.002763,0.134097
514.218750,0.187270,0.002953,0.134717
514.687500,0.183397,0.003139,0.135318
515.156250,0.179436,0.003320,0.135901
515.625000,0.175393,0.003497,0.136465
516.093750,0.171272,0.003669,0.137011
516.562500,0.167077,0.003837,0.137536
517.031250,0.162813,0.004000,0.138043
517.500000,0.158485,0.004158,0.138530
517.968750,0.154100,0.004311,0.138997
518.437500,0.149662,0.004459,0.139444
518.906250,0.145178,0.004603,0.139871
519.375000,0.140654,0.004742,0.140278
519.843750,0.136094,0.004875,0.140665
520.312500,0.131507,0.005004,0.141033
520.781250,0.126899,0.005128,0.141380
521.250000,0.122275,0.005247,0.141708
521.718750,0.117643,0.005361,0.142017
522.187500,0.113008,0.005470,0.142307
522.656250,0.108379,0.005574,0.142577
523.125000,0.103761,0.005674,0.142829
523.593750,0.099161,0.005768,0.143063
524.062500,0.094586,0.005858,0.143279
524.531250,0.090041,0.005943,0.143478
525.000000,0.085534,0.006023,0.143659
525.468750,0.081070,0.006098,0.143824
525.937500,0.076656,0.006169,0.143973
526.406250,0.072297,0.006236,0.144106
526.875000,0.068000,0.006297,0.144225
527.343750,0.063768,0.006355,0.144328
527.812500,0.059609,0.006408,0.144418
528.281250,0.055527,0.006457,0.144495
528.750000,0.051526,0.006502,0.144558
529.218750,0.047611,0.006544,0.144610
529.687500,0.043787,0.006581,0.144649
530.156250,0.040056,0.006614,0.144678
530.625000,0.036423,0.006644,0.144695
531.093750,0.032890,0.006670,0.144703
531.562500,0.029462,0.006692,0.144701
532.031250,0.026140,0.006712,0.144689
532.500000,0.022927,0.006728,0.144669
532.968750,0.019826,0.006741,0.144640
533.437500,0.016837,0.006751,0.144603
533.906250,0.013962,0.006758,0.144558
534.375000,0.011203,0.006762,0.144505
534.843750,0.008559,0.006764,0.144445
535.312500,0.006033,0.006763,0.144377
535.781250,0.003623,0.006760,0.144302
536.250000,0.001330,0.006755,0.144220
536.718750,-0.000846,0.006747,0.144131
537.187500,-0.002905,0.006738,0.144034
537.656250,-0.004849,0.006727,0.143930
538.125000,-0.006677,0.006713,0.143819
538.593750,-0.008392,0.006699,0.143699
539.062500,-0.009995,0.006682,0.143572
539.531250,-0.011486,0.006665,0.143436
540.000000,-0.012869,0.006646,0.143292
540.468750,-0.014144,0.006625,0.143139
540.937500,-0.015315,0.006604,0.142977
541.406250,-0.016382,0.006582,0.142805
541.875000,-0.017348,0.006558,0.142623
542.343750,-0.018215,0.006534,0.142431
542.812500,-0.018987,0.006509,0.142228
543.281250,-0.019665,0.006484,0.142014
543.750000,-0.020252,0.006458,0.141788
544.218750,-0.020750,0.006432,0.141550
544.687500,-0.021163,0.006405,0.141300
545.156250,-0.021494,0.006378,0.141038
545.625000,-0.021745,0.006351,0.140762
546.093750,-0.021920,0.006324,0.140473
546.562500,-0.022020,0.006297,0.140170
547.031250,-0.022051,0.006269,0.139853
547.500000,-0.022013,0.006242,0.139521
547.968750,-0.021910,0.006215,0.139176
548.437500,-0.021746,0.006188,0.138815
548.906250,-0.021523,0.006162,0.138440
549.375000,-0.021244,0.006136,0.138050
549.843750,-0.020913,0.006110,0.137644
550.312500,-0.020533,0.006084,0.137223
550.781250,-0.020106,0.006059,0.136786
551.250000,-0.019636,0.006035,0.136334
551.718750,-0.019127,0.006011,0.135866
552.187500,-0.018580,0.005987,0.135383
552.656250,-0.018000,0.005965,0.134884
553.125000,-0.017389,0.005943,0.134370
553.593750,-0.016751,0.005921,0.133839
554.062500,-0.016089,0.005900,0.133293
554.531250,-0.015405,0.005880,0.132732
555.000000,-0.014704,0.005860,0.132154
555.468750,-0.013988,0.005842,0.131562
555.937500,-0.013260,0.005824,0.130953
556.406250,-0.012525,0.005806,0.130330
556.875000,-0.011785,0.005790,0.129690
557.343750,-0.011044,0.005774,0.129036
557.812500,-0.010304,0.005759,0.128366
558.281250,-0.009570,0.005744,0.127681
558.750000,-0.008845,0.005731,0.126981
559.218750,-0.008131,0.005718,0.126266
559.687500,-0.007433,0.005705,0.125536
560.156250,-0.006753,0.005694,0.124791
560.625000,-0.006095,0.005683,0.124031
561.093750,-0.005462,0.005672,0.123256
561.562500,-0.004859,0.005662,0.122466
562.031250,-0.004288,0.005653,0.121661
562.500000,-0.003753,0.005644,0.120841
562.968750,-0.003257,0.005636,0.120007
563.437500,-0.002804,0.005628,0.119157
563.906250,-0.002396,0.005621,0.118293
564.375000,-0.002037,0.005614,0.117413
564.843750,-0.001730,0.005607,0.116519
565.312500,-0.001478,0.005600,0.115609
565.781250,-0.001285,0.005594,0.114685
566.250000,-0.001154,0.005588,0.113745
566.718750,-0.001087,0.005582,0.112790
567.187500,-0.001087,0.005575,0.111819
567.656250,-0.001158,0.005569,0.110834
568.125000,-0.001302,0.005563,0.109832
568.593750,-0.001520,0.005556,0.108815
569.062500,-0.001817,0.005550,0.107781
569.531250,-0.002194,0.005542,0.106732
570.000000,-0.002653,0.005535,0.105667
570.468750,-0.003197,0.005527,0.104585
570.937500,-0.003827,0.005518,0.103487
571.406250,-0.004545,0.005509,0.102372
571.875000,-0.005353,0.005499,0.101240
572.343750,-0.006252,0.005488,0.100092
572.812500,-0.007244,0.005477,0.098926
573.281250,-0.008329,0.005464,0.097743
573.750000,-0.009509,0.005451,0.096542
574.218750,-0.010784,0.005436,0.095323
574.687500,-0.012155,0.005420,0.094087
575.156250,-0.013623,0.005402,0.092832
575.625000,-0.015188,0.005384,0.091559
576.093750,-0.016849,0.005364,0.090268
576.562500,-0.018608,0.005342,0.088958
577.031250,-0.020463,0.005318,0.087629
577.500000,-0.022415,0.005293,0.086282
577.968750,-0.024462,0.005266,0.084915
578.437500,-0.026605,0.005238,0.083529
578.906250,-0.028842,0.005207,0.082123
579.375000,-0.031172,0.005174,0.080698
579.843750,-0.033595,0.005139,0.079254
580.312500,-0.036108,0.005102,0.077789
580.781250,-0.038711,0.005063,0.076305
581.250000,-0.041402,0.005021,0.074801
581.718750,-0.044179,0.004977,0.073277
582.187500,-0.047042,0.004930,0.071733
582.656250,-0.049986,0.004881,0.070168
583.125000,-0.053012,0.004829,0.068584
583.593750,-0.056116,0.004774,0.066980
584.062500,-0.059296,0.004717,0.065355
584.531250,-0.062550,0.004657,0.063711
585.000000,-0.065876,0.004594,0.062046
585.468750,-0.069270,0.004528,0.060362
585.937500,-0.072731,0.004460,0.058658
586.406250,-0.076256,0.004388,0.056934
586.875000,-0.079841,0.004313,0.055191
587.343750,-0.083485,0.004235,0.053429
587.812500,-0.087184,0.004154,0.051647
588.281250,-0.090936,0.004070,0.049846
588.750000,-0.094736,0.003982,0.048027
589.218750,-0.098582,0.003891,0.046189
589.687500,-0.102471,0.003797,0.044333
590.156250,-0.106399,0.003700,0.042459
590.625000,-0.110364,0.003599,0.040568
591.093750,-0.114361,0.003495,0.038660
591.562500,-0.118388,0.003388,0.036734
592.031250,-0.122440,0.003277,0.034793
592.500000,-0.126514,0.003163,0.032835
592.968750,-0.130608,0.003045,0.030862
593.437500,-0.134715,0.002924,0.028875
593.906250,-0.138834,0.002800,0.026872
594.375000,-0.142959,0.002672,0.024856
594.843750,-0.147088,0.002541,0.022827
595.312500,-0.151214,0.002407,0.020785
595.781250,-0.155336,0.002269,0.018730
596.250000,-0.159447,0.002128,0.016665
596.718750,-0.163544,0.001983,0.014588
597.187500,-0.167622,0.001835,0.012502
597.656250,-0.171676,0.001684,0.010406
598.125000,-0.175702,0.001530,0.008301
598.593750,-0.179694,0.001372,0.006189
599.062500,-0.183647,0.001211,0.004070
599.531250,-0.187556,0.001047,0.001945
600.000000,-0.191414,0.000880,-0.000186
600.468750,-0.195216,0.000711,-0.002321
600.937500,-0.198955,0.000538,-0.004460
601.406250,-0.202625,0.000362,-0.006601
601.875000,-0.206219,0.000183,-0.008744
602.343750,-0.209731,0.000002,-0.010887
602.812500,-0.213152,-0.000182,-0.013031
603.281250,-0.216476,-0.000368,-0.015172
603.750000,-0.219694,-0.000557,-0.017312
604.218750,-0.222797,-0.000748,-0.019447
604.687500,-0.225776,-0.000942,-0.021578
605.156250,-0.228622,-0.001138,-0.023704
605.625000,-0.231326,-0.001335,-0.025822
606.093750,-0.233876,-0.001535,-0.027932
606.562500,-0.236263,-0.001736,-0.030033
607.031250,-0.238474,-0.001938,-0.032123
607.500000,-0.240499,-0.002142,-0.034201
607.968750,-0.242326,-0.002348,-0.036266
608.437500,-0.243940,-0.002554,-0.038316
608.906250,-0.245330,-0.002761,-0.040350
609.375000,-0.246482,-0.002969,-0.042366
609.843750,-0.247382,-0.003177,-0.044363
610.312500,-0.248014,-0.003386,-0.046340
610.781250,-0.248364,-0.003594,-0.048294
611.250000,-0.248417,-0.003802,-0.050225
611.718750,-0.248157,-0.004009,-0.052130
612.187500,-0.247567,-0.004216,-0.054008
612.656250,-0.246633,-0.004421,-0.055857
613.125000,-0.245336,-0.004625,-0.057676
613.593750,-0.243662,-0.004828,-0.059461
614.062500,-0.241594,-0.005028,-0.061212
614.531250,-0.239115,-0.005225,-0.062926
615.000000,-0.236210,-0.005420,-0.064602
615.468750,-0.232862,-0.005612,-0.066237
615.937500,-0.229057,-0.005800,-0.067829
616.406250,-0.224780,-0.005985,-0.069377
616.875000,-0.220018,-0.006165,-0.070877
617.343750,-0.214756,-0.006340,-0.072328
617.812500,-0.208985,-0.006510,-0.073726
618.281250,-0.202693,-0.006675,-0.075071
618.750000,-0.195872,-0.006833,-0.076360
619.218750,-0.188513,-0.006985,-0.077590
619.687500,-0.180612,-0.007131,-0.078758
620.156250,-0.172164,-0.007269,-0.079864
620.625000,-0.163167,-0.007399,-0.080903
621.093750,-0.153622,-0.007521,-0.081875
621.562500,-0.143531,-0.007634,-0.082776
622.031250,-0.132898,-0.007739,-0.083604
622.500000,-0.121732,-0.007834,-0.084357
622.968750,-0.110041,-0.007919,-0.085034
623.437500,-0.097837,-0.007994,-0.085631
623.906250,-0.085135,-0.008058,-0.086147
624.375000,-0.071952,-0.008111,-0.086580
624.843750,-0.058306,-0.008152,-0.086929
625.312500,-0.044220,-0.008182,-0.087190
625.781250,-0.029717,-0.008200,-0.087364
626.250000,-0.014821,-0.008205,-0.087448
626.718750,0.000439,-0.008198,-0.087441
627.187500,0.016034,-0.008178,-0.087343
627.656250,0.031934,-0.008145,-0.087151
628.125000,0.048107,-0.008099,-0.086866
628.593750,0.064520,-0.008039,-0.086486
629.062500,0.081139,-0.007966,-0.086011
629.531250,0.097930,-0.007879,-0.085442
630.000000,0.114858,-0.007778,-0.084776
630.468750,0.131888,-0.007663,-0.084016
630.937500,0.148985,-0.007534,-0.083160
631.406250,0.166114,-0.007392,-0.082209
631.875000,0.183240,-0.007236,-0.081165
632.343750,0.200330,-0.007066,-0.080027
632.812500,0.217351,-0.006883,-0.078796
633.281250,0.234270,-0.006686,-0.077473
633.750000,0.251057,-0.006475,-0.076060
634.218750,0.267681,-0.006252,-0.074558
634.687500,0.284115,-0.006015,-0.072968
635.156250,0.300330,-0.005766,-0.071292
635.625000,0.316302,-0.005503,-0.069531
636.093750,0.332007,-0.005229,-0.067687
636.562500,0.347421,-0.004943,-0.065763
637.031250,0.362525,-0.004644,-0.063760
637.500000,0.377298,-0.004335,-0.061681
637.968750,0.391724,-0.004014,-0.059526
638.437500,0.405787,-0.003682,-0.057299
638.906250,0.419473,-0.003339,-0.055003
639.375000,0.432770,-0.002987,-0.052638
639.843750,0.445667,-0.002624,-0.050208
640.312500,0.458155,-0.002253,-0.047715
640.781250,0.470228,-0.001872,-0.045161
641.250000,0.481880,-0.001482,-0.042549
641.718750,0.493106,-0.001083,-0.039881
642.187500,0.503904,-0.000677,-0.037160
642.656250,0.514273,-0.000263,-0.034387
643.125000,0.524212,0.000158,-0.031567
643.593750,0.533724,0.000586,-0.028700
644.062500,0.542809,0.001021,-0.025789
644.531250,0.551474,0.001462,-0.022836
645.000000,0.559721,0.001909,-0.019844
645.468750,0.567557,0.002362,-0.016815
645.937500,0.574990,0.002819,-0.013752
646.406250,0.582026,0.003282,-0.010655
646.875000,0.588673,0.003749,-0.007528
647.343750,0.594942,0.004221,-0.004371
647.812500,0.600841,0.004696,-0.001188
648.281250,0.606380,0.005175,0.002020
648.750000,0.611571,0.005657,0.005251
649.218750,0.616423,0.006143,0.008504
649.687500,0.620949,0.006631,0.011777
650.156250,0.625160,0.007122,0.015068
650.625000,0.629067,0.007615,0.018376
651.093750,0.632683,0.008111,0.021700
651.562500,0.636019,0.008608,0.025038
652.031250,0.639088,0.009107,0.028389
652.500000,0.641902,0.009607,0.031751
652.968750,0.644472,0.010108,0.035125
653.437500,0.646810,0.010611,0.038508
653.906250,0.648929,0.011114,0.041901
654.375000,0.650839,0.011618,0.045301
654.843750,0.652552,0.012123,0.048709
655.312500,0.654078,0.012628,0.052123
655.781250,0.655430,0.013133,0.055544
656.250000,0.656616,0.013639,0.058969
656.718750,0.657648,0.014144,0.062400
657.187500,0.658535,0.014650,0.065836
657.656250,0.659288,0.015155,0.069276
658.125000,0.659915,0.015660,0.072720
658.593750,0.660426,0.016164,0.076167
659.062500,0.660829,0.016669,0.079618
659.531250,0.661132,0.017172,0.083073
660.000000,0.661344,0.017675,0.086532
660.468750,0.661472,0.018177,0.089993
660.937500,0.661523,0.018679,0.093459
661.406250,0.661505,0.019179,0.096928
661.875000,0.661424,0.019679,0.100401
662.343750,0.661286,0.020178,0.103877
662.812500,0.661099,0.020676,0.107358
663.281250,0.660866,0.021173,0.110844
663.750000,0.660595,0.021669,0.114334
664.218750,0.660290,0.022164,0.117829
664.687500,0.659955,0.022658,0.121330
665.156250,0.659597,0.023151,0.124836
665.625000,0.659218,0.023643,0.128348
666.093750,0.658823,0.024134,0.131868
666.562500,0.658416,0.024624,0.135394
667.031250,0.658000,0.025112,0.138927
667.500000,0.657579,0.025600,0.142469
667.968750,0.657156,0.026087,0.146019
668.437500,0.656735,0.026572,0.149578
668.906250,0.656317,0.027056,0.153147
669.375000,0.655905,0.027540,0.156725
669.843750,0.655502,0.028022,0.160314
670.312500,0.655110,0.028503,0.163914
670.781250,0.654730,0.028984,0.167526
671.250000,0.654365,0.029463,0.171150
671.718750,0.654017,0.029941,0.174786
672.187500,0.653686,0.030418,0.178436
672.656250,0.653374,0.030895,0.182099
673.125000,0.653083,0.031370,0.185777
673.593750,0.652813,0.031844,0.189469
674.062500,0.652565,0.032318,0.193177
674.531250,0.652341,0.032790,0.196900
675.000000,0.652140,0.033262,0.200640
675.468750,0.651963,0.033733,0.204396
675.937500,0.651812,0.034203,0.208170
676.406250,0.651685,0.034672,0.211961
676.875000,0.651583,0.035141,0.215771
677.343750,0.651507,0.035608,0.219599
677.812500,0.651456,0.036075,0.223446
678.281250,0.651430,0.036541,0.227312
678.750000,0.651429,0.037007,0.231199
679.218750,0.651452,0.037471,0.235105
679.687500,0.651499,0.037936,0.239032
680.156250,0.651569,0.038399,0.242980
680.625000,0.651662,0.038862,0.246949
681.093750,0.651777,0.039324,0.250939
681.562500,0.651913,0.039786,0.254951
682.031250,0.652069,0.040247,0.258985
682.500000,0.652243,0.040707,0.263041
682.968750,0.652435,0.041167,0.267119
683.437500,0.652644,0.041627,0.271220
683.906250,0.652868,0.042086,0.275343
684.375000,0.653105,0.042544,0.279490
684.843750,0.653354,0.043002,0.283659
685.312500,0.653613,0.043459,0.287850
685.781250,0.653882,0.043916,0.292065
686.250000,0.654157,0.044373,0.296303
686.718750,0.654438,0.044829,0.300563
687.187500,0.654722,0.045284,0.304846
687.656250,0.655008,0.045739,0.309152
688.125000,0.655293,0.046194,0.313480
688.593750,0.655576,0.046648,0.317830
689.062500,0.655855,0.047101,0.322203
689.531250,0.656129,0.047554,0.326597
690.000000,0.656394,0.048007,0.331012
690.468750,0.656650,0.048459,0.335449
690.937500,0.656895,0.048911,0.339907
691.406250,0.657127,0.049362,0.344385
691.875000,0.657345,0.049813,0.348882
692.343750,0.657547,0.050263,0.353399
692.812500,0.657732,0.050713,0.357935
693.281250,0.657899,0.051162,0.362489
693.750000,0.658046,0.051610,0.367061
694.218750,0.658175,0.052058,0.371649
694.687500,0.658282,0.052506,0.376254
695.156250,0.658370,0.052953,0.380873
695.625000,0.658436,0.053399,0.385508
696.093750,0.658482,0.053844,0.390155
696.562500,0.658508,0.054289,0.394816
697.031250,0.658514,0.054733,0.399487
697.500000,0.658502,0.055177,0.404170
697.968750,0.658471,0.055620,0.408861
698.437500,0.658424,0.056062,0.413561
698.906250,0.658362,0.056504,0.418268
699.375000,0.658287,0.056945,0.422980
699.843750,0.658201,0.057385,0.427697
700.312500,0.658106,0.057824,0.432416
700.781250,0.658004,0.058263,0.437137
701.250000,0.657898,0.058701,0.441857
701.718750,0.657791,0.059138,0.446576
702.187500,0.657685,0.059575,0.451291
702.656250,0.657582,0.060011,0.456000
703.125000,0.657486,0.060446,0.460702
703.593750,0.657400,0.060880,0.465395
704.062500,0.657327,0.061314,0.470077
704.531250,0.657270,0.061747,0.474746
705.000000,0.657232,0.062180,0.479399
705.468750,0.657215,0.062612,0.484035
705.937500,0.657224,0.063043,0.488651
706.406250,0.657260,0.063473,0.493245
706.875000,0.657327,0.063903,0.497815
707.343750,0.657428,0.064333,0.502357
707.812500,0.657564,0.064762,0.506870
708.281250,0.657739,0.065190,0.511352
708.750000,0.657954,0.065618,0.515799
709.218750,0.658214,0.066046,0.520209
709.687500,0.658519,0.066473,0.524579
710.156250,0.658873,0.066900,0.528908
710.625000,0.659277,0.067326,0.533191
711.093750,0.659733,0.067752,0.537427
711.562500,0.660243,0.068178,0.541614
712.031250,0.660809,0.068604,0.545748
712.500000,0.661432,0.069030,0.549827
712.968750,0.662114,0.069455,0.553848
713.437500,0.662855,0.069881,0.557810
713.906250,0.663658,0.070306,0.561710
714.375000,0.664522,0.070731,0.565546
714.843750,0.665450,0.071157,0.569316
715.312500,0.666442,0.071582,0.573017
715.781250,0.667498,0.072008,0.576648
716.250000,0.668619,0.072434,0.580208
716.718750,0.669804,0.072860,0.583694
717.187500,0.671053,0.073286,0.587106
717.656250,0.672365,0.073713,0.590441
718.125000,0.673738,0.074140,0.593700
718.593750,0.675172,0.074567,0.596880
719.062500,0.676664,0.074995,0.599982
719.531250,0.678213,0.075424,0.603004
720.000000,0.679816,0.075853,0.605947
720.468750,0.681470,0.076282,0.608809
720.937500,0.683171,0.076712,0.611591
721.406250,0.684914,0.077143,0.614293
721.875000,0.686695,0.077574,0.616916
722.343750,0.688506,0.078006,0.619458
722.812500,0.690342,0.078439,0.621922
723.281250,0.692196,0.078873,0.624307
723.750000,0.694060,0.079307,0.626614
724.218750,0.695927,0.079742,0.628844
724.687500,0.697789,0.080177,0.630999
725.156250,0.699637,0.080613,0.633079
725.625000,0.701463,0.081050,0.635085
726.093750,0.703257,0.081488,0.637018
726.562500,0.705011,0.081926,0.638881
727.031250,0.706714,0.082365,0.640673
727.500000,0.708359,0.082804,0.642398
727.968750,0.709938,0.083244,0.644055
728.437500,0.711442,0.083684,0.645647
728.906250,0.712865,0.084125,0.647175
729.375000,0.714202,0.084566,0.648641
729.843750,0.715450,0.085007,0.650046
730.312500,0.716604,0.085448,0.651392
730.781250,0.717664,0.085890,0.652681
731.250000,0.718627,0.086331,0.653914
731.718750,0.719495,0.086773,0.655093
732.187500,0.720269,0.087214,0.656220
732.656250,0.720950,0.087656,0.657296
733.125000,0.721542,0.088097,0.658324
733.593750,0.722049,0.088538,0.659305
734.062500,0.722477,0.088978,0.660241
734.531250,0.722831,0.089418,0.661133
735.000000,0.723117,0.089858,0.661984
735.468750,0.723341,0.090297,0.662796
735.937500,0.723509,0.090736,0.663569
736.406250,0.723628,0.091174,0.664307
736.875000,0.723702,0.091612,0.665010
737.343750,0.723736,0.092049,0.665681
737.812500,0.723734,0.092486,0.666321
738.281250,0.723701,0.092922,0.666932
738.750000,0.723640,0.093357,0.667516
739.218750,0.723554,0.093792,0.668074
739.687500,0.723446,0.094226,0.668607
740.156250,0.723317,0.094659,0.669119
740.625000,0.723170,0.095091,0.669609
741.093750,0.723006,0.095523,0.670079
741.562500,0.722826,0.095954,0.670531
742.031250,0.722629,0.096385,0.670966
742.500000,0.722416,0.096815,0.671386
742.968750,0.722187,0.097243,0.671791
743.437500,0.721942,0.097672,0.672182
743.906250,0.721679,0.098099,0.672561
744.375000,0.721399,0.098526,0.672928
744.843750,0.721102,0.098951,0.673285
745.312500,0.720786,0.099377,0.673633
745.781250,0.720453,0.099801,0.673971
746.250000,0.720101,0.100224,0.674302
746.718750,0.719730,0.100647,0.674625
747.187500,0.719341,0.101068,0.674942
747.656250,0.718933,0.101489,0.675253
748.125000,0.718505,0.101909,0.675558
748.593750,0.718058,0.102329,0.675858
749.062500,0.717592,0.102747,0.676154
749.531250,0.717107,0.103164,0.676445
750.000000,0.716603,0.103581,0.676733
750.468750,0.716081,0.103996,0.677017
750.937500,0.715540,0.104411,0.677299
751.406250,0.714982,0.104824,0.677577
751.875000,0.714407,0.105237,0.677853
752.343750,0.713815,0.105649,0.678127
752.812500,0.713206,0.106060,0.678398
753.281250,0.712581,0.106470,0.678668
753.750000,0.711941,0.106878,0.678935
754.218750,0.711284,0.107286,0.679201
754.687500,0.710613,0.107693,0.679464
755.156250,0.709927,0.108099,0.679727
755.625000,0.709227,0.108504,0.679987
756.093750,0.708513,0.108907,0.680246
756.562500,0.707786,0.109310,0.680503
757.031250,0.707045,0.109712,0.680758
757.500000,0.706292,0.110112,0.681012
757.968750,0.705526,0.110512,0.681264
758.437500,0.704747,0.110911,0.681514
758.906250,0.703957,0.111308,0.681762
759.375000,0.703154,0.111705,0.682008
759.843750,0.702340,0.112100,0.682252
760.312500,0.701514,0.112494,0.682494
760.781250,0.700677,0.112887,0.682733
761.250000,0.699828,0.113279,0.682970
761.718750,0.698969,0.113670,0.683204
762.187500,0.698099,0.114060,0.683436
762.656250,0.697217,0.114449,0.683664
763.125000,0.696326,0.114837,0.683889
763.593750,0.695423,0.115223,0.684111
764.062500,0.694510,0.115609,0.684330
764.531250,0.693587,0.115993,0.684544
765.000000,0.692653,0.116376,0.684755
765.468750,0.691709,0.116758,0.684962
765.937500,0.690755,0.117139,0.685165
766.406250,0.689790,0.117519,0.685364
766.875000,0.688816,0.117897,0.685558
767.343750,0.687832,0.118275,0.685747
767.812500,0.686838,0.118651,0.685931
768.281250,0.685834,0.119026,0.686110
768.750000,0.684821,0.119400,0.686284
769.218750,0.683798,0.119773,0.686453
769.687500,0.682766,0.120145,0.686615
770.156250,0.681724,0.120515,0.686773
770.625000,0.680673,0.120884,0.686924
771.093750,0.679613,0.121252,0.687069
771.562500,0.678544,0.121619,0.687207
772.031250,0.677466,0.121985,0.687340
772.500000,0.676380,0.122349,0.687465
772.968750,0.675285,0.122713,0.687584
773.437500,0.674181,0.123075,0.687696
773.906250,0.673069,0.123436,0.687802
774.375000,0.671948,0.123795,0.687900
774.843750,0.670820,0.124154,0.687991
775.312500,0.669683,0.124511,0.688074
775.781250,0.668538,0.124867,0.688151
776.250000,0.667386,0.125222,0.688220
776.718750,0.666226,0.125576,0.688281
777.187500,0.665059,0.125928,0.688335
777.656250,0.663884,0.126279,0.688381
778.125000,0.662703,0.126629,0.688420
778.593750,0.661513,0.126978,0.688451
779.062500,0.660317,0.127325,0.688474
779.531250,0.659114,0.127671,0.688490
780.000000,0.657905,0.128016,0.688497
780.468750,0.656688,0.128360,0.688498
780.937500,0.655465,0.128703,0.688490
781.406250,0.654235,0.129044,0.688475
781.875000,0.653000,0.129384,0.688452
782.343750,0.651758,0.129723,0.688422
782.812500,0.650509,0.130060,0.688385
783.281250,0.649255,0.130396,0.688340
783.750000,0.647995,0.130731,0.688287
784.218750,0.646728,0.131065,0.688228
784.687500,0.645456,0.131398,0.688161
785.156250,0.644178,0.131729,0.688087
785.625000,0.642895,0.132059,0.688006
786.093750,0.641606,0.132388,0.687918
786.562500,0.640311,0.132715,0.687823
787.031250,0.639011,0.133041,0.687722
787.500000,0.637706,0.133366,0.687613
787.968750,0.636395,0.133690,0.687498
788.437500,0.635080,0.134012,0.687377
788.906250,0.633759,0.134334,0.687249
789.375000,0.632433,0.134653,0.687114
789.843750,0.631102,0.134972,0.686973
790.312500,0.629766,0.135290,0.686825
790.781250,0.628425,0.135606,0.686671
791.250000,0.627080,0.135920,0.686511
791.718750,0.625730,0.136234,0.686344
792.187500,0.624376,0.136546,0.686170
792.656250,0.623017,0.136857,0.685990
793.125000,0.621655,0.137167,0.685804
793.593750,0.620288,0.137476,0.685610
794.062500,0.618917,0.137783,0.685410
794.531250,0.617542,0.138089,0.685203
795.000000,0.616163,0.138394,0.684989
795.468750,0.614781,0.138697,0.684768
795.937500,0.613395,0.138999,0.684540
796.406250,0.612007,0.139300,0.684305
796.875000,0.610615,0.139600,0.684061
797.343750,0.609220,0.139898,0.683810
797.812500,0.607823,0.140195,0.683551
798.281250,0.606424,0.140491,0.683284
798.750000,0.605022,0.140786,0.683008
799.218750,0.603619,0.141079,0.682724
799.687500,0.602214,0.141371,0.682431
800.156250,0.600807,0.141662,0.682128
800.625000,0.599400,0.141951,0.681816
801.093750,0.597992,0.142239,0.681495
801.562500,0.596584,0.142527,0.681163
802.031250,0.595175,0.142812,0.680821
802.500000,0.593767,0.143097,0.680469
802.968750,0.592360,0.143380,0.680106
803.437500,0.590954,0.143662,0.679731
803.906250,0.589550,0.143943,0.679345
804.375000,0.588147,0.144222,0.678947
804.843750,0.586748,0.144501,0.678537
805.312500,0.585351,0.144778,0.678115
805.781250,0.583958,0.145054,0.677680
806.250000,0.582569,0.145328,0.677232
806.718750,0.581185,0.145602,0.676770
807.187500,0.579806,0.145874,0.676295
807.656250,0.578433,0.146145,0.675806
808.125000,0.577066,0.146415,0.675302
808.593750,0.575707,0.146683,0.674784
809.062500,0.574356,0.146951,0.674251
809.531250,0.573013,0.147217,0.673703
810.000000,0.571680,0.147482,0.673140
810.468750,0.570357,0.147746,0.672561
810.937500,0.569045,0.148009,0.671967
811.406250,0.567744,0.148271,0.671357
811.875000,0.566457,0.148531,0.670731
812.343750,0.565183,0.148791,0.670088
812.812500,0.563923,0.149049,0.669430
813.281250,0.562678,0.149306,0.668755
813.750000,0.561450,0.149563,0.668065
814.218750,0.560239,0.149818,0.667358
814.687500,0.559046,0.150072,0.666635
815.156250,0.557872,0.150325,0.665897
815.625000,0.556717,0.150577,0.665143
816.093750,0.555584,0.150827,0.664374
816.562500,0.554472,0.151077,0.663590
817.031250,0.553383,0.151326,0.662791
817.500000,0.552318,0.151574,0.661978
817.968750,0.551277,0.151821,0.661152
818.437500,0.550262,0.152068,0.660313
818.906250,0.549272,0.152313,0.659461
819.375000,0.548310,0.152557,0.658597
819.843750,0.547375,0.152800,0.657721
820.312500,0.546469,0.153043,0.656835
820.781250,0.545591,0.153285,0.655939
821.250000,0.544743,0.153526,0.655033
821.718750,0.543925,0.153766,0.654119
822.187500,0.543137,0.154005,0.653196
822.656250,0.542380,0.154244,0.652266
823.125000,0.541653,0.154481,0.651329
823.593750,0.540957,0.154718,0.650386
824.062500,0.540292,0.154955,0.649437
824.531250,0.539657,0.155191,0.648483
825.000000,0.539052,0.155426,0.647525
825.468750,0.538477,0.155660,0.646562
825.937500,0.537930,0.155894,0.645595
826.406250,0.537411,0.156127,0.644625
826.875000,0.536920,0.156360,0.643652
827.343750,0.536454,0.156592,0.642677
827.812500,0.536012,0.156823,0.641699
828.281250,0.535594,0.157054,0.640720
828.750000,0.535197,0.157285,0.639738
829.218750,0.534819,0.157515,0.638755
829.687500,0.534458,0.157744,0.637771
830.156250,0.534112,0.157973,0.636785
830.625000,0.533778,0.158201,0.635799
831.093750,0.533454,0.158429,0.634812
831.562500,0.533137,0.158657,0.633824
832.031250,0.532824,0.158884,0.632835
832.500000,0.532511,0.159110,0.631846
832.968750,0.532196,0.159337,0.630856
833.437500,0.531874,0.159562,0.629867
833.906250,0.531543,0.159787,0.628876
834.375000,0.531198,0.160012,0.627886
834.843750,0.530835,0.160236,0.626895
835.312500,0.530451,0.160460,0.625903
835.781250,0.530041,0.160683,0.624912
836.250000,0.529601,0.160906,0.623919
836.718750,0.529127,0.161128,0.622927
837.187500,0.528615,0.161349,0.621933
837.656250,0.528060,0.161570,0.620939
838.125000,0.527458,0.161791,0.619944
838.593750,0.526805,0.162010,0.618948
839.062500,0.526096,0.162229,0.617951
839.531250,0.525327,0.162447,0.616952
